input_len,num_samples,num,epoch,ensemble,smape,mase*
18,113k,2,1,False,13.377541983249039,2.6997147385607696
18,113k,2,1,True,13.377541983249039,2.6997147385607696
18,113k,2,2,False,13.2591853818467,2.6792632956139992
18,113k,2,2,True,13.279658324273738,2.683186847612029
18,113k,2,3,False,13.26239496079644,2.681155783751384
18,113k,2,3,True,13.262563373176356,2.680034144706553
18,113k,2,4,False,13.666807955627792,2.7386328361553263
18,113k,2,4,True,13.281175878751242,2.6840743075633955
18,113k,2,5,False,14.197781475946393,2.851103912338698
18,113k,2,5,True,13.315308858585858,2.693213421366786
18,113k,2,6,False,13.33139408066952,2.7201250428966537
18,113k,2,6,True,13.285056850486198,2.69369259152252
18,113k,2,7,False,13.520773889733032,2.717635030479964
18,113k,2,7,True,13.322003382979341,2.698109964098248
18,113k,2,8,False,15.319654697995956,3.105706523790879
18,113k,2,8,True,13.321640185970184,2.7006712829851143
18,113k,2,9,False,13.557695202890756,2.7554681353824853
18,113k,2,9,True,13.348637030650812,2.705617999930812
18,113k,2,10,False,13.452184860398216,2.7456716963150893
18,113k,2,10,True,13.348120447922717,2.709076557202688
18,113k,2,11,False,13.478548815151491,2.7031631109717886
18,113k,2,11,True,13.34825963105098,2.705620597236589
18,113k,2,12,False,13.689532497000316,2.820122715417369
18,113k,2,12,True,13.357463209568154,2.7112338334495787
18,113k,2,13,False,13.53080310181973,2.7679096047312237
18,113k,2,13,True,13.367888785456426,2.7159919081868207
18,113k,2,14,False,13.563101295210325,2.718328469633239
18,113k,2,14,True,13.360383846176788,2.710860477065085
18,113k,2,15,False,13.53324589499801,2.7840809417740098
18,113k,2,15,True,13.365149077389127,2.7155989503652114
18,113k,0,1,False,13.462278134971209,2.7276239465442553
18,113k,0,1,True,13.462278134971209,2.7276239465442553
18,113k,0,2,False,13.27647443949941,2.681252487287465
18,113k,0,2,True,13.301467017165319,2.689268387687438
18,113k,0,3,False,13.613786857964397,2.815314377404625
18,113k,0,3,True,13.362794483168198,2.7241050609949786
18,113k,0,4,False,13.777327648320869,2.7803848270693674
18,113k,0,4,True,13.39626705813958,2.7296366804846723
18,113k,0,5,False,14.07645569017753,2.8305154821396084
18,113k,0,5,True,13.4393662073243,2.7377735708301634
18,113k,0,6,False,13.399812852781197,2.739682193465833
18,113k,0,6,True,13.381910142490492,2.7301882753590827
18,113k,0,7,False,13.72955219202858,2.8140596775235234
18,113k,0,7,True,13.448910601435529,2.744897836512901
18,113k,0,8,False,15.383534483968807,3.1209328420257307
18,113k,0,8,True,13.457146070809253,2.7493742262182774
18,113k,0,9,False,13.380251701029707,2.689001241601535
18,113k,0,9,True,13.441205530382547,2.7393857132960724
18,113k,0,10,False,13.306520830656696,2.686548460990226
18,113k,0,10,True,13.395028160922163,2.7261700768312225
18,113k,0,11,False,13.756779789904979,2.7595186475624947
18,113k,0,11,True,13.426663661155953,2.732245383319626
18,113k,0,12,False,13.42975525038047,2.7315473670462467
18,113k,0,12,True,13.408230316107675,2.7282251915544045
18,113k,0,13,False,13.524997087131009,2.749348864948477
18,113k,0,13,True,13.406182959424266,2.7262774298756054
18,113k,0,14,False,13.639057248775531,2.7600190235647855
18,113k,0,14,True,13.428408232232421,2.7309691655964645
18,113k,0,15,False,13.30023564497056,2.7141156339404424
18,113k,0,15,True,13.405124844952017,2.7269965875054685
18,113k,1,1,False,13.404860297693507,2.694376178699018
18,113k,1,1,True,13.404860297693507,2.694376178699018
18,113k,1,2,False,13.707196198987406,2.814807424830878
18,113k,1,2,True,13.47954946386167,2.740501026090266
18,113k,1,3,False,13.5297576645282,2.7305247645593784
18,113k,1,3,True,13.485791080797377,2.7301953278680786
18,113k,1,4,False,13.964619792257238,2.824405622721431
18,113k,1,4,True,13.514355178322745,2.7443456544532223
18,113k,1,5,False,14.214579512160192,2.8780725504095495
18,113k,1,5,True,13.54388267264498,2.754967821060967
18,113k,1,6,False,13.261288715312501,2.688011523143502
18,113k,1,6,True,13.44413299190817,2.733068161805686
18,113k,1,7,False,13.459329620168068,2.717223998684374
18,113k,1,7,True,13.434994066567768,2.7242082129962166
18,113k,1,8,False,14.863994448922934,2.972051233471472
18,113k,1,8,True,13.432571220866272,2.7253328577566833
18,113k,1,9,False,13.685251014156009,2.7787146443310116
18,113k,1,9,True,13.47134270077919,2.7340763638912327
18,113k,1,10,False,13.526039744552275,2.7705687281980675
18,113k,1,10,True,13.468868970822282,2.739163332650275
18,113k,1,11,False,13.558602386977185,2.7376756466542447
18,113k,1,11,True,13.461558476858293,2.734783891900513
18,113k,1,12,False,13.575055625528002,2.7836377134759474
18,113k,1,12,True,13.466457631325117,2.7407547752676713
18,113k,1,13,False,13.472051025546751,2.7491739917352054
18,113k,1,13,True,13.46328014296226,2.7425434824452166
18,113k,1,14,False,13.475845647255555,2.717214866397779
18,113k,1,14,True,13.45538731164478,2.737285955909699
18,113k,1,15,False,13.397843341231518,2.733995106288463
18,113k,1,15,True,13.44160189001685,2.735771226943434
18,113k,3,1,False,13.465406674577382,2.6775757986216737
18,113k,3,1,True,13.465406674577382,2.6775757986216737
18,113k,3,2,False,13.446558834826709,2.7544824513458335
18,113k,3,2,True,13.343913090263214,2.6936673982366166
18,113k,3,3,False,13.408478104042238,2.7430044708385557
18,113k,3,3,True,13.3669716330361,2.7277585472167907
18,113k,3,4,False,13.846618100648412,2.7932664247591736
18,113k,3,4,True,13.408741189355775,2.728911155247333
18,113k,3,5,False,14.17270446899972,2.8526180326489925
18,113k,3,5,True,13.45877057947225,2.7310899687252665
18,113k,3,6,False,13.846674237225404,2.8895042533950424
18,113k,3,6,True,13.444912781084199,2.7476631440306343
18,113k,3,7,False,13.498581455748463,2.7395630937937447
18,113k,3,7,True,13.467523965741682,2.745565233777632
18,113k,3,8,False,14.899147952471106,2.9797704535352176
18,113k,3,8,True,13.452378367064819,2.743139671746724
18,113k,3,9,False,13.680065611435387,2.8125502341864617
18,113k,3,9,True,13.490225608365773,2.756179707765674
18,113k,3,10,False,13.666771264953383,2.7768771728472488
18,113k,3,10,True,13.50126613592605,2.7566685069771544
18,113k,3,11,False,13.870893777771407,2.832819309578385
18,113k,3,11,True,13.540388961657676,2.7650060609549145
18,113k,3,12,False,13.347640046176126,2.705414820267954
18,113k,3,12,True,13.49765477603528,2.755362238803083
18,113k,3,13,False,13.590647612336081,2.776583307715701
18,113k,3,13,True,13.506368949306863,2.75771988969245
18,113k,3,14,False,13.715163812733142,2.801155706511399
18,113k,3,14,True,13.53023291644166,2.7634571800873897
18,113k,3,15,False,13.334740827030169,2.699253175474434
18,113k,3,15,True,13.502861513782419,2.7567013906797473
18,113k,,0,True,13.385327450941412,2.694490738946821
18,113k,,1,True,13.333133937267169,2.7087932512956643
18,113k,,2,True,13.384036816147834,2.7315247363863984
18,113k,,3,True,13.792995097460127,2.7801226660760294
18,113k,,4,True,14.1570553349419,2.8513863528029755
18,113k,,5,True,13.346676310008144,2.725245103158048
18,113k,,6,True,13.488216682990087,2.7309150285688792
18,113k,,7,True,15.060639565144111,3.0291120891126138
18,113k,,8,True,13.570377411900516,2.7611165465519645
18,113k,,9,True,13.46907332376058,2.7485053525455987
18,113k,,10,True,13.58359941274377,2.7383740041485227
18,113k,,11,True,13.486881896569365,2.7555395050059706
18,113k,,12,True,13.508242553675082,2.7572035206482695
18,113k,,13,True,13.53874417272118,2.7352554995613696
18,113k,,14,True,13.338084475555117,2.721927969056978
18,113k,,,True,13.41804091417671,2.731074890003166
18,28k,3,1,False,14.634980619535181,2.9104259123714646
18,28k,3,1,True,14.634980619535181,2.9104259123714646
18,28k,3,2,False,14.072301138563601,2.8531337848117215
18,28k,3,2,True,14.20012943743264,2.8579021428570974
18,28k,3,3,False,14.033030439110584,2.8246136651454816
18,28k,3,3,True,14.016970938344638,2.8238557506011364
18,28k,3,4,False,16.254029323896784,3.3122780814330195
18,28k,3,4,True,14.193281261662232,2.8698531041153927
18,28k,3,5,False,16.016587771721866,3.231457607440597
18,28k,3,5,True,14.403787692680133,2.906759500485173
18,28k,3,6,False,13.909973873845018,2.795574179188018
18,28k,3,6,True,14.10242137064418,2.852081638963025
18,28k,3,7,False,14.499669867357424,2.90490176573659
18,28k,3,7,True,14.259994215211623,2.877022740568214
18,28k,3,8,False,24.962082623351158,5.091041862396825
18,28k,3,8,True,14.085115744454308,2.841931232140783
18,28k,3,9,False,14.472448967621421,2.903700810496956
18,28k,3,9,True,14.170316835176994,2.8599004113984607
18,28k,3,10,False,14.256133269446272,2.895436384576712
18,28k,3,10,True,14.139399504668638,2.857497772079609
18,28k,3,11,False,15.05755858813791,3.009829903090867
18,28k,3,11,True,14.200156134722446,2.8682290215898654
18,28k,3,12,False,13.885643420919493,2.7401516073533974
18,28k,3,12,True,14.112753358610526,2.8467054469306983
18,28k,3,13,False,14.412189887234698,2.9210534065126197
18,28k,3,13,True,14.15688867387007,2.8561038743910965
18,28k,3,14,False,14.887425326723337,2.9825757620012543
18,28k,3,14,True,14.181631121241876,2.8614536491924163
18,28k,3,15,False,13.884385641262508,2.7847114787930107
18,28k,3,15,True,14.141538622561741,2.8536779314363807
18,28k,0,1,False,14.746782265351566,2.9537806124980266
18,28k,0,1,True,14.746782265351566,2.9537806124980266
18,28k,0,2,False,14.06377432591685,2.839428837567878
18,28k,0,2,True,14.222639118906951,2.87166860554478
18,28k,0,3,False,14.10831263206145,2.8655478111606802
18,28k,0,3,True,14.078028809442879,2.851845830253028
18,28k,0,4,False,16.250503497168946,3.3045123296304078
18,28k,0,4,True,14.245499480969915,2.892906775568806
18,28k,0,5,False,15.962466067443621,3.210216923496758
18,28k,0,5,True,14.483660813367196,2.9309745361555466
18,28k,0,6,False,13.96866832533551,2.8116326674516507
18,28k,0,6,True,14.14782448765477,2.8720800069001617
18,28k,0,7,False,14.770747511903014,2.989578929841499
18,28k,0,7,True,14.39940829154264,2.9198256032212
18,28k,0,8,False,25.160788480769494,5.145797454916523
18,28k,0,8,True,14.176510408480373,2.8737597573598817
18,28k,0,9,False,14.346740402450674,2.887479900243063
18,28k,0,9,True,14.227005298568763,2.8804102226179427
18,28k,0,10,False,14.354131060355629,2.9121581597997133
18,28k,0,10,True,14.188404539680633,2.8773219158399423
18,28k,0,11,False,15.35397834993982,3.09515175341568
18,28k,0,11,True,14.270011993236698,2.890826744325908
18,28k,0,12,False,14.436035775923003,2.9214778141881412
18,28k,0,12,True,14.215543570294875,2.8833685554720994
18,28k,0,13,False,14.238673747466517,2.858805030618664
18,28k,0,13,True,14.185697117931838,2.874808540054941
18,28k,0,14,False,14.805611138678383,2.9510212188253644
18,28k,0,14,True,14.22767314574396,2.880551994900443
18,28k,0,15,False,13.982550059250379,2.8287771458643123
18,28k,0,15,True,14.169410779186322,2.871447426652695
18,28k,1,1,False,14.765414979393082,2.962173711076971
18,28k,1,1,True,14.765414979393082,2.962173711076971
18,28k,1,2,False,13.90549808372931,2.77990716768124
18,28k,1,2,True,14.120895504378732,2.8424262719195457
18,28k,1,3,False,14.035954640040789,2.8226066472678766
18,28k,1,3,True,13.982773533726258,2.8083197749211113
18,28k,1,4,False,16.433922817598113,3.3656800618830993
18,28k,1,4,True,14.151886291497261,2.8640805732324477
18,28k,1,5,False,16.01667950413337,3.2383036822904603
18,28k,1,5,True,14.420812273674482,2.9160744337822475
18,28k,1,6,False,13.775168664548216,2.750674057167781
18,28k,1,6,True,14.039854571812988,2.8421690476270047
18,28k,1,7,False,14.677826178191635,2.9578839275603444
18,28k,1,7,True,14.313659323793765,2.895017988907332
18,28k,1,8,False,24.874191615776848,5.102494635206436
18,28k,1,8,True,14.072950344367495,2.8452932502365327
18,28k,1,9,False,14.435036437158821,2.901055870864359
18,28k,1,9,True,14.18594241338088,2.8684515726921522
18,28k,1,10,False,14.256313079142956,2.8765783534156566
18,28k,1,10,True,14.132324233817132,2.8584476235094542
18,28k,1,11,False,15.190919205271038,3.0551554797359133
18,28k,1,11,True,14.226716445691848,2.877290198139445
18,28k,1,12,False,14.036376118616019,2.817695647823358
18,28k,1,12,True,14.133580680073452,2.8577617593917872
18,28k,1,13,False,14.357163435021166,2.886879827269492
18,28k,1,13,True,14.158365947684407,2.8608534176866867
18,28k,1,14,False,14.83708112253402,2.968467051916988
18,28k,1,14,True,14.200517975780771,2.8700818129623507
18,28k,1,15,False,13.749739572968561,2.746510610936204
18,28k,1,15,True,14.135593240504207,2.855324402698937
18,28k,2,1,False,14.896942319084182,2.991741749693445
18,28k,2,1,True,14.896942319084182,2.991741749693445
18,28k,2,2,False,13.919460675249367,2.796002429479567
18,28k,2,2,True,14.189501614171558,2.861541626087601
18,28k,2,3,False,14.060660997840603,2.8053409755348575
18,28k,2,3,True,13.9971426339469,2.807714697317986
18,28k,2,4,False,16.51364098232967,3.3888909910787106
18,28k,2,4,True,14.214695186702105,2.875308683148977
18,28k,2,5,False,15.962811405545402,3.216397213943039
18,28k,2,5,True,14.495420985735166,2.9273469338708566
18,28k,2,6,False,13.854467625616833,2.768915781513099
18,28k,2,6,True,14.077999104416111,2.8459127283516326
18,28k,2,7,False,14.599527955923458,2.9400591994940743
18,28k,2,7,True,14.30899281782121,2.8928655261837894
18,28k,2,8,False,24.234771190493042,4.917687920080881
18,28k,2,8,True,14.089266355568746,2.8456617367843218
18,28k,2,9,False,14.495972698891055,2.929722913845617
18,28k,2,9,True,14.226807914678762,2.876910674588252
18,28k,2,10,False,14.103478878411217,2.8217915318305544
18,28k,2,10,True,14.11705182859272,2.850539292600346
18,28k,2,11,False,15.59638391806785,3.171820510816309
18,28k,2,11,True,14.247771126727832,2.881041121622721
18,28k,2,12,False,14.16827927343788,2.850359427149477
18,28k,2,12,True,14.14329830053536,2.859385836784218
18,28k,2,13,False,14.307928883016844,2.889284776049938
18,28k,2,13,True,14.172088042673867,2.865200767318888
18,28k,2,14,False,14.78957169731255,2.9478426594120695
18,28k,2,14,True,14.22092406630142,2.8747571500345868
18,28k,2,15,False,13.892922791899041,2.8253542116335217
18,28k,2,15,True,14.150746221597988,2.8620680812860897
18,28k,,0,True,14.744083726692804,2.950228298600376
18,28k,,1,True,13.974391576054895,2.8148490508810955
18,28k,,2,True,14.02181866023255,2.8236882983391562
18,28k,,3,True,16.367663241053343,3.346160990805836
18,28k,,4,True,15.978292836358044,3.2212970226088693
18,28k,,5,True,13.838046042742574,2.769010752331762
18,28k,,6,True,14.621926828821858,2.944451313663774
18,28k,,7,True,24.92354854029851,5.089132987733722
18,28k,,8,True,14.4268586737436,2.904702404603183
18,28k,,9,True,14.2358237143269,2.876296857592989
18,28k,,10,True,15.26924815027906,3.074251351915186
18,28k,,11,True,14.094214126549648,2.826405436463569
18,28k,,12,True,14.321224014455666,2.88738573604758
18,28k,,13,True,14.817269790438393,2.95961484939455
18,28k,,14,True,13.875073048172585,2.7931212086537807
18,28k,,,True,14.145879166252564,2.8608624006990784
18,56k,0,1,False,13.93100674265217,2.784595446416588
18,56k,0,1,True,13.93100674265217,2.784595446416588
18,56k,0,2,False,13.377694112739404,2.680734357492981
18,56k,0,2,True,13.544719955028043,2.713610174414624
18,56k,0,3,False,13.474744895026097,2.717409377113137
18,56k,0,3,True,13.465387079687506,2.711811369825762
18,56k,0,4,False,14.363111887950744,2.8559306770840225
18,56k,0,4,True,13.528536256358008,2.7189355736091145
18,56k,0,5,False,15.01830379597457,3.024110286286246
18,56k,0,5,True,13.61939155269704,2.7436425638916093
18,56k,0,6,False,13.646742569923953,2.798396570257114
18,56k,0,6,True,13.524263693545178,2.7358642988131865
18,56k,0,7,False,13.966311637963601,2.840545338299065
18,56k,0,7,True,13.606867335063965,2.754577712854494
18,56k,0,8,False,15.929312238904462,3.218375595443859
18,56k,0,8,True,13.595281524473073,2.754791853551894
18,56k,0,9,False,13.537864359277663,2.71634466692988
18,56k,0,9,True,13.57098597553225,2.7463224782607614
18,56k,0,10,False,13.78820672195422,2.8061304213726865
18,56k,0,10,True,13.571645237637291,2.7478128641347928
18,56k,0,11,False,14.020545145684284,2.7942377443897644
18,56k,0,11,True,13.590384953396377,2.748413968202668
18,56k,0,12,False,13.457892408167215,2.7341318799184706
18,56k,0,12,True,13.549683479414055,2.743457363977769
18,56k,0,13,False,13.502919278178119,2.715165918129643
18,56k,0,13,True,13.530941680219788,2.73749860347165
18,56k,0,14,False,14.127456001741432,2.825782990758932
18,56k,0,14,True,13.564742832046099,2.74385476181821
18,56k,0,15,False,13.422259348089526,2.691506498992762
18,56k,0,15,True,13.52612154206095,2.735932580651888
18,56k,1,1,False,13.797516090055675,2.7640613137126504
18,56k,1,1,True,13.797516090055675,2.7640613137126504
18,56k,1,2,False,13.382782253480322,2.70309657775916
18,56k,1,2,True,13.503287948892535,2.7225222093788495
18,56k,1,3,False,13.51325923487825,2.7311297906849967
18,56k,1,3,True,13.471358705261554,2.7232128589696414
18,56k,1,4,False,14.5384108184132,2.900374048742763
18,56k,1,4,True,13.52278092437682,2.729455442765393
18,56k,1,5,False,14.91114959061634,2.977209734042128
18,56k,1,5,True,13.581105253441525,2.7416293308907917
18,56k,1,6,False,13.65774176739588,2.8115683100783126
18,56k,1,6,True,13.502042190808242,2.7385747229210855
18,56k,1,7,False,13.69934112265296,2.7188002420313593
18,56k,1,7,True,13.520149227655414,2.7306131591469938
18,56k,1,8,False,15.77278074815628,3.1626613097467797
18,56k,1,8,True,13.508750296320974,2.732607976572003
18,56k,1,9,False,14.11731251581151,2.8960036890798126
18,56k,1,9,True,13.562342236936077,2.745591984144014
18,56k,1,10,False,13.447560766303909,2.6896345244306477
18,56k,1,10,True,13.526638311345687,2.732950990091588
18,56k,1,11,False,14.054934415240275,2.8015838857314748
18,56k,1,11,True,13.545945581214584,2.7366136622460537
18,56k,1,12,False,13.535464301728142,2.7254910098817837
18,56k,1,12,True,13.528801162875967,2.7311892113310896
18,56k,1,13,False,13.703929269485977,2.7640230296578365
18,56k,1,13,True,13.5429593557801,2.732690024778544
18,56k,1,14,False,13.975716574600595,2.8021017264953456
18,56k,1,14,True,13.567891977753078,2.7387015131175825
18,56k,1,15,False,13.457565343587174,2.7459770697772674
18,56k,1,15,True,13.539697029373844,2.7355721069518175
18,56k,2,1,False,14.438709300932434,2.9754034967905114
18,56k,2,1,True,14.438709300932434,2.9754034967905114
18,56k,2,2,False,13.484197893983664,2.728184445630506
18,56k,2,2,True,13.842621649667848,2.8278890470459994
18,56k,2,3,False,13.524409422725283,2.750307324831597
18,56k,2,3,True,13.540487374111766,2.7511531752118077
18,56k,2,4,False,14.681813817501554,2.964417750578356
18,56k,2,4,True,13.733061363264323,2.797378565315143
18,56k,2,5,False,15.013249940605782,2.9964418881258443
18,56k,2,5,True,13.931443785317315,2.8411336019665434
18,56k,2,6,False,13.479926200011215,2.7043970590024475
18,56k,2,6,True,13.674549988253743,2.7759508228726677
18,56k,2,7,False,13.833617791802709,2.797166469860212
18,56k,2,7,True,13.697529971779923,2.776705336803591
18,56k,2,8,False,15.909406295231452,3.1981199523815524
18,56k,2,8,True,13.674550172081544,2.7718855060976844
18,56k,2,9,False,13.844500528635685,2.7541339777741003
18,56k,2,9,True,13.64873636992657,2.759921418724989
18,56k,2,10,False,13.620963912309323,2.761110915298661
18,56k,2,10,True,13.616472689585123,2.7554871878549427
18,56k,2,11,False,14.166443067540309,2.8466521604713546
18,56k,2,11,True,13.65632498212107,2.7636377476907867
18,56k,2,12,False,13.575143160709771,2.694269970539246
18,56k,2,12,True,13.607748508511266,2.7504965903005747
18,56k,2,13,False,13.654058779576484,2.7496063849555403
18,56k,2,13,True,13.594546183120253,2.746894427401647
18,56k,2,14,False,13.797323321917567,2.7204903326900105
18,56k,2,14,True,13.59617620782418,2.7425772308874476
18,56k,2,15,False,13.443036384412983,2.7192535486425276
18,56k,2,15,True,13.565936887801103,2.738354154408852
18,56k,3,1,False,13.977686902297794,2.8189265536786845
18,56k,3,1,True,13.977686902297794,2.8189265536786845
18,56k,3,2,False,13.605777085218786,2.764902750066327
18,56k,3,2,True,13.715796330924222,2.780410554652318
18,56k,3,3,False,13.73669612195084,2.797686678614472
18,56k,3,3,True,13.68880167456556,2.7864087487491056
18,56k,3,4,False,14.721650448206628,2.9748576442694183
18,56k,3,4,True,13.722087468580728,2.79177340234434
18,56k,3,5,False,15.469708269659865,3.1415522413850336
18,56k,3,5,True,13.797572966880157,2.8103071245107145
18,56k,3,6,False,13.407624726467857,2.6907686453828554
18,56k,3,6,True,13.668132702411881,2.779762179875883
18,56k,3,7,False,13.773544258186856,2.8168056978803198
18,56k,3,7,True,13.694012866963815,2.790461204623435
18,56k,3,8,False,16.554891947154232,3.4040465180190114
18,56k,3,8,True,13.702081989688837,2.794995490599733
18,56k,3,9,False,13.812797838687185,2.8180538311439998
18,56k,3,9,True,13.717086974188513,2.798954516422522
18,56k,3,10,False,13.58581049080155,2.758886453964373
18,56k,3,10,True,13.687973566583434,2.7904363374002
18,56k,3,11,False,14.237519786714106,2.874937394036114
18,56k,3,11,True,13.699335109793232,2.7934488785438996
18,56k,3,12,False,13.546420995872852,2.732148489639421
18,56k,3,12,True,13.66954903076508,2.7832285403405006
18,56k,3,13,False,13.730343039115972,2.762491046972048
18,56k,3,13,True,13.6676337518517,2.7790530987404605
18,56k,3,14,False,14.013585978548528,2.8130856488214997
18,56k,3,14,True,13.67325114836509,2.7793096291307706
18,56k,3,15,False,13.562214532576936,2.7611893651361887
18,56k,3,15,True,13.653422692637497,2.7749644174190307
18,56k,,0,True,13.928804551166882,2.8023540209356157
18,56k,,1,True,13.417610941744234,2.709728262134263
18,56k,,2,True,13.52207433561349,2.7396140160677036
18,56k,,3,True,14.573355095871309,2.922927811148119
18,56k,,4,True,15.009950082204611,3.0135593956125497
18,56k,,5,True,13.47467620618772,2.735181608324947
18,56k,,6,True,13.77758205751777,2.785370751339454
18,56k,,7,True,15.82794390602638,3.1865559765584095
18,56k,,8,True,13.736829599907763,2.7791015766725815
18,56k,,9,True,13.602387619865294,2.7560129838746765
18,56k,,10,True,14.091601220720666,2.8215338003621784
18,56k,,11,True,13.500086211729354,2.718905966353125
18,56k,,12,True,13.65312908976146,2.750234749462882
18,56k,,13,True,13.983343248045507,2.7971325291183793
18,56k,,14,True,13.447394323798372,2.7290565882559914
18,56k,,,True,13.562106383742101,2.7429201712774978
18,all,0,1,False,13.28765393371267,2.6874087325763933
18,all,0,1,True,13.28765393371267,2.6874087325763933
18,all,0,2,False,13.258117470989113,2.7020674605088217
18,all,0,2,True,13.243434900152295,2.690491612683746
18,all,0,3,False,13.367879807785473,2.736189023339929
18,all,0,3,True,13.277713895429564,2.7052783626690577
18,all,0,4,False,13.65092957502423,2.7693986222442275
18,all,0,4,True,13.312252236097292,2.714789186488236
18,all,0,5,False,13.644707100005148,2.7708973611064676
18,all,0,5,True,13.341941206563932,2.7217565132045105
18,all,0,6,False,13.335649722939397,2.7310936669864514
18,all,0,6,True,13.317977460882341,2.7212074864793023
18,all,0,7,False,13.380967112666907,2.736438156584286
18,all,0,7,True,13.335183418627278,2.7261261970001636
18,all,0,8,False,14.187798211287037,2.857531091027069
18,all,0,8,True,13.327738270771723,2.7247243494277935
18,all,0,9,False,13.29798603687112,2.710292319964404
18,all,0,9,True,13.317737134048063,2.721131490119146
18,all,0,10,False,13.285693972459972,2.6958928745965727
18,all,0,10,True,13.307182269724724,2.716951086758287
18,all,0,11,False,13.368613929459757,2.7122701446952857
18,all,0,11,True,13.30544124773538,2.715098328394845
18,all,0,12,False,13.227374222676907,2.673469971285319
18,all,0,12,True,13.293786864671967,2.710920877244537
18,all,0,13,False,13.29494738755777,2.690149870163939
18,all,0,13,True,13.290109626277626,2.7079850490692086
18,all,0,14,False,13.35698441588232,2.713439262458079
18,all,0,14,True,13.294428630816991,2.708116209876833
18,all,0,15,False,13.272886424715535,2.702121311611766
18,all,0,15,True,13.288770889263438,2.7070529651119526
18,all,3,1,False,13.40259556566314,2.7429121922807087
18,all,3,1,True,13.40259556566314,2.7429121922807087
18,all,3,2,False,13.247159720493938,2.697960131786359
18,all,3,2,True,13.295069713758103,2.7142059557440894
18,all,3,3,False,13.302888271219519,2.7038948027673264
18,all,3,3,True,13.280118431552435,2.704978605916831
18,all,3,4,False,13.374705357520991,2.6844046474779786
18,all,3,4,True,13.27110264825984,2.6988424333528123
18,all,3,5,False,13.547028158239062,2.725767247173435
18,all,3,5,True,13.285312781393948,2.6999341467567235
18,all,3,6,False,13.270186623825289,2.7059858267779746
18,all,3,6,True,13.270534399196233,2.7001084952396956
18,all,3,7,False,13.325376438156697,2.7208050202270138
18,all,3,7,True,13.27616569892826,2.7030235657330848
18,all,3,8,False,14.078290115819414,2.8318673694847445
18,all,3,8,True,13.278145775370117,2.704354813312199
18,all,3,9,False,13.354858956900957,2.730207303305656
18,all,3,9,True,13.28652985454991,2.70885933877561
18,all,3,10,False,13.320881295428372,2.69972715850672
18,all,3,10,True,13.276765148752743,2.7045981544708884
18,all,3,11,False,13.277747150556843,2.679252096026086
18,all,3,11,True,13.27261983838811,2.700802622188545
18,all,3,12,False,13.345208449648055,2.7256823065029363
18,all,3,12,True,13.272999885968392,2.702656601590014
18,all,3,13,False,13.497366134678389,2.7815747092347185
18,all,3,13,True,13.280137649950035,2.706692757080852
18,all,3,14,False,13.524726124969032,2.7863820079997326
18,all,3,14,True,13.291159963659952,2.711370604813529
18,all,3,15,False,13.356229426868822,2.726386772778112
18,all,3,15,True,13.289328492945108,2.7110769213217267
18,all,2,1,False,13.445082787749469,2.7273129230916515
18,all,2,1,True,13.445082787749469,2.7273129230916515
18,all,2,2,False,13.307028425165067,2.7161763400735275
18,all,2,2,True,13.323074608016649,2.714588636230255
18,all,2,3,False,13.454862695411489,2.7569428524199884
18,all,2,3,True,13.37713625864802,2.7380955018846485
18,all,2,4,False,13.739637004332327,2.812396196866945
18,all,2,4,True,13.395734155622817,2.740832391122665
18,all,2,5,False,13.446298987828152,2.6996470485169204
18,all,2,5,True,13.381280308085111,2.7304356563306644
18,all,2,6,False,13.307469512754704,2.7087324095077556
18,all,2,6,True,13.332467061897853,2.7200208479430654
18,all,2,7,False,13.462821887509918,2.7596360599364895
18,all,2,7,True,13.369163594055571,2.7327113358959827
18,all,2,8,False,13.89369700937078,2.791764894079081
18,all,2,8,True,13.348787345723524,2.7270448610990172
18,all,2,9,False,13.314605152387974,2.7070432051005286
18,all,2,9,True,13.33445446148742,2.7211793540032976
18,all,2,10,False,13.313911061571387,2.7181288321704677
18,all,2,10,True,13.321756710504856,2.718609871463189
18,all,2,11,False,13.508279640711748,2.764372692825952
18,all,2,11,True,13.339071969201298,2.72376542966187
18,all,2,12,False,13.476401361004019,2.771217335246927
18,all,2,12,True,13.349890744786107,2.728792662651989
18,all,2,13,False,13.295728879558673,2.7082426527686385
18,all,2,13,True,13.334924141599144,2.7239886234729425
18,all,2,14,False,13.47470879643871,2.725844959638409
18,all,2,14,True,13.333290827586817,2.7220223971460302
18,all,2,15,False,13.30877821694514,2.722071360477315
18,all,2,15,True,13.325772695514999,2.720947381845791
18,all,1,1,False,13.355101654256755,2.717520413628037
18,all,1,1,True,13.355101654256755,2.717520413628037
18,all,1,2,False,13.36217585617332,2.7434449320966086
18,all,1,2,True,13.335081703277252,2.7267134264339017
18,all,1,3,False,13.296384637452636,2.706231045724865
18,all,1,3,True,13.297325864122884,2.7124501862844337
18,all,1,4,False,13.58607624048748,2.7575388814782382
18,all,1,4,True,13.3290247591479,2.721517324611956
18,all,1,5,False,13.587506547924708,2.7213117099995476
18,all,1,5,True,13.3386049353695,2.7195054593723635
18,all,1,6,False,13.326582371868868,2.7243785613822764
18,all,1,6,True,13.31821447953532,2.717568003736536
18,all,1,7,False,13.302696734863776,2.704091948030695
18,all,1,7,True,13.312054311386856,2.7139559487731675
18,all,1,8,False,13.995491904284112,2.7962387340616672
18,all,1,8,True,13.303986863855126,2.71265055184535
18,all,1,9,False,13.303692056482983,2.6959727238517806
18,all,1,9,True,13.29977755878848,2.7093448821455044
18,all,1,10,False,13.304276499974156,2.6981126625412744
18,all,1,10,True,13.292535126474716,2.705911734699081
18,all,1,11,False,13.290382258520133,2.677446308670775
18,all,1,11,True,13.287968622046996,2.7023418962515398
18,all,1,12,False,13.277143134150927,2.706570409582819
18,all,1,12,True,13.283535514952817,2.7027504313156028
18,all,1,13,False,13.44581418027825,2.7278795164040632
18,all,1,13,True,13.294017061399977,2.70523808964383
18,all,1,14,False,13.274953695262072,2.679698742999005
18,all,1,14,True,13.288559012669904,2.702788423016884
18,all,1,15,False,13.31959769759909,2.7199228795568056
18,all,1,15,True,13.28972077944452,2.7040643102482624
18,all,,0,True,13.349782638932503,2.716984767225297
18,all,,1,True,13.26812614349386,2.71023432624529
18,all,,2,True,13.315712423079134,2.717303413254484
18,all,,3,True,13.57131953059624,2.7575328018370753
18,all,,4,True,13.506590512400981,2.7181070562552234
18,all,,5,True,13.293708718277182,2.715189030949384
18,all,,6,True,13.351250199059926,2.7280051385180415
18,all,,7,True,14.024958679406106,2.8137569466227874
18,all,,8,True,13.29065388963614,2.7056765231822153
18,all,,9,True,13.286456854386437,2.698973867147817
18,all,,10,True,13.29418222076049,2.689483723886893
18,all,,11,True,13.302390244216582,2.7142715037093605
18,all,,12,True,13.32898400654581,2.7159868500528943
18,all,,13,True,13.35761214460483,2.7191126725210477
18,all,,14,True,13.292085458005845,2.715236311611176
18,all,,,True,13.292263178753052,2.709178102301079
