input_len,direction,size,depth,num,epoch,ensemble,smape,mase*
18,bi,128,2,0,1,False,14.201453326360095,2.9453076354977448
18,bi,128,2,0,1,True,14.201453326360095,2.9453076354977448
18,bi,128,2,0,2,False,13.592386516004415,2.800937695043652
18,bi,128,2,0,2,True,13.823703170946832,2.8625444934027366
18,bi,128,2,0,3,False,13.476503319906689,2.7115257284676413
18,bi,128,2,0,3,True,13.632889535441508,2.797463406559263
18,bi,128,2,0,4,False,13.348026916962887,2.7098582625285084
18,bi,128,2,0,4,True,13.463830746107304,2.7473796067014304
18,bi,128,2,0,5,False,13.489681760941496,2.7566304325904136
18,bi,128,2,0,5,True,13.486680563283041,2.756022616490279
18,bi,128,2,0,6,False,13.373495024233305,2.7379241362304096
18,bi,128,2,0,6,True,13.444814426642488,2.748250099718505
18,bi,128,2,0,7,False,13.24618480785804,2.6740727601951266
18,bi,128,2,0,7,True,13.404304024057007,2.7367355503535453
18,bi,128,2,0,8,False,13.282373981908544,2.700436117494991
18,bi,128,2,0,8,True,13.351194504348344,2.7211196274586262
18,bi,128,2,0,9,False,13.281402849400354,2.7078511544964368
18,bi,128,2,0,9,True,13.327345936022764,2.71467743235278
18,bi,128,2,0,10,False,13.255425345964909,2.708258417189492
18,bi,128,2,0,10,True,13.31078910625219,2.71285429511256
18,bi,128,2,0,11,False,13.31986974855036,2.709366723723749
18,bi,128,2,0,11,True,13.300550251421587,2.710126674621377
18,bi,128,2,0,12,False,13.28803368186654,2.7145428302446173
18,bi,128,2,0,12,True,13.289216561973955,2.7089744687319626
18,bi,128,2,0,13,False,13.377938882171806,2.7259409707259517
18,bi,128,2,0,13,True,13.285840153719036,2.7089731819600242
18,bi,128,2,0,14,False,13.305883527682841,2.7210808775300332
18,bi,128,2,0,14,True,13.279275408624857,2.7100174428041357
18,bi,128,2,0,15,False,13.466369989155073,2.7604520826920926
18,bi,128,2,0,15,True,13.281618569229416,2.712373390157738
18,bi,128,2,1,1,False,13.752878044729956,2.7397681363167448
18,bi,128,2,1,1,True,13.752878044729956,2.7397681363167448
18,bi,128,2,1,2,False,13.275869510120652,2.6786712443042417
18,bi,128,2,1,2,True,13.376760577178553,2.6882032004933922
18,bi,128,2,1,3,False,13.349669557419244,2.7137927278387344
18,bi,128,2,1,3,True,13.26688844873007,2.6750685294488834
18,bi,128,2,1,4,False,13.252791545169465,2.686690443907521
18,bi,128,2,1,4,True,13.245591527344285,2.675872105223878
18,bi,128,2,1,5,False,13.381120422946985,2.712712380193197
18,bi,128,2,1,5,True,13.251822647059896,2.6807175504589273
18,bi,128,2,1,6,False,13.560590213890851,2.7927623161613555
18,bi,128,2,1,6,True,13.260309914842068,2.6875539878939563
18,bi,128,2,1,7,False,13.368137059556009,2.7150312184903305
18,bi,128,2,1,7,True,13.286685485172699,2.6952146300330004
18,bi,128,2,1,8,False,13.328306674324356,2.7049071687758954
18,bi,128,2,1,8,True,13.279437373787868,2.693265327015155
18,bi,128,2,1,9,False,13.357646997509024,2.728976497677925
18,bi,128,2,1,9,True,13.287601004429161,2.6979574762306604
18,bi,128,2,1,10,False,13.27349024199966,2.709293356917566
18,bi,128,2,1,10,True,13.28414704326334,2.6994949430320805
18,bi,128,2,1,11,False,13.322004650003601,2.694483089282128
18,bi,128,2,1,11,True,13.276728507471748,2.6978711388479835
18,bi,128,2,1,12,False,13.480064377077095,2.7202221884028024
18,bi,128,2,1,12,True,13.280935060483769,2.6986247257674396
18,bi,128,2,1,13,False,13.222715558835878,2.6872220442039247
18,bi,128,2,1,13,True,13.272342437174975,2.697551854720041
18,bi,128,2,1,14,False,13.39875755610726,2.749933470915335
18,bi,128,2,1,14,True,13.268395421721289,2.6986983006880814
18,bi,128,2,1,15,False,13.327854344571849,2.741354146392684
18,bi,128,2,1,15,True,13.264419086712898,2.6998729445472227
18,bi,128,2,2,1,False,14.291460421445104,2.973154459511798
18,bi,128,2,2,1,True,14.291460421445104,2.973154459511798
18,bi,128,2,2,2,False,13.956631188819957,2.9083284239506613
18,bi,128,2,2,2,True,14.059145909853594,2.931427095117378
18,bi,128,2,2,3,False,13.453906655211759,2.7511390796900907
18,bi,128,2,2,3,True,13.841497424905379,2.8773480167577015
18,bi,128,2,2,4,False,13.190619551072691,2.6700060452273853
18,bi,128,2,2,4,True,13.591243456339438,2.8031380248772435
18,bi,128,2,2,5,False,13.320980793351882,2.71397564471732
18,bi,128,2,2,5,True,13.431359724267416,2.752118444667929
18,bi,128,2,2,6,False,13.245662604275761,2.683982077008794
18,bi,128,2,2,6,True,13.351263238515395,2.7276478829679034
18,bi,128,2,2,7,False,13.22165906412251,2.678648317604383
18,bi,128,2,2,7,True,13.293481966974538,2.709265575381958
18,bi,128,2,2,8,False,13.257340905535028,2.703412965766488
18,bi,128,2,2,8,True,13.268014927367748,2.701726399880682
18,bi,128,2,2,9,False,13.293405455896528,2.70445164951208
18,bi,128,2,2,9,True,13.269344223730359,2.701814286013603
18,bi,128,2,2,10,False,13.238635417834015,2.6847582896638937
18,bi,128,2,2,10,True,13.252266650903428,2.697334418967476
18,bi,128,2,2,11,False,13.229377362455764,2.6938703842370626
18,bi,128,2,2,11,True,13.245690240221478,2.6958830568516543
18,bi,128,2,2,12,False,13.275365917509376,2.7149575852156103
18,bi,128,2,2,12,True,13.239701489399671,2.6969630621152043
18,bi,128,2,2,13,False,13.53065275267218,2.769141540174182
18,bi,128,2,2,13,True,13.244657264920546,2.6995800864193766
18,bi,128,2,2,14,False,13.346921765667751,2.7168576195112477
18,bi,128,2,2,14,True,13.242908671180219,2.700606713074572
18,bi,128,2,2,15,False,13.358461379210055,2.75017766854842
18,bi,128,2,2,15,True,13.243349332112631,2.7025917171417353
18,bi,128,2,3,1,False,13.806696810979613,2.754335482142304
18,bi,128,2,3,1,True,13.806696810979613,2.754335482142304
18,bi,128,2,3,2,False,13.752084798943477,2.8013257543375665
18,bi,128,2,3,2,True,13.68584655282605,2.7637114966776712
18,bi,128,2,3,3,False,13.382764632431313,2.7383203549672555
18,bi,128,2,3,3,True,13.532482319203904,2.751143988260311
18,bi,128,2,3,4,False,13.545261498223464,2.7855049741416185
18,bi,128,2,3,4,True,13.47883289953765,2.7585438064741776
18,bi,128,2,3,5,False,13.246329127367378,2.6976460927773487
18,bi,128,2,3,5,True,13.413935985007923,2.7468392630209983
18,bi,128,2,3,6,False,13.508305376417358,2.7920157433787316
18,bi,128,2,3,6,True,13.429342410689511,2.7559354035441013
18,bi,128,2,3,7,False,13.395160372164602,2.7432182560839147
18,bi,128,2,3,7,True,13.411132074931599,2.7515204671002897
18,bi,128,2,3,8,False,13.321473104416691,2.7020350575970693
18,bi,128,2,3,8,True,13.373168163119871,2.739881971922755
18,bi,128,2,3,9,False,13.258332604283831,2.7088556586708
18,bi,128,2,3,9,True,13.337851126303894,2.7315677633545743
18,bi,128,2,3,10,False,13.369635487077842,2.740489784940078
18,bi,128,2,3,10,True,13.32844282595951,2.730863116961719
18,bi,128,2,3,11,False,13.401788058653977,2.7488386911097016
18,bi,128,2,3,11,True,13.327338724777816,2.7314346187288514
18,bi,128,2,3,12,False,13.270631829144808,2.683018323856419
18,bi,128,2,3,12,True,13.309601534443292,2.725959678551359
18,bi,128,2,3,13,False,13.16293967260559,2.6748240510578
18,bi,128,2,3,13,True,13.290984150859074,2.7206186154724668
18,bi,128,2,3,14,False,13.382817206370746,2.706859241774395
18,bi,128,2,3,14,True,13.281705759567583,2.717339181497134
18,bi,128,2,3,15,False,13.433676976118374,2.7188387575998636
18,bi,128,2,3,15,True,13.281764617981123,2.716513961948629
18,bi,128,2,4,1,False,13.976681506592755,2.7635558501363438
18,bi,128,2,4,1,True,13.976681506592755,2.7635558501363438
18,bi,128,2,4,2,False,13.327114196909857,2.7195554666910353
18,bi,128,2,4,2,True,13.325983442594799,2.6733389596594432
18,bi,128,2,4,3,False,13.34086783319905,2.6947159232654907
18,bi,128,2,4,3,True,13.27698234404778,2.6851520259739203
18,bi,128,2,4,4,False,13.49354693939433,2.7756298222569886
18,bi,128,2,4,4,True,13.269171702617124,2.6941761097284482
18,bi,128,2,4,5,False,13.343524661651474,2.7133189003446345
18,bi,128,2,4,5,True,13.285220177470869,2.698417007031123
18,bi,128,2,4,6,False,13.296522727618585,2.7073446764336278
18,bi,128,2,4,6,True,13.285414404183221,2.700443695236057
18,bi,128,2,4,7,False,13.280824663315666,2.697853209415973
18,bi,128,2,4,7,True,13.282214790465044,2.6988176122508456
18,bi,128,2,4,8,False,13.240256761102593,2.6907836380014074
18,bi,128,2,4,8,True,13.268548046813255,2.6959933163340746
18,bi,128,2,4,9,False,13.264612526162363,2.7020833013362964
18,bi,128,2,4,9,True,13.264524185340376,2.6961474482158363
18,bi,128,2,4,10,False,13.311765313685447,2.729379560604653
18,bi,128,2,4,10,True,13.260015851446266,2.6976555059277314
18,bi,128,2,4,11,False,13.178405109763116,2.6881560082271267
18,bi,128,2,4,11,True,13.247141846066665,2.6962842483149885
18,bi,128,2,4,12,False,13.281287987004982,2.7170836900408095
18,bi,128,2,4,12,True,13.242217638420732,2.697188634672387
18,bi,128,2,4,13,False,13.384585544967798,2.7345679533217666
18,bi,128,2,4,13,True,13.240716334007331,2.698505744508187
18,bi,128,2,4,14,False,13.280583681144215,2.7083163886523005
18,bi,128,2,4,14,True,13.232090120845788,2.6979603944375787
18,bi,128,2,4,15,False,13.314647146234606,2.7012765375100223
18,bi,128,2,4,15,True,13.22766207165099,2.6973506560058236
18,bi,128,2,5,1,False,13.607934428919434,2.7286842546024754
18,bi,128,2,5,1,True,13.607934428919434,2.7286842546024754
18,bi,128,2,5,2,False,13.706150606369354,2.836714703456647
18,bi,128,2,5,2,True,13.525577102242833,2.761333175078445
18,bi,128,2,5,3,False,13.344094333435404,2.7198904425026527
18,bi,128,2,5,3,True,13.437708686502624,2.7483722539074558
18,bi,128,2,5,4,False,13.17268860949469,2.671022530168032
18,bi,128,2,5,4,True,13.302597571069072,2.711075665932918
18,bi,128,2,5,5,False,13.517298955471087,2.783250882152171
18,bi,128,2,5,5,True,13.365764014565844,2.7348201970109693
18,bi,128,2,5,6,False,13.382085262433437,2.744515604735739
18,bi,128,2,5,6,True,13.352612711664468,2.733478388224743
18,bi,128,2,5,7,False,13.344815699536435,2.7329124114367978
18,bi,128,2,5,7,True,13.346399484736175,2.7317836458934845
18,bi,128,2,5,8,False,13.295442424459752,2.706219002132172
18,bi,128,2,5,8,True,13.324067009798934,2.725465703795044
18,bi,128,2,5,9,False,13.221941989871608,2.689144058535721
18,bi,128,2,5,9,True,13.297237243047636,2.7179085519025996
18,bi,128,2,5,10,False,13.344587410853842,2.714607907220566
18,bi,128,2,5,10,True,13.29402886218393,2.71553894733806
18,bi,128,2,5,11,False,13.335897552437022,2.720597900455198
18,bi,128,2,5,11,True,13.293710797461127,2.714944569708308
18,bi,128,2,5,12,False,13.330883716546532,2.707795086148966
18,bi,128,2,5,12,True,13.28732317131514,2.7117268526609553
18,bi,128,2,5,13,False,13.507499793049616,2.7754140033080588
18,bi,128,2,5,13,True,13.288137504419772,2.7127526727966687
18,bi,128,2,5,14,False,13.163440015901344,2.665912133090582
18,bi,128,2,5,14,True,13.273932841722747,2.7084019218900033
18,bi,128,2,5,15,False,13.300132771288022,2.7066234490824015
18,bi,128,2,5,15,True,13.270649250448825,2.7080370578600594
18,bi,128,2,6,1,False,13.697010997978342,2.8093055096013244
18,bi,128,2,6,1,True,13.697010997978342,2.8093055096013244
18,bi,128,2,6,2,False,13.769062360889771,2.843586833049447
18,bi,128,2,6,2,True,13.645232430162945,2.8137252057405724
18,bi,128,2,6,3,False,13.383609785893698,2.7279025129275793
18,bi,128,2,6,3,True,13.547246833575546,2.784127233117954
18,bi,128,2,6,4,False,13.264709895963389,2.6845543785317894
18,bi,128,2,6,4,True,13.41804388631898,2.744821809362671
18,bi,128,2,6,5,False,13.38455228606408,2.738992925149028
18,bi,128,2,6,5,True,13.387506994252151,2.737923118778799
18,bi,128,2,6,6,False,13.291916326152164,2.6836497613139234
18,bi,128,2,6,6,True,13.339762911356043,2.720884616129826
18,bi,128,2,6,7,False,13.3279861146673,2.724835100319235
18,bi,128,2,6,7,True,13.334316488957604,2.722658255778139
18,bi,128,2,6,8,False,13.356330372937176,2.7239735142880197
18,bi,128,2,6,8,True,13.331714793858842,2.721114269522932
18,bi,128,2,6,9,False,13.4276269382165,2.743665071930862
18,bi,128,2,6,9,True,13.338264562403156,2.7233376632055624
18,bi,128,2,6,10,False,13.378958158193857,2.737271291983419
18,bi,128,2,6,10,True,13.337563075436881,2.724373837280748
18,bi,128,2,6,11,False,13.388637013943045,2.744152936409166
18,bi,128,2,6,11,True,13.337622171778232,2.725668193570331
18,bi,128,2,6,12,False,13.327682124011574,2.7284761218897122
18,bi,128,2,6,12,True,13.331221037898253,2.7252179088140336
18,bi,128,2,6,13,False,13.353924102389481,2.7413342026667222
18,bi,128,2,6,13,True,13.329196014974132,2.726200078033868
18,bi,128,2,6,14,False,13.541148329131586,2.790067716546456
18,bi,128,2,6,14,True,13.326352194183526,2.727771170360902
18,bi,128,2,6,15,False,13.383590302423313,2.760886737038654
18,bi,128,2,6,15,True,13.324604481993832,2.7297783738278127
18,bi,128,2,7,1,False,13.847305215979423,2.833189796983107
18,bi,128,2,7,1,True,13.847305215979423,2.833189796983107
18,bi,128,2,7,2,False,13.31097495034647,2.6960838480082674
18,bi,128,2,7,2,True,13.435388233572207,2.7349096535837174
18,bi,128,2,7,3,False,13.285917705136685,2.6762766372264126
18,bi,128,2,7,3,True,13.28984870818395,2.688456040664617
18,bi,128,2,7,4,False,13.352893825942992,2.7273326129908817
18,bi,128,2,7,4,True,13.292541501293005,2.699244101888996
18,bi,128,2,7,5,False,13.475368643867318,2.752946095419924
18,bi,128,2,7,5,True,13.325985874465413,2.7131075501844393
18,bi,128,2,7,6,False,13.228940363445517,2.6880731349267886
18,bi,128,2,7,6,True,13.28780286864147,2.701741925202844
18,bi,128,2,7,7,False,13.262396036933966,2.6905989759756475
18,bi,128,2,7,7,True,13.266238905351052,2.6947401688870287
18,bi,128,2,7,8,False,13.380035661553078,2.747211501787139
18,bi,128,2,7,8,True,13.2773012157501,2.702949693404381
18,bi,128,2,7,9,False,13.225323026156119,2.6921614416997297
18,bi,128,2,7,9,True,13.261507291671524,2.698285524281778
18,bi,128,2,7,10,False,13.240041122802852,2.703773474522576
18,bi,128,2,7,10,True,13.252948786737356,2.699277689915491
18,bi,128,2,7,11,False,13.273691738527555,2.7054695354670515
18,bi,128,2,7,11,True,13.248015938970493,2.7000671190918135
18,bi,128,2,7,12,False,13.204275001250943,2.6890939921360526
18,bi,128,2,7,12,True,13.230192416677909,2.6962925667889674
18,bi,128,2,7,13,False,13.194819140822206,2.6786297771125414
18,bi,128,2,7,13,True,13.213104479738714,2.692661043112399
18,bi,128,2,7,14,False,13.359987284795997,2.7398811541294616
18,bi,128,2,7,14,True,13.214176135564937,2.6951347364809912
18,bi,128,2,7,15,False,13.489531186306708,2.7648375901971294
18,bi,128,2,7,15,True,13.22105160029849,2.6980519407722574
18,bi,128,2,8,1,False,13.636399670058285,2.7624391041941365
18,bi,128,2,8,1,True,13.636399670058285,2.7624391041941365
18,bi,128,2,8,2,False,13.365290662542927,2.7287329345518394
18,bi,128,2,8,2,True,13.435393222757387,2.7352855017590034
18,bi,128,2,8,3,False,13.37341894807504,2.711001436171737
18,bi,128,2,8,3,True,13.355815883079776,2.719336169278058
18,bi,128,2,8,4,False,13.244136747113636,2.694090909913636
18,bi,128,2,8,4,True,13.296868239144347,2.706287616576135
18,bi,128,2,8,5,False,13.333737723645571,2.7131545481106687
18,bi,128,2,8,5,True,13.285967296108439,2.703711840231361
18,bi,128,2,8,6,False,13.345520030678154,2.7310067579884585
18,bi,128,2,8,6,True,13.285978723290294,2.7076708898428694
18,bi,128,2,8,7,False,13.361824526263199,2.7244128959178875
18,bi,128,2,8,7,True,13.29873034028571,2.7109733547140324
18,bi,128,2,8,8,False,13.305681089660537,2.7031465996081687
18,bi,128,2,8,8,True,13.292485435786931,2.7080434714028683
18,bi,128,2,8,9,False,13.222900807042748,2.6857340290946143
18,bi,128,2,8,9,True,13.279139126435132,2.7041876448773183
18,bi,128,2,8,10,False,13.296660339031282,2.7218224966646396
18,bi,128,2,8,10,True,13.280927917003991,2.707002225931441
18,bi,128,2,8,11,False,13.24266423805662,2.6987672048222446
18,bi,128,2,8,11,True,13.27581817523886,2.706130172104769
18,bi,128,2,8,12,False,13.398306372730978,2.7380057833223423
18,bi,128,2,8,12,True,13.27841503682064,2.707992171572504
18,bi,128,2,8,13,False,13.447918271263454,2.7645441129378296
18,bi,128,2,8,13,True,13.284637104634555,2.7107510905712857
18,bi,128,2,8,14,False,13.221865334649191,2.684608839721524
18,bi,128,2,8,14,True,13.275090587053871,2.708360737464547
18,bi,128,2,8,15,False,13.509015742211123,2.8025947406234315
18,bi,128,2,8,15,True,13.276294037854806,2.71058880805169
18,bi,128,2,9,1,False,13.58016835976529,2.7102874091123943
18,bi,128,2,9,1,True,13.58016835976529,2.7102874091123943
18,bi,128,2,9,2,False,13.62038892092761,2.7674619927661723
18,bi,128,2,9,2,True,13.483818378216005,2.7151841133999675
18,bi,128,2,9,3,False,13.51600398431933,2.77299844341824
18,bi,128,2,9,3,True,13.511166618229016,2.745710676380664
18,bi,128,2,9,4,False,13.344580490710973,2.7221765795912827
18,bi,128,2,9,4,True,13.411183734098884,2.7333978331182176
18,bi,128,2,9,5,False,13.510656384501344,2.7798775446869244
18,bi,128,2,9,5,True,13.427627641526183,2.7466453975510157
18,bi,128,2,9,6,False,13.602797757728911,2.804525100656624
18,bi,128,2,9,6,True,13.452222735243563,2.7563900173284326
18,bi,128,2,9,7,False,13.401598516013959,2.743168045686323
18,bi,128,2,9,7,True,13.434874791691545,2.7526679282345543
18,bi,128,2,9,8,False,13.407984953875818,2.749801389160892
18,bi,128,2,9,8,True,13.42599020320811,2.751794043637615
18,bi,128,2,9,9,False,13.491100054304505,2.7851743514822673
18,bi,128,2,9,9,True,13.431374279059826,2.755677001764035
18,bi,128,2,9,10,False,13.20631508917008,2.6822568410273884
18,bi,128,2,9,10,True,13.40335317408544,2.7474440571326495
18,bi,128,2,9,11,False,13.133789677851237,2.66801238679261
18,bi,128,2,9,11,True,13.374086742953534,2.739592157423145
18,bi,128,2,9,12,False,13.439332888485037,2.761277317878868
18,bi,128,2,9,12,True,13.370585461370307,2.7401274398674187
18,bi,128,2,9,13,False,13.140087499108292,2.6553598526963538
18,bi,128,2,9,13,True,13.346824741392368,2.733350293257353
18,bi,128,2,9,14,False,13.162642440307948,2.6687341694089075
18,bi,128,2,9,14,True,13.318027725016046,2.725040576455129
18,bi,128,2,9,15,False,13.110679595944305,2.664774921650273
18,bi,128,2,9,15,True,13.290479639377612,2.7171722896825234
18,bi,128,2,,0,True,13.63203987223405,2.7522785726574197
18,bi,128,2,,1,True,13.498676241149337,2.770224223715886
18,bi,128,2,,2,True,13.330990361673527,2.7129072486405867
18,bi,128,2,,3,True,13.262968856991932,2.697597952135429
18,bi,128,2,,4,True,13.354465440037702,2.7257350845890005
18,bi,128,2,,5,True,13.327743921128205,2.724102422351115
18,bi,128,2,,6,True,13.28684069154088,2.7071000271219607
18,bi,128,2,,7,True,13.269241613940485,2.7024179636269894
18,bi,128,2,,8,True,13.241584320364652,2.70217075711537
18,bi,128,2,,9,True,13.249193153495106,2.7071969485742144
18,bi,128,2,,10,True,13.227206236244763,2.6984793400787734
18,bi,128,2,,11,True,13.243630801049749,2.704402663516355
18,bi,128,2,,12,True,13.263916350803267,2.7127932499181515
18,bi,128,2,,13,True,13.239885912982894,2.7039127746961107
18,bi,128,2,,14,True,13.295948002859276,2.73006860569899
18,bi,128,2,,,True,13.252047328253084,2.705550042214154
18,bi,128,3,0,1,False,13.835634006577315,2.813896495708361
18,bi,128,3,0,1,True,13.835634006577315,2.813896495708361
18,bi,128,3,0,2,False,13.361541902830734,2.6808247592798375
18,bi,128,3,0,2,True,13.432323857546628,2.7183511206429363
18,bi,128,3,0,3,False,13.30702114189227,2.6912193653529783
18,bi,128,3,0,3,True,13.284226450663164,2.684459814858236
18,bi,128,3,0,4,False,13.42531356955092,2.7420117946548674
18,bi,128,3,0,4,True,13.266943705159846,2.692189721394382
18,bi,128,3,0,5,False,13.299149283080736,2.6960455978280264
18,bi,128,3,0,5,True,13.24453483608709,2.6868698763287515
18,bi,128,3,0,6,False,13.262146498647784,2.7000716226223633
18,bi,128,3,0,6,True,13.245761834733495,2.6901264319358034
18,bi,128,3,0,7,False,13.379475463915064,2.740045304485262
18,bi,128,3,0,7,True,13.270640453790618,2.6991272676550526
18,bi,128,3,0,8,False,13.410633322478631,2.7606703671099195
18,bi,128,3,0,8,True,13.27758997556017,2.7059768335374486
18,bi,128,3,0,9,False,13.44516706079464,2.76758063129715
18,bi,128,3,0,9,True,13.289308452876234,2.7128769080641164
18,bi,128,3,0,10,False,13.344559982689841,2.7322677425426556
18,bi,128,3,0,10,True,13.291071948863191,2.71542178282384
18,bi,128,3,0,11,False,13.313294347215543,2.7286966282721403
18,bi,128,3,0,11,True,13.294593465590951,2.7193912062969527
18,bi,128,3,0,12,False,13.370719071229727,2.7382880434152947
18,bi,128,3,0,12,True,13.290668693932005,2.718965817529642
18,bi,128,3,0,13,False,13.236534798483977,2.691981001545963
18,bi,128,3,0,13,True,13.279218209906762,2.7156321736118705
18,bi,128,3,0,14,False,13.437765788657629,2.7691864178022496
18,bi,128,3,0,14,True,13.279279091253898,2.7177129670325164
18,bi,128,3,0,15,False,13.437068479675476,2.7782709716803358
18,bi,128,3,0,15,True,13.283651738131885,2.720640231935811
18,bi,128,3,1,1,False,14.736249988867964,3.102980398206545
18,bi,128,3,1,1,True,14.736249988867964,3.102980398206545
18,bi,128,3,1,2,False,13.607398932779486,2.767197052944216
18,bi,128,3,1,2,True,14.015966003151382,2.9031316108438325
18,bi,128,3,1,3,False,13.33923306724675,2.6867079847164828
18,bi,128,3,1,3,True,13.56314485668063,2.766090487747848
18,bi,128,3,1,4,False,13.538559700204548,2.774841968246178
18,bi,128,3,1,4,True,13.500655326569321,2.761755574285746
18,bi,128,3,1,5,False,13.43164695180281,2.7516168995782704
18,bi,128,3,1,5,True,13.463934570983488,2.7572126082069186
18,bi,128,3,1,6,False,13.28482983713225,2.6945542447992756
18,bi,128,3,1,6,True,13.40863234091673,2.74312910230116
18,bi,128,3,1,7,False,13.573643967257079,2.80764608557595
18,bi,128,3,1,7,True,13.430817991586322,2.7544785269341774
18,bi,128,3,1,8,False,13.400343347486379,2.738334136570994
18,bi,128,3,1,8,True,13.413533174944504,2.749542982288216
18,bi,128,3,1,9,False,13.3585826901059,2.7426758322923694
18,bi,128,3,1,9,True,13.404476756947938,2.7493441824031524
18,bi,128,3,1,10,False,13.232162021833046,2.68132593197878
18,bi,128,3,1,10,True,13.371350228729284,2.7396580423233847
18,bi,128,3,1,11,False,13.25141757989296,2.702423648116043
18,bi,128,3,1,11,True,13.345849059167106,2.7331157350642195
18,bi,128,3,1,12,False,13.210356441787065,2.6811686154134398
18,bi,128,3,1,12,True,13.318526962690802,2.725245187674258
18,bi,128,3,1,13,False,13.397235016328231,2.6928228004165065
18,bi,128,3,1,13,True,13.306349317470634,2.719740826566724
18,bi,128,3,1,14,False,13.51547393055357,2.810316279124733
18,bi,128,3,1,14,True,13.305815799577928,2.7234076510114726
18,bi,128,3,1,15,False,13.232794054488929,2.6788221176065248
18,bi,128,3,1,15,True,13.286237159143825,2.71722514148231
18,bi,128,3,2,1,False,13.6424436040684,2.7294034454515064
18,bi,128,3,2,1,True,13.6424436040684,2.7294034454515064
18,bi,128,3,2,2,False,13.666455183463379,2.76828225403973
18,bi,128,3,2,2,True,13.4835210884953,2.7087385055342597
18,bi,128,3,2,3,False,13.43000469684281,2.732461251982113
18,bi,128,3,2,3,True,13.501062191819779,2.731368179123
18,bi,128,3,2,4,False,13.254687621736656,2.677628503595045
18,bi,128,3,2,4,True,13.336533334891223,2.697823787237469
18,bi,128,3,2,5,False,13.244480730436484,2.67624732763148
18,bi,128,3,2,5,True,13.263876927680215,2.682491785203882
18,bi,128,3,2,6,False,13.307292046871474,2.714351314907184
18,bi,128,3,2,6,True,13.259092695357111,2.6887155116425725
18,bi,128,3,2,7,False,13.196809547680505,2.682538515965932
18,bi,128,3,2,7,True,13.231164136170845,2.682890162389738
18,bi,128,3,2,8,False,13.370716342068807,2.728807036869641
18,bi,128,3,2,8,True,13.244087059012482,2.6902164768059995
18,bi,128,3,2,9,False,13.496826998211413,2.7724836597353524
18,bi,128,3,2,9,True,13.269320949084758,2.700090207040503
18,bi,128,3,2,10,False,13.452435315189781,2.765616406381804
18,bi,128,3,2,10,True,13.284811894831591,2.706940288349368
18,bi,128,3,2,11,False,13.370788517685794,2.709365610620075
18,bi,128,3,2,11,True,13.265212442075095,2.701406061349892
18,bi,128,3,2,12,False,13.407529363969267,2.751211199126387
18,bi,128,3,2,12,True,13.266901551635177,2.7036344156719707
18,bi,128,3,2,13,False,13.247911706542384,2.690522843276086
18,bi,128,3,2,13,True,13.256898981763749,2.7004785591620015
18,bi,128,3,2,14,False,13.27328769796389,2.6992193587125355
18,bi,128,3,2,14,True,13.246265422904685,2.6982649924004525
18,bi,128,3,2,15,False,13.235497370702875,2.7024839135627983
18,bi,128,3,2,15,True,13.24532448152852,2.699323820484915
18,bi,128,3,3,1,False,14.137227752697775,2.8071460079009083
18,bi,128,3,3,1,True,14.137227752697775,2.8071460079009083
18,bi,128,3,3,2,False,13.361656815987782,2.6970163839665333
18,bi,128,3,3,2,True,13.525620530647984,2.7277119523623754
18,bi,128,3,3,3,False,13.691747853204573,2.8054132888054495
18,bi,128,3,3,3,True,13.47103851568419,2.7344927691610916
18,bi,128,3,3,4,False,13.323435019931933,2.676778831670811
18,bi,128,3,3,4,True,13.38446066908021,2.7070145006947883
18,bi,128,3,3,5,False,13.479188132557645,2.7601509348885447
18,bi,128,3,3,5,True,13.390938469957833,2.7189360857513343
18,bi,128,3,3,6,False,13.25037504803688,2.681916774482317
18,bi,128,3,3,6,True,13.308008299846511,2.699694054838863
18,bi,128,3,3,7,False,13.278267471985,2.6885721516304293
18,bi,128,3,3,7,True,13.279820654826409,2.69205500235208
18,bi,128,3,3,8,False,13.278168820019518,2.6926884582764457
18,bi,128,3,3,8,True,13.252791364340117,2.686922579489678
18,bi,128,3,3,9,False,13.237085518819095,2.698026345382857
18,bi,128,3,3,9,True,13.243991348679643,2.687789878874491
18,bi,128,3,3,10,False,13.163563498914662,2.6771436464583473
18,bi,128,3,3,10,True,13.226859814879715,2.6853838308671976
18,bi,128,3,3,11,False,13.225733413776084,2.6980765895663437
18,bi,128,3,3,11,True,13.224044498513601,2.687247864769115
18,bi,128,3,3,12,False,13.322269188606043,2.728096256917195
18,bi,128,3,3,12,True,13.217369767061134,2.688640372242606
18,bi,128,3,3,13,False,13.309346172832592,2.7324683881651133
18,bi,128,3,3,13,True,13.211886354486625,2.6905171431168187
18,bi,128,3,3,14,False,13.199338395015179,2.687920191815913
18,bi,128,3,3,14,True,13.201835822469663,2.6893782803837434
18,bi,128,3,3,15,False,13.342459544450247,2.7447395475206755
18,bi,128,3,3,15,True,13.199078655130467,2.6910344577479397
18,bi,128,3,4,1,False,13.76223408774959,2.734108747069784
18,bi,128,3,4,1,True,13.76223408774959,2.734108747069784
18,bi,128,3,4,2,False,13.559126290509864,2.764552714951229
18,bi,128,3,4,2,True,13.491092327706816,2.7132042822384346
18,bi,128,3,4,3,False,13.531291602255456,2.7662605348788984
18,bi,128,3,4,3,True,13.501031038868105,2.7480223718414676
18,bi,128,3,4,4,False,13.461865828183365,2.7523866917001163
18,bi,128,3,4,4,True,13.460230886528722,2.74432834733169
18,bi,128,3,4,5,False,13.375463523919315,2.705837288041875
18,bi,128,3,4,5,True,13.41896018771317,2.733622852524927
18,bi,128,3,4,6,False,13.814591115156155,2.8610435108447216
18,bi,128,3,4,6,True,13.436813733306812,2.7444520871982467
18,bi,128,3,4,7,False,13.289900829846673,2.7052245589570747
18,bi,128,3,4,7,True,13.404700444222259,2.73554162200618
18,bi,128,3,4,8,False,13.632311784538828,2.817460652939829
18,bi,128,3,4,8,True,13.42133027457785,2.7446588736770248
18,bi,128,3,4,9,False,13.370983633565073,2.7392422650552826
18,bi,128,3,4,9,True,13.407463981958971,2.742818316083252
18,bi,128,3,4,10,False,13.326187599973052,2.7205383519265216
18,bi,128,3,4,10,True,13.382586468034875,2.7363052387191837
18,bi,128,3,4,11,False,13.277670893539513,2.7028868329138933
18,bi,128,3,4,11,True,13.357439240250372,2.72961689847612
18,bi,128,3,4,12,False,13.191946005378,2.6671459299269085
18,bi,128,3,4,12,True,13.325742414478162,2.7212294134136856
18,bi,128,3,4,13,False,13.424734543597983,2.7123934947212667
18,bi,128,3,4,13,True,13.32137598671242,2.7189193616797636
18,bi,128,3,4,14,False,13.257181826758831,2.7150065082266024
18,bi,128,3,4,14,True,13.305759801552188,2.717179300556161
18,bi,128,3,4,15,False,13.293745430892427,2.7076439426989225
18,bi,128,3,4,15,True,13.289263044581563,2.71439761521431
18,bi,128,3,5,1,False,13.628107768189127,2.7483465128741296
18,bi,128,3,5,1,True,13.628107768189127,2.7483465128741296
18,bi,128,3,5,2,False,13.431709095520635,2.711095829921381
18,bi,128,3,5,2,True,13.460842214725075,2.7199483591768336
18,bi,128,3,5,3,False,13.401063398895525,2.703737958059943
18,bi,128,3,5,3,True,13.417822016702297,2.709176608328391
18,bi,128,3,5,4,False,13.400482122617445,2.699814136774363
18,bi,128,3,5,4,True,13.354819801208619,2.6964567971489184
18,bi,128,3,5,5,False,13.567170916156831,2.784293517192364
18,bi,128,3,5,5,True,13.345091451379574,2.70229938323806
18,bi,128,3,5,6,False,13.278900177270556,2.693427928925083
18,bi,128,3,5,6,True,13.304950423962715,2.6965278694429746
18,bi,128,3,5,7,False,13.21250167767156,2.6876427685641864
18,bi,128,3,5,7,True,13.275969200318933,2.693213962590897
18,bi,128,3,5,8,False,13.229456797974867,2.6929699566946965
18,bi,128,3,5,8,True,13.259839220044487,2.6911521098010036
18,bi,128,3,5,9,False,13.427110708715706,2.7689883454664246
18,bi,128,3,5,9,True,13.258870402143016,2.694188930326781
18,bi,128,3,5,10,False,13.237055272869112,2.685273089437789
18,bi,128,3,5,10,True,13.244183324396724,2.6914766100120957
18,bi,128,3,5,11,False,13.334098954328882,2.7368156454281807
18,bi,128,3,5,11,True,13.239038894265605,2.6926091335657967
18,bi,128,3,5,12,False,13.148676573125602,2.6663880135129974
18,bi,128,3,5,12,True,13.217357721249611,2.688494795221991
18,bi,128,3,5,13,False,13.259925597153352,2.682382539035336
18,bi,128,3,5,13,True,13.203904498058545,2.6866771623550796
18,bi,128,3,5,14,False,13.22097122057284,2.6987848464311175
18,bi,128,3,5,14,True,13.195978503735601,2.686255660395949
18,bi,128,3,5,15,False,13.399226920307317,2.752705025735274
18,bi,128,3,5,15,True,13.191473717745753,2.6871163713384814
18,bi,128,3,6,1,False,13.947175124549666,2.7611983021581015
18,bi,128,3,6,1,True,13.947175124549666,2.7611983021581015
18,bi,128,3,6,2,False,14.059580389748788,2.938744661591827
18,bi,128,3,6,2,True,13.790193232706667,2.809948246097493
18,bi,128,3,6,3,False,13.342806417464603,2.713483320049566
18,bi,128,3,6,3,True,13.49203947728687,2.7487348113388985
18,bi,128,3,6,4,False,13.299315283048898,2.6968787412466595
18,bi,128,3,6,4,True,13.372868384216153,2.7224040462701606
18,bi,128,3,6,5,False,13.559625935516943,2.7829948688458543
18,bi,128,3,6,5,True,13.360544924535368,2.723893507586376
18,bi,128,3,6,6,False,13.48764957772026,2.766697058463799
18,bi,128,3,6,6,True,13.3870224056672,2.736440934712203
18,bi,128,3,6,7,False,13.809185777619964,2.8597313359620506
18,bi,128,3,6,7,True,13.463326899010529,2.7617296927932107
18,bi,128,3,6,8,False,13.360982413896737,2.7414905321820884
18,bi,128,3,6,8,True,13.425791744279133,2.75290557513107
18,bi,128,3,6,9,False,13.737539194937595,2.8356853772596193
18,bi,128,3,6,9,True,13.469345313821957,2.765648817745871
18,bi,128,3,6,10,False,13.293004678251913,2.6973832894227097
18,bi,128,3,6,10,True,13.431409034352253,2.7534051501366945
18,bi,128,3,6,11,False,13.273423767846857,2.701307156676584
18,bi,128,3,6,11,True,13.394665825955279,2.7429753353477104
18,bi,128,3,6,12,False,13.594864377953437,2.812702936179285
18,bi,128,3,6,12,True,13.412981275651125,2.7507470642510117
18,bi,128,3,6,13,False,13.452651734990027,2.772752436201802
18,bi,128,3,6,13,True,13.421125078557557,2.7557548031917722
18,bi,128,3,6,14,False,13.256209951107463,2.692658895470668
18,bi,128,3,6,14,True,13.383707355661778,2.7455053465540065
18,bi,128,3,6,15,False,13.29195696565521,2.7022724620178415
18,bi,128,3,6,15,True,13.36458399517035,2.7391992551958526
18,bi,128,3,7,1,False,14.053952661137439,2.8524335872719417
18,bi,128,3,7,1,True,14.053952661137439,2.8524335872719417
18,bi,128,3,7,2,False,13.387633979268198,2.7080164876987993
18,bi,128,3,7,2,True,13.61305247448968,2.762856470416388
18,bi,128,3,7,3,False,13.48103808477994,2.721534682224355
18,bi,128,3,7,3,True,13.423817088359572,2.7193291174546355
18,bi,128,3,7,4,False,13.342671363420587,2.7060773713041746
18,bi,128,3,7,4,True,13.363287306682976,2.7090276278782675
18,bi,128,3,7,5,False,13.487652619855059,2.7642142837590975
18,bi,128,3,7,5,True,13.382941127077764,2.7197539214888478
18,bi,128,3,7,6,False,13.35302251998439,2.721873099720296
18,bi,128,3,7,6,True,13.35473354294146,2.7168692314352842
18,bi,128,3,7,7,False,13.344399853365339,2.689157063661361
18,bi,128,3,7,7,True,13.32175813881271,2.707736437039971
18,bi,128,3,7,8,False,13.24563727025165,2.6893408429337557
18,bi,128,3,7,8,True,13.29925344351637,2.7020834904540365
18,bi,128,3,7,9,False,13.207612046942284,2.6836045591232653
18,bi,128,3,7,9,True,13.280853542195437,2.697523678593426
18,bi,128,3,7,10,False,13.318385529539766,2.7223372146300635
18,bi,128,3,7,10,True,13.277076785967491,2.6993508372964565
18,bi,128,3,7,11,False,13.175199999142853,2.669243521142171
18,bi,128,3,7,11,True,13.255160795059005,2.694677557474626
18,bi,128,3,7,12,False,13.306691038769195,2.7280443100397975
18,bi,128,3,7,12,True,13.25228435375111,2.696986032908784
18,bi,128,3,7,13,False,13.643129797847774,2.825494677708266
18,bi,128,3,7,13,True,13.258674517443175,2.699743325810803
18,bi,128,3,7,14,False,13.29151995182029,2.686852326185423
18,bi,128,3,7,14,True,13.253520200429522,2.6976872601668687
18,bi,128,3,7,15,False,13.346165564113935,2.709097127144561
18,bi,128,3,7,15,True,13.251742472876153,2.69800143420266
18,bi,128,3,8,1,False,14.521305405199424,3.0013095553164377
18,bi,128,3,8,1,True,14.521305405199424,3.0013095553164377
18,bi,128,3,8,2,False,13.703313360200182,2.8073466684786488
18,bi,128,3,8,2,True,14.018429694255893,2.8889258607428534
18,bi,128,3,8,3,False,13.348238174781233,2.689185655141124
18,bi,128,3,8,3,True,13.67957596143565,2.8043920473517585
18,bi,128,3,8,4,False,13.42494808564658,2.7249623567390575
18,bi,128,3,8,4,True,13.498341051238295,2.7541944873349116
18,bi,128,3,8,5,False,13.296289056267721,2.699783490826491
18,bi,128,3,8,5,True,13.385582464815373,2.723854612911803
18,bi,128,3,8,6,False,13.38607409986906,2.7178922206763736
18,bi,128,3,8,6,True,13.356038014058994,2.7168964003121077
18,bi,128,3,8,7,False,13.738162118716367,2.8472844559182935
18,bi,128,3,8,7,True,13.375571014834433,2.7260708790515737
18,bi,128,3,8,8,False,13.40382934514361,2.7420079065461853
18,bi,128,3,8,8,True,13.372697405070324,2.7288370212099697
18,bi,128,3,8,9,False,13.31154078432118,2.725756811490065
18,bi,128,3,8,9,True,13.360048762710012,2.7280411494559242
18,bi,128,3,8,10,False,13.317351943262194,2.7234104809404522
18,bi,128,3,8,10,True,13.344280778132404,2.725736352183623
18,bi,128,3,8,11,False,13.228857636875713,2.6956154418268565
18,bi,128,3,8,11,True,13.325501452652054,2.721389076370713
18,bi,128,3,8,12,False,13.30343634054172,2.721007366960067
18,bi,128,3,8,12,True,13.313201615453998,2.7199887113178924
18,bi,128,3,8,13,False,13.179015442729376,2.68117647396525
18,bi,128,3,8,13,True,13.294714206239563,2.7152183024509573
18,bi,128,3,8,14,False,13.60332839564492,2.8074421506303677
18,bi,128,3,8,14,True,13.296253553944949,2.7182441326653612
18,bi,128,3,8,15,False,13.66923079930049,2.8008189710427995
18,bi,128,3,8,15,True,13.29870296321796,2.7204495587715476
18,bi,128,3,9,1,False,13.939149836849007,2.816432647908794
18,bi,128,3,9,1,True,13.939149836849007,2.816432647908794
18,bi,128,3,9,2,False,13.712613688179855,2.7876812327447467
18,bi,128,3,9,2,True,13.693988036407351,2.7852494390710723
18,bi,128,3,9,3,False,13.446602479764751,2.7415175965592073
18,bi,128,3,9,3,True,13.54718440135114,2.762221394289326
18,bi,128,3,9,4,False,13.305127948252355,2.678537013936118
18,bi,128,3,9,4,True,13.431731612100693,2.7329811273245195
18,bi,128,3,9,5,False,13.59148429427173,2.7950845288017523
18,bi,128,3,9,5,True,13.426631717864002,2.739241409598267
18,bi,128,3,9,6,False,13.296537213016256,2.6928582228231677
18,bi,128,3,9,6,True,13.372806764423771,2.7250660150377883
18,bi,128,3,9,7,False,13.47071682300537,2.7548290375412274
18,bi,128,3,9,7,True,13.376759498030168,2.7290480022194017
18,bi,128,3,9,8,False,13.365998883431477,2.724464095797571
18,bi,128,3,9,8,True,13.364008794070525,2.7251543386049235
18,bi,128,3,9,9,False,13.48983808553444,2.7650020001844955
18,bi,128,3,9,9,True,13.370492596438757,2.7278954704856595
18,bi,128,3,9,10,False,13.267574773104194,2.676895693433669
18,bi,128,3,9,10,True,13.342924951009225,2.7193989306446436
18,bi,128,3,9,11,False,13.382549053902563,2.7421149529663538
18,bi,128,3,9,11,True,13.344761910999063,2.7225507210865616
18,bi,128,3,9,12,False,13.281579228649843,2.710603696766095
18,bi,128,3,9,12,True,13.329239713948397,2.7195266154546798
18,bi,128,3,9,13,False,13.375769347888992,2.74673667915583
18,bi,128,3,9,13,True,13.328321066698937,2.7218264334317652
18,bi,128,3,9,14,False,13.378638568285275,2.721740948991119
18,bi,128,3,9,14,True,13.321226917936011,2.720861446492678
18,bi,128,3,9,15,False,13.408834729586138,2.769214984694517
18,bi,128,3,9,15,True,13.319379247822763,2.72243985209606
18,bi,128,3,,0,True,13.764928990547824,2.781362858287077
18,bi,128,3,,1,True,13.502842511919257,2.746735642709273
18,bi,128,3,,2,True,13.355641905457063,2.7054083982394768
18,bi,128,3,,3,True,13.295260296970593,2.6962434117476297
18,bi,128,3,,4,True,13.403570977229592,2.7389571535799417
18,bi,128,3,,5,True,13.28878988232599,2.7037602970402173
18,bi,128,3,,6,True,13.309648708487844,2.7136485267713475
18,bi,128,3,,7,True,13.324763565089553,2.7257857430042782
18,bi,128,3,,8,True,13.363227779271977,2.7440616433252356
18,bi,128,3,,9,True,13.242033767572531,2.7005164181830366
18,bi,128,3,,10,True,13.208767805758804,2.695115754270256
18,bi,128,3,,11,True,13.227051357685307,2.703741469521478
18,bi,128,3,,12,True,13.215237818733389,2.697899293906695
18,bi,128,3,,13,True,13.209989907703514,2.701633723460124
18,bi,128,3,,14,True,13.253608928343377,2.7195579433503503
18,bi,128,3,,,True,13.260481044581494,2.7090780978273146
18,bi,256,2,0,1,False,13.651068006525332,2.7421518969275165
18,bi,256,2,0,1,True,13.651068006525332,2.7421518969275165
18,bi,256,2,0,2,False,13.529811100809356,2.749717481837947
18,bi,256,2,0,2,True,13.539587942159942,2.7401978850163498
18,bi,256,2,0,3,False,13.350407920374565,2.728889930191691
18,bi,256,2,0,3,True,13.4591320577678,2.736524066995576
18,bi,256,2,0,4,False,13.351700442734982,2.695814738659817
18,bi,256,2,0,4,True,13.39507726755855,2.721302453076835
18,bi,256,2,0,5,False,13.246138404452642,2.6865222409351004
18,bi,256,2,0,5,True,13.33454270208082,2.7091116875646706
18,bi,256,2,0,6,False,13.41835006414743,2.7517839196731138
18,bi,256,2,0,6,True,13.326688966916734,2.7141919502229115
18,bi,256,2,0,7,False,13.791801184811325,2.86911848179756
18,bi,256,2,0,7,True,13.345586995086967,2.724468472278543
18,bi,256,2,0,8,False,13.287742174461647,2.70273583989142
18,bi,256,2,0,8,True,13.316952372437985,2.716026331635956
18,bi,256,2,0,9,False,13.625292569738798,2.8285416503353016
18,bi,256,2,0,9,True,13.338203910074892,2.7263287256343878
18,bi,256,2,0,10,False,13.293504453941313,2.704630728113995
18,bi,256,2,0,10,True,13.320659851015531,2.7200001549563715
18,bi,256,2,0,11,False,13.544767163387982,2.754282241698522
18,bi,256,2,0,11,True,13.327852652261846,2.72308805550233
18,bi,256,2,0,12,False,13.399253034303593,2.7200369910458364
18,bi,256,2,0,12,True,13.316641017495503,2.720396892349199
18,bi,256,2,0,13,False,13.288487353355599,2.6958768322928734
18,bi,256,2,0,13,True,13.306273325035033,2.7162113196308355
18,bi,256,2,0,14,False,13.319315024561904,2.7225296382861086
18,bi,256,2,0,14,True,13.299221186515242,2.715732269159849
18,bi,256,2,0,15,False,13.470968141384812,2.7173901934650733
18,bi,256,2,0,15,True,13.28487062891131,2.711835247487848
18,bi,256,2,1,1,False,13.537704314239248,2.6940521225287615
18,bi,256,2,1,1,True,13.537704314239248,2.6940521225287615
18,bi,256,2,1,2,False,13.52227839268591,2.7682808717347185
18,bi,256,2,1,2,True,13.383637460300628,2.6993364218312195
18,bi,256,2,1,3,False,13.242147372900577,2.6799885111493285
18,bi,256,2,1,3,True,13.28005858708148,2.6825738454225023
18,bi,256,2,1,4,False,13.296116514483874,2.7117829652056824
18,bi,256,2,1,4,True,13.258694111196439,2.6896147026786856
18,bi,256,2,1,5,False,13.295069734780574,2.6890404106452226
18,bi,256,2,1,5,True,13.246981814950745,2.6852243627808408
18,bi,256,2,1,6,False,13.398391974155539,2.732354388863482
18,bi,256,2,1,6,True,13.269680599248272,2.6946591745814006
18,bi,256,2,1,7,False,13.335287448367673,2.7132993632768514
18,bi,256,2,1,7,True,13.291669154929878,2.703021654916509
18,bi,256,2,1,8,False,13.375698420718091,2.7444903470965856
18,bi,256,2,1,8,True,13.299993764233186,2.7085200606135635
18,bi,256,2,1,9,False,13.393873512582955,2.7463351433707555
18,bi,256,2,1,9,True,13.31152374689479,2.7135563147653508
18,bi,256,2,1,10,False,13.24037410615164,2.697912195758423
18,bi,256,2,1,10,True,13.29684382695472,2.710312725861144
18,bi,256,2,1,11,False,13.355685729699863,2.7417365814927677
18,bi,256,2,1,11,True,13.304541778379914,2.713978923775216
18,bi,256,2,1,12,False,13.379579920485158,2.7070223875623927
18,bi,256,2,1,12,True,13.299404553262429,2.7112243086282732
18,bi,256,2,1,13,False,13.426478409440328,2.7529195604293495
18,bi,256,2,1,13,True,13.303374074617244,2.7132381926377485
18,bi,256,2,1,14,False,13.23727872009547,2.695709141564009
18,bi,256,2,1,14,True,13.294639675094235,2.7110332732257585
18,bi,256,2,1,15,False,13.384062382987771,2.745764350074648
18,bi,256,2,1,15,True,13.289326967414377,2.711274528263227
18,bi,256,2,2,1,False,13.523192065547635,2.715210086810717
18,bi,256,2,2,1,True,13.523192065547635,2.715210086810717
18,bi,256,2,2,2,False,13.334145300153395,2.6908582325088304
18,bi,256,2,2,2,True,13.384616471965595,2.6961838092381987
18,bi,256,2,2,3,False,13.315306944370723,2.6918751949077615
18,bi,256,2,2,3,True,13.306589896938373,2.683095249739988
18,bi,256,2,2,4,False,13.421007955042006,2.7507750379954192
18,bi,256,2,2,4,True,13.289664470899345,2.692587115816171
18,bi,256,2,2,5,False,13.357396884014127,2.72682031278663
18,bi,256,2,2,5,True,13.274266750405166,2.6957639867527416
18,bi,256,2,2,6,False,13.576019945716954,2.8075801900128403
18,bi,256,2,2,6,True,13.296799445524252,2.7084279197553967
18,bi,256,2,2,7,False,13.286410888387692,2.6876159753325624
18,bi,256,2,2,7,True,13.274273624025103,2.6988424145129284
18,bi,256,2,2,8,False,13.358527142788304,2.72621445537635
18,bi,256,2,2,8,True,13.285965556550998,2.7037586378555742
18,bi,256,2,2,9,False,13.312844181995052,2.714805298957023
18,bi,256,2,2,9,True,13.294724603033277,2.7072453713916413
18,bi,256,2,2,10,False,13.405435009618477,2.7369347512815363
18,bi,256,2,2,10,True,13.303509153968239,2.710185592837449
18,bi,256,2,2,11,False,13.395225017641689,2.7313313464177047
18,bi,256,2,2,11,True,13.317178822903495,2.71361755058098
18,bi,256,2,2,12,False,13.440005021936953,2.7388719118582476
18,bi,256,2,2,12,True,13.315211608412273,2.71432136965761
18,bi,256,2,2,13,False,13.250684026830584,2.691367651084982
18,bi,256,2,2,13,True,13.303907463044325,2.7116086259594354
18,bi,256,2,2,14,False,13.753088004792374,2.8421450673192257
18,bi,256,2,2,14,True,13.30651209953042,2.713760672300357
18,bi,256,2,2,15,False,13.402244044055967,2.7366855791577582
18,bi,256,2,2,15,True,13.30446136101044,2.7144880792596715
18,bi,256,2,3,1,False,13.994028392626902,2.896603487984958
18,bi,256,2,3,1,True,13.994028392626902,2.896603487984958
18,bi,256,2,3,2,False,13.305375490438367,2.6860778292430774
18,bi,256,2,3,2,True,13.476377438712996,2.7470244762305462
18,bi,256,2,3,3,False,13.356455819524376,2.706976777742158
18,bi,256,2,3,3,True,13.349244647353979,2.7061592459080654
18,bi,256,2,3,4,False,13.2747173666971,2.6796596368073655
18,bi,256,2,3,4,True,13.295511879096633,2.690014826929005
18,bi,256,2,3,5,False,13.29169065406154,2.70105693371538
18,bi,256,2,3,5,True,13.295590334125674,2.692730149393472
18,bi,256,2,3,6,False,13.315699301177453,2.715047500806806
18,bi,256,2,3,6,True,13.28805741205105,2.694641863789087
18,bi,256,2,3,7,False,13.382518774343954,2.744426330180023
18,bi,256,2,3,7,True,13.303973885917364,2.703112515625805
18,bi,256,2,3,8,False,13.426700135697262,2.7387101649796803
18,bi,256,2,3,8,True,13.31687715685822,2.708473737748151
18,bi,256,2,3,9,False,13.269802932270276,2.699822641832516
18,bi,256,2,3,9,True,13.30211116650374,2.704869914420056
18,bi,256,2,3,10,False,13.24675110830772,2.692570420174077
18,bi,256,2,3,10,True,13.284927190034002,2.7011201905177233
18,bi,256,2,3,11,False,13.447120704447983,2.757834121443607
18,bi,256,2,3,11,True,13.288036794557117,2.703979310905235
18,bi,256,2,3,12,False,13.372799591437403,2.717066176782048
18,bi,256,2,3,12,True,13.290585110951888,2.7048377371345715
18,bi,256,2,3,13,False,13.263242403879552,2.6950549407728435
18,bi,256,2,3,13,True,13.283892044140762,2.7025674434574714
18,bi,256,2,3,14,False,13.279943093804647,2.687492300977151
18,bi,256,2,3,14,True,13.27118919401502,2.699749992852639
18,bi,256,2,3,15,False,13.220923490751264,2.688597524770193
18,bi,256,2,3,15,True,13.26332366650551,2.6980339744238653
18,bi,256,2,4,1,False,13.728177520180916,2.794393736207863
18,bi,256,2,4,1,True,13.728177520180916,2.794393736207863
18,bi,256,2,4,2,False,13.577215030874523,2.788431227527349
18,bi,256,2,4,2,True,13.61374858358884,2.7854464286572327
18,bi,256,2,4,3,False,13.28879769127237,2.6944671870339536
18,bi,256,2,4,3,True,13.482635775974654,2.7568622929963396
18,bi,256,2,4,4,False,13.555846689999804,2.7795578908538143
18,bi,256,2,4,4,True,13.447485324295238,2.753177450488536
18,bi,256,2,4,5,False,13.35893615167018,2.73627896506174
18,bi,256,2,4,5,True,13.411804688564109,2.7470203941628846
18,bi,256,2,4,6,False,13.261677300941619,2.6928155313841624
18,bi,256,2,4,6,True,13.357858203407686,2.7309673189072416
18,bi,256,2,4,7,False,13.290967592087489,2.709238983183729
18,bi,256,2,4,7,True,13.324356298981048,2.721374664326454
18,bi,256,2,4,8,False,13.397075105487405,2.7520783623347125
18,bi,256,2,4,8,True,13.333658022965881,2.7264954122367926
18,bi,256,2,4,9,False,13.44009750730643,2.768566811774529
18,bi,256,2,4,9,True,13.351694454139889,2.7337763575531797
18,bi,256,2,4,10,False,13.550684729292625,2.7956221439541045
18,bi,256,2,4,10,True,13.361445284767806,2.737317978283363
18,bi,256,2,4,11,False,13.308131630546757,2.7202768049628783
18,bi,256,2,4,11,True,13.353342019285595,2.735445702398302
18,bi,256,2,4,12,False,13.54076658374832,2.782776867554273
18,bi,256,2,4,12,True,13.367342463313786,2.7396486409791927
18,bi,256,2,4,13,False,13.463256649683027,2.7599462207614347
18,bi,256,2,4,13,True,13.371345675852114,2.740659934105201
18,bi,256,2,4,14,False,13.396250852270274,2.7240715477434856
18,bi,256,2,4,14,True,13.36030607086269,2.7369653418354813
18,bi,256,2,4,15,False,13.4756855385818,2.7519421712228778
18,bi,256,2,4,15,True,13.358377335840773,2.7363746717357946
18,bi,256,2,5,1,False,13.511891006642808,2.707544130491275
18,bi,256,2,5,1,True,13.511891006642808,2.707544130491275
18,bi,256,2,5,2,False,13.319551640548141,2.676021026064754
18,bi,256,2,5,2,True,13.341623122139522,2.6786884153554222
18,bi,256,2,5,3,False,13.240533425089135,2.683281228555667
18,bi,256,2,5,3,True,13.282812888992034,2.676235543162815
18,bi,256,2,5,4,False,13.35799187363977,2.7243308973662015
18,bi,256,2,5,4,True,13.247464485428216,2.680423990554667
18,bi,256,2,5,5,False,13.347140016920081,2.7105060552007307
18,bi,256,2,5,5,True,13.256540622211471,2.6882275170742944
18,bi,256,2,5,6,False,13.368614555176155,2.7308912762210866
18,bi,256,2,5,6,True,13.254639271151259,2.6909322561820614
18,bi,256,2,5,7,False,13.265075592614062,2.7000678788748083
18,bi,256,2,5,7,True,13.260179195748862,2.693822597823801
18,bi,256,2,5,8,False,13.44245314857059,2.7683316138806893
18,bi,256,2,5,8,True,13.26390477005048,2.698245575861847
18,bi,256,2,5,9,False,13.226517216329233,2.697007268548235
18,bi,256,2,5,9,True,13.254228573741328,2.69642029387568
18,bi,256,2,5,10,False,13.228730787686741,2.690772201928708
18,bi,256,2,5,10,True,13.244390788850016,2.6959769888002127
18,bi,256,2,5,11,False,13.197120945266864,2.6822039429102067
18,bi,256,2,5,11,True,13.23221010922477,2.693698862640657
18,bi,256,2,5,12,False,13.226085164201526,2.6931870593288365
18,bi,256,2,5,12,True,13.222909187508428,2.6923758292478657
18,bi,256,2,5,13,False,13.352983444827522,2.719527643664117
18,bi,256,2,5,13,True,13.219508229867014,2.6920970430497237
18,bi,256,2,5,14,False,13.299718573154182,2.6934034485580645
18,bi,256,2,5,14,True,13.216585942963896,2.6917951005717047
18,bi,256,2,5,15,False,13.411521085606816,2.749358821016851
18,bi,256,2,5,15,True,13.21760131970134,2.6928989506000596
18,bi,256,2,6,1,False,13.637127888155513,2.756997345345458
18,bi,256,2,6,1,True,13.637127888155513,2.756997345345458
18,bi,256,2,6,2,False,13.380763444371723,2.6809004365722693
18,bi,256,2,6,2,True,13.42977633143184,2.704827808768576
18,bi,256,2,6,3,False,13.410600158943668,2.726371962650693
18,bi,256,2,6,3,True,13.395460382650121,2.709095162387157
18,bi,256,2,6,4,False,13.405802529825799,2.7416351575454403
18,bi,256,2,6,4,True,13.362587571002718,2.7125462073744524
18,bi,256,2,6,5,False,13.381127835823015,2.7237526416710818
18,bi,256,2,6,5,True,13.350817806243734,2.7156293249903616
18,bi,256,2,6,6,False,13.749613639844123,2.8636161272525293
18,bi,256,2,6,6,True,13.372411850984603,2.727012365677403
18,bi,256,2,6,7,False,13.372829787613503,2.734193534209272
18,bi,256,2,6,7,True,13.372156871536475,2.7282893904163124
18,bi,256,2,6,8,False,13.221521128272173,2.6802514788997893
18,bi,256,2,6,8,True,13.337338543318191,2.7198483788111782
18,bi,256,2,6,9,False,13.46332566991661,2.7585137142991325
18,bi,256,2,6,9,True,13.349648825344714,2.7245680418638334
18,bi,256,2,6,10,False,13.383254134867054,2.7348433326424395
18,bi,256,2,6,10,True,13.346172286841238,2.7255610339818364
18,bi,256,2,6,11,False,13.350192738803694,2.734479463972021
18,bi,256,2,6,11,True,13.343247075341475,2.7264964682950397
18,bi,256,2,6,12,False,13.451737387065426,2.7639596062788723
18,bi,256,2,6,12,True,13.342941158467468,2.72821844923508
18,bi,256,2,6,13,False,13.28153807090441,2.6981174871107148
18,bi,256,2,6,13,True,13.326991421466658,2.724363591411772
18,bi,256,2,6,14,False,13.39434099146074,2.73382453083653
18,bi,256,2,6,14,True,13.32317301740467,2.7248105390595665
18,bi,256,2,6,15,False,13.481447212882552,2.756600752916678
18,bi,256,2,6,15,True,13.32642582485093,2.7263074815995156
18,bi,256,2,7,1,False,13.810291699275323,2.7902883727739245
18,bi,256,2,7,1,True,13.810291699275323,2.7902883727739245
18,bi,256,2,7,2,False,13.501861595993335,2.6996299058797315
18,bi,256,2,7,2,True,13.592052829164707,2.7335713330411213
18,bi,256,2,7,3,False,13.980275256214703,2.89715878567157
18,bi,256,2,7,3,True,13.657705193633527,2.7659634127150903
18,bi,256,2,7,4,False,13.352970771258338,2.7057691347465007
18,bi,256,2,7,4,True,13.501783301767526,2.7317268006869284
18,bi,256,2,7,5,False,13.211018682330366,2.681712899351732
18,bi,256,2,7,5,True,13.372173126885532,2.7036086145591196
18,bi,256,2,7,6,False,13.392557376359834,2.751111312277685
18,bi,256,2,7,6,True,13.354093711641125,2.7121771462826305
18,bi,256,2,7,7,False,13.337550306128572,2.7339652753220367
18,bi,256,2,7,7,True,13.351598367872562,2.7200279954126896
18,bi,256,2,7,8,False,13.249232572181207,2.7044410245586956
18,bi,256,2,7,8,True,13.296759639613285,2.711947534160146
18,bi,256,2,7,9,False,13.314553567989504,2.7273962308710247
18,bi,256,2,7,9,True,13.294207286058356,2.716585579969411
18,bi,256,2,7,10,False,13.334036855738864,2.732307839476493
18,bi,256,2,7,10,True,13.285865951794953,2.716007343543188
18,bi,256,2,7,11,False,13.30101783754098,2.7074581766237564
18,bi,256,2,7,11,True,13.284371602221025,2.7140728760986166
18,bi,256,2,7,12,False,13.315705528258002,2.7229531925727004
18,bi,256,2,7,12,True,13.28418492340185,2.71452417511012
18,bi,256,2,7,13,False,13.227841823195309,2.6939841033334635
18,bi,256,2,7,13,True,13.275138005706395,2.7119640728592445
18,bi,256,2,7,14,False,13.219215137380614,2.6913726452335522
18,bi,256,2,7,14,True,13.262042940462507,2.7091402848483432
18,bi,256,2,7,15,False,13.533340379546239,2.7557744243231963
18,bi,256,2,7,15,True,13.25860191376596,2.708120551120287
18,bi,256,2,8,1,False,14.646419270104149,3.075771742562927
18,bi,256,2,8,1,True,14.646419270104149,3.075771742562927
18,bi,256,2,8,2,False,13.366373598865762,2.6880190268638193
18,bi,256,2,8,2,True,13.650551420468787,2.786930142737499
18,bi,256,2,8,3,False,13.39371919254313,2.7291640396829258
18,bi,256,2,8,3,True,13.429048266947751,2.7274628168866872
18,bi,256,2,8,4,False,13.43520479663011,2.756510423781705
18,bi,256,2,8,4,True,13.41695147837216,2.7380196574248457
18,bi,256,2,8,5,False,13.242532206644606,2.6848030446621673
18,bi,256,2,8,5,True,13.36102656770672,2.7245653723950602
18,bi,256,2,8,6,False,13.30837613575724,2.7098876340019014
18,bi,256,2,8,6,True,13.323055550749775,2.714331494452308
18,bi,256,2,8,7,False,13.310096357010462,2.7057007691689487
18,bi,256,2,8,7,True,13.304408768960782,2.708965826734076
18,bi,256,2,8,8,False,13.346574322815089,2.729913814075679
18,bi,256,2,8,8,True,13.310388958764237,2.7128260995292424
18,bi,256,2,8,9,False,13.381113820577815,2.7042300324702957
18,bi,256,2,8,9,True,13.305853313487503,2.7093568068426284
18,bi,256,2,8,10,False,13.352973791765642,2.7402167406116447
18,bi,256,2,8,10,True,13.313378765246739,2.7138090440204334
18,bi,256,2,8,11,False,13.461331939377782,2.7549953095522985
18,bi,256,2,8,11,True,13.323798376839266,2.718179018649078
18,bi,256,2,8,12,False,13.551570483186586,2.786205627980294
18,bi,256,2,8,12,True,13.332132705260488,2.7216793139120825
18,bi,256,2,8,13,False,13.16429727438155,2.671724501171565
18,bi,256,2,8,13,True,13.31735313124086,2.7176340092073072
18,bi,256,2,8,14,False,13.314023062341022,2.7048190851864775
18,bi,256,2,8,14,True,13.303348997093545,2.7142170525452882
18,bi,256,2,8,15,False,13.360770193543225,2.7285430978544216
18,bi,256,2,8,15,True,13.308510929965149,2.716574173268075
18,bi,256,2,9,1,False,13.451209710056451,2.714207630934695
18,bi,256,2,9,1,True,13.451209710056451,2.714207630934695
18,bi,256,2,9,2,False,13.281549228198791,2.682462636121982
18,bi,256,2,9,2,True,13.319750531668973,2.6907903086615734
18,bi,256,2,9,3,False,13.287382995999494,2.6891337209364137
18,bi,256,2,9,3,True,13.283708024337326,2.6846995802584805
18,bi,256,2,9,4,False,13.539202625948874,2.788924438725299
18,bi,256,2,9,4,True,13.28807542712623,2.694648681269019
18,bi,256,2,9,5,False,13.409757880963795,2.7487118522049006
18,bi,256,2,9,5,True,13.302099764259605,2.7046384038215012
18,bi,256,2,9,6,False,13.288345305461254,2.7073900857155104
18,bi,256,2,9,6,True,13.291999891020344,2.7060101113181867
18,bi,256,2,9,7,False,13.275322922704483,2.69622363200868
18,bi,256,2,9,7,True,13.264754543777146,2.6986630298656653
18,bi,256,2,9,8,False,13.234466653800872,2.685905920712535
18,bi,256,2,9,8,True,13.245480258761987,2.6928787576404574
18,bi,256,2,9,9,False,13.473930029223425,2.776565836769877
18,bi,256,2,9,9,True,13.254912311417833,2.698003229940248
18,bi,256,2,9,10,False,13.19171809343436,2.677463330430568
18,bi,256,2,9,10,True,13.238264506522329,2.6925629472193635
18,bi,256,2,9,11,False,13.278484558990293,2.707781569006452
18,bi,256,2,9,11,True,13.240619333708466,2.694112974660556
18,bi,256,2,9,12,False,13.425891291480443,2.710142004279576
18,bi,256,2,9,12,True,13.242224057182426,2.6932139859395874
18,bi,256,2,9,13,False,13.462576215637478,2.7665397664276643
18,bi,256,2,9,13,True,13.248625774016526,2.6967750437224502
18,bi,256,2,9,14,False,13.432125418576359,2.7682119113482377
18,bi,256,2,9,14,True,13.25652249656156,2.7015013218235024
18,bi,256,2,9,15,False,13.318436569787425,2.718181168482579
18,bi,256,2,9,15,True,13.259154375659868,2.7032047085213
18,bi,256,2,,0,True,13.585598996139195,2.7440172750359095
18,bi,256,2,,1,True,13.306947961860063,2.686502361351445
18,bi,256,2,,2,True,13.275145194464786,2.6944876646230873
18,bi,256,2,,3,True,13.34290011435216,2.7220862423817764
18,bi,256,2,,4,True,13.273800951254518,2.7007436883191698
18,bi,256,2,,5,True,13.334601730064342,2.72481268660288
18,bi,256,2,,6,True,13.29247049347903,2.7116061206907576
18,bi,256,2,,7,True,13.310853151717605,2.723156994646646
18,bi,256,2,,8,True,13.332295684871003,2.7297056954150896
18,bi,256,2,,9,True,13.276461195024899,2.712224523025567
18,bi,256,2,,10,True,13.317745005304985,2.7235608394457436
18,bi,256,2,,11,True,13.316084690174026,2.717647170439886
18,bi,256,2,,12,True,13.241501698564363,2.699186434866429
18,bi,256,2,,13,True,13.258640415727916,2.70330366701186
18,bi,256,2,,14,True,13.31220211774496,2.7231333652590486
18,bi,256,2,,,True,13.279960735452306,2.7101941897031327
18,bi,256,3,0,1,False,13.620792855515504,2.7474005069592926
18,bi,256,3,0,1,True,13.620792855515504,2.7474005069592926
18,bi,256,3,0,2,False,13.465962152861135,2.6823681601479583
18,bi,256,3,0,2,True,13.439135477717008,2.690344964914484
18,bi,256,3,0,3,False,13.428996719107055,2.734450465627969
18,bi,256,3,0,3,True,13.443802438509119,2.7185192892137264
18,bi,256,3,0,4,False,13.900790017514833,2.9155620483556057
18,bi,256,3,0,4,True,13.418373997617483,2.7312630542528047
18,bi,256,3,0,5,False,13.242294376135668,2.6682779946613735
18,bi,256,3,0,5,True,13.346923002276714,2.715140027721626
18,bi,256,3,0,6,False,13.371307188226117,2.747902713858185
18,bi,256,3,0,6,True,13.32622331645845,2.718853233088609
18,bi,256,3,0,7,False,13.506300217304151,2.748382075990223
18,bi,256,3,0,7,True,13.33729261099141,2.722608005061098
18,bi,256,3,0,8,False,13.449532285400595,2.7211476707543936
18,bi,256,3,0,8,True,13.31903928409787,2.718610989712312
18,bi,256,3,0,9,False,13.264479868363033,2.7044114236558285
18,bi,256,3,0,9,True,13.302882953662387,2.714833006078677
18,bi,256,3,0,10,False,13.603176159169264,2.7840366777726286
18,bi,256,3,0,10,True,13.311990394344221,2.718818758788014
18,bi,256,3,0,11,False,13.39707499421147,2.7500611732573486
18,bi,256,3,0,11,True,13.31016647898199,2.7207062591470996
18,bi,256,3,0,12,False,13.241956835025183,2.702745925638015
18,bi,256,3,0,12,True,13.29323232194667,2.7175919557734716
18,bi,256,3,0,13,False,13.21104495630553,2.701582211362825
18,bi,256,3,0,13,True,13.277883023717704,2.71477302132175
18,bi,256,3,0,14,False,13.395556838422578,2.722131853009632
18,bi,256,3,0,14,True,13.268059091792173,2.7122388261435355
18,bi,256,3,0,15,False,13.228316306178272,2.6769294901541922
18,bi,256,3,0,15,True,13.250778545874095,2.7075760785020933
18,bi,256,3,1,1,False,13.635116550825538,2.768353270591986
18,bi,256,3,1,1,True,13.635116550825538,2.768353270591986
18,bi,256,3,1,2,False,13.798552865183446,2.825465424229908
18,bi,256,3,1,2,True,13.668325922699553,2.787686407686283
18,bi,256,3,1,3,False,13.427461273603083,2.7183597515343516
18,bi,256,3,1,3,True,13.58207407785757,2.7621246886054625
18,bi,256,3,1,4,False,13.766812813179678,2.8697404031088367
18,bi,256,3,1,4,True,13.600419906747618,2.783842757314185
18,bi,256,3,1,5,False,13.449372479153782,2.756288912326296
18,bi,256,3,1,5,True,13.54392676342089,2.7737661567344607
18,bi,256,3,1,6,False,13.450798254880988,2.7670143587260942
18,bi,256,3,1,6,True,13.4890629496682,2.7677130779061256
18,bi,256,3,1,7,False,13.360602089637402,2.6928947222252284
18,bi,256,3,1,7,True,13.44060818835241,2.7521089415169473
18,bi,256,3,1,8,False,13.478184472436844,2.746466771511939
18,bi,256,3,1,8,True,13.437233742119476,2.7499210161664807
18,bi,256,3,1,9,False,13.623293115284735,2.812821548795587
18,bi,256,3,1,9,True,13.447105628800937,2.75406807469719
18,bi,256,3,1,10,False,13.552240956604997,2.782074737016555
18,bi,256,3,1,10,True,13.44487670745089,2.7546581680142554
18,bi,256,3,1,11,False,13.32402055102442,2.7395568360923948
18,bi,256,3,1,11,True,13.428622860481608,2.7530992844792617
18,bi,256,3,1,12,False,13.271018706510285,2.692549019806866
18,bi,256,3,1,12,True,13.400430182927774,2.7463068978768534
18,bi,256,3,1,13,False,13.281245856814891,2.6882373471795664
18,bi,256,3,1,13,True,13.377511431810271,2.740663781583694
18,bi,256,3,1,14,False,13.411959530762271,2.7279823531162357
18,bi,256,3,1,14,True,13.365628305904947,2.736957188854993
18,bi,256,3,1,15,False,13.318430852042926,2.70282029673022
18,bi,256,3,1,15,True,13.348795356080009,2.732303094455905
18,bi,256,3,2,1,False,13.666540796571635,2.724587498061408
18,bi,256,3,2,1,True,13.666540796571635,2.724587498061408
18,bi,256,3,2,2,False,13.656338532892937,2.774350340385921
18,bi,256,3,2,2,True,13.61115573278688,2.742135773993485
18,bi,256,3,2,3,False,13.55482926601311,2.7485732411719224
18,bi,256,3,2,3,True,13.586945776144905,2.752239440500897
18,bi,256,3,2,4,False,13.248062901201338,2.6774079846321968
18,bi,256,3,2,4,True,13.463068497506622,2.7255717151433756
18,bi,256,3,2,5,False,13.40247288584762,2.730655956409393
18,bi,256,3,2,5,True,13.444333967944289,2.7298234712734253
18,bi,256,3,2,6,False,13.198358783504126,2.66974003608046
18,bi,256,3,2,6,True,13.362866223546195,2.71205772226803
18,bi,256,3,2,7,False,13.403264418467915,2.7523465250973116
18,bi,256,3,2,7,True,13.363257187451378,2.721912477732751
18,bi,256,3,2,8,False,13.404278474783819,2.7019889881689667
18,bi,256,3,2,8,True,13.327769041092571,2.7090774404105042
18,bi,256,3,2,9,False,13.563682638988213,2.809228914615581
18,bi,256,3,2,9,True,13.343916253222046,2.719526788839747
18,bi,256,3,2,10,False,13.325580106670067,2.7306143479177565
18,bi,256,3,2,10,True,13.333638191981171,2.72006416599972
18,bi,256,3,2,11,False,13.161816372193533,2.682604580686198
18,bi,256,3,2,11,True,13.306122613061925,2.7147494991917522
18,bi,256,3,2,12,False,13.174689914967713,2.67648499302557
18,bi,256,3,2,12,True,13.272352091375065,2.706369919757278
18,bi,256,3,2,13,False,13.344649587692896,2.748607751451465
18,bi,256,3,2,13,True,13.272898496069075,2.711069452410159
18,bi,256,3,2,14,False,13.780973355327589,2.75289672814452
18,bi,256,3,2,14,True,13.251879728913455,2.7066127537882347
18,bi,256,3,2,15,False,13.371997184630349,2.7453853300731046
18,bi,256,3,2,15,True,13.250851877232163,2.70824896749746
18,bi,256,3,3,1,False,13.821249411868939,2.801434922538577
18,bi,256,3,3,1,True,13.821249411868939,2.801434922538577
18,bi,256,3,3,2,False,13.457926283395762,2.6859173576781985
18,bi,256,3,3,2,True,13.507538431853195,2.7143834485852194
18,bi,256,3,3,3,False,13.366865910659827,2.7031586671563717
18,bi,256,3,3,3,True,13.419555892158133,2.701021054137638
18,bi,256,3,3,4,False,13.438029859028687,2.729474928432889
18,bi,256,3,3,4,True,13.401219349556396,2.7078752364358394
18,bi,256,3,3,5,False,13.60373162292344,2.8030513312867464
18,bi,256,3,3,5,True,13.427884894657257,2.724726523054396
18,bi,256,3,3,6,False,13.6709836089462,2.824614134452696
18,bi,256,3,3,6,True,13.44813015126557,2.738656710633292
18,bi,256,3,3,7,False,13.338856223159384,2.6936269581057206
18,bi,256,3,3,7,True,13.398785423421447,2.724936709556935
18,bi,256,3,3,8,False,13.441041671987916,2.7605156513333067
18,bi,256,3,3,8,True,13.390177494112361,2.729022455524803
18,bi,256,3,3,9,False,13.614477672678127,2.798978263329379
18,bi,256,3,3,9,True,13.404396055697354,2.7364110771646057
18,bi,256,3,3,10,False,13.415261913745523,2.7448701429245275
18,bi,256,3,3,10,True,13.394364255410396,2.7374930123823025
18,bi,256,3,3,11,False,13.426238750005409,2.74713684053559
18,bi,256,3,3,11,True,13.398683174344223,2.74055410137172
18,bi,256,3,3,12,False,13.501786000163174,2.735680591312957
18,bi,256,3,3,12,True,13.38444774002759,2.736319500757919
18,bi,256,3,3,13,False,13.218633719032134,2.684418575706321
18,bi,256,3,3,13,True,13.361851995223473,2.7305111895126433
18,bi,256,3,3,14,False,13.268625017195282,2.7118123283147813
18,bi,256,3,3,14,True,13.344678925486521,2.7267562950452184
18,bi,256,3,3,15,False,13.561837739677896,2.791754852797002
18,bi,256,3,3,15,True,13.35159468389391,2.729628597726661
18,bi,256,3,4,1,False,13.732664375538844,2.7790488654542886
18,bi,256,3,4,1,True,13.732664375538844,2.7790488654542886
18,bi,256,3,4,2,False,13.455396007010599,2.7177173735384996
18,bi,256,3,4,2,True,13.560243978050122,2.742661702000121
18,bi,256,3,4,3,False,13.408959412000504,2.690944221931701
18,bi,256,3,4,3,True,13.449497359080645,2.7150581892868093
18,bi,256,3,4,4,False,13.318639382141509,2.715124656112682
18,bi,256,3,4,4,True,13.401321896933288,2.7112092289236696
18,bi,256,3,4,5,False,13.219165516540105,2.669883453213172
18,bi,256,3,4,5,True,13.357463231094197,2.702901614675917
18,bi,256,3,4,6,False,13.282930889285504,2.672661609571198
18,bi,256,3,4,6,True,13.294387000298304,2.688002369072788
18,bi,256,3,4,7,False,13.42663833969889,2.7325669571042073
18,bi,256,3,4,7,True,13.300571520906528,2.6974430963352787
18,bi,256,3,4,8,False,13.279524451654591,2.708612774274728
18,bi,256,3,4,8,True,13.287501500029597,2.698158090050007
18,bi,256,3,4,9,False,13.4262114125845,2.7508154062424404
18,bi,256,3,4,9,True,13.287400451319543,2.7008446743184567
18,bi,256,3,4,10,False,13.562185482234089,2.7552904307791053
18,bi,256,3,4,10,True,13.290477207234021,2.702805544722133
18,bi,256,3,4,11,False,13.44678465412634,2.757525433406903
18,bi,256,3,4,11,True,13.291687996027065,2.705595765016627
18,bi,256,3,4,12,False,13.554619565146494,2.7801837520804975
18,bi,256,3,4,12,True,13.295600200120122,2.708830269784875
18,bi,256,3,4,13,False,13.259809697430308,2.7024585398453653
18,bi,256,3,4,13,True,13.285654819627105,2.7079447901369633
18,bi,256,3,4,14,False,13.540165905327672,2.7688897519952693
18,bi,256,3,4,14,True,13.2915491253412,2.710128293318426
18,bi,256,3,4,15,False,13.362066844914098,2.737055699005726
18,bi,256,3,4,15,True,13.291305684119301,2.7119942268440624
18,bi,256,3,5,1,False,13.554960519246459,2.736498829054144
18,bi,256,3,5,1,True,13.554960519246459,2.736498829054144
18,bi,256,3,5,2,False,13.490879030138123,2.7247333930806374
18,bi,256,3,5,2,True,13.491210633164169,2.725488454912009
18,bi,256,3,5,3,False,13.289376339038904,2.674092571579981
18,bi,256,3,5,3,True,13.411152749149286,2.7070866653691557
18,bi,256,3,5,4,False,13.781633945234276,2.806796149333751
18,bi,256,3,5,4,True,13.431947723282972,2.718686167721762
18,bi,256,3,5,5,False,13.311628012094252,2.6958117915605864
18,bi,256,3,5,5,True,13.38946442731882,2.7109774029737115
18,bi,256,3,5,6,False,13.278644736312158,2.6945763023826115
18,bi,256,3,5,6,True,13.33775868564081,2.7017694715718528
18,bi,256,3,5,7,False,13.370183036925036,2.7186564901989225
18,bi,256,3,5,7,True,13.327801935486283,2.702677171961692
18,bi,256,3,5,8,False,13.23973849897355,2.6934198271772565
18,bi,256,3,5,8,True,13.29864146439913,2.6990170535043916
18,bi,256,3,5,9,False,13.392128623158861,2.7175292908227213
18,bi,256,3,5,9,True,13.288904289789174,2.698869628225522
18,bi,256,3,5,10,False,13.555239102935092,2.7977705182585684
18,bi,256,3,5,10,True,13.28719834402356,2.7024404061055227
18,bi,256,3,5,11,False,13.289391183873883,2.68742834247116
18,bi,256,3,5,11,True,13.271895789311161,2.6980068363505705
18,bi,256,3,5,12,False,13.32720622715107,2.7212536860462015
18,bi,256,3,5,12,True,13.27072128413577,2.6997255613263564
18,bi,256,3,5,13,False,13.448366131201013,2.7477240543066577
18,bi,256,3,5,13,True,13.276078304974734,2.702426039941697
18,bi,256,3,5,14,False,13.45797321269521,2.7246948330501475
18,bi,256,3,5,14,True,13.279537890843377,2.7032966843453163
18,bi,256,3,5,15,False,13.491272425810738,2.7273742240587167
18,bi,256,3,5,15,True,13.286639322466478,2.704991301629902
18,bi,256,3,6,1,False,13.535848618354816,2.6943151377752996
18,bi,256,3,6,1,True,13.535848618354816,2.6943151377752996
18,bi,256,3,6,2,False,13.499821332251075,2.7037783638365207
18,bi,256,3,6,2,True,13.472375661369647,2.6920630594574617
18,bi,256,3,6,3,False,13.338895017941455,2.673955031270688
18,bi,256,3,6,3,True,13.409850849920423,2.6848632599644864
18,bi,256,3,6,4,False,13.401521062858139,2.7196419399322704
18,bi,256,3,6,4,True,13.34020631721434,2.6846887421593406
18,bi,256,3,6,5,False,13.34345731608486,2.695621633711618
18,bi,256,3,6,5,True,13.316424792334047,2.6844679076358258
18,bi,256,3,6,6,False,13.753169131770651,2.8256738770872447
18,bi,256,3,6,6,True,13.321201999324067,2.688805354870371
18,bi,256,3,6,7,False,13.412788952325922,2.7551662471580856
18,bi,256,3,6,7,True,13.312156760629872,2.6937155860251605
18,bi,256,3,6,8,False,13.604955441217442,2.800576783997759
18,bi,256,3,6,8,True,13.323336137827885,2.701870413042303
18,bi,256,3,6,9,False,13.589329802798694,2.775808956564487
18,bi,256,3,6,9,True,13.351937990483504,2.7122925206658928
18,bi,256,3,6,10,False,13.344077612181229,2.745209809103123
18,bi,256,3,6,10,True,13.343440875984214,2.7157264652385744
18,bi,256,3,6,11,False,13.21170057971057,2.68558417612172
18,bi,256,3,6,11,True,13.312009536891686,2.7087066694571202
18,bi,256,3,6,12,False,13.313330518672208,2.712364074753187
18,bi,256,3,6,12,True,13.297879891906303,2.7072401614237696
18,bi,256,3,6,13,False,13.462611031499414,2.7189571748915458
18,bi,256,3,6,13,True,13.301501048286319,2.706629242334767
18,bi,256,3,6,14,False,13.26955933750387,2.701336070421259
18,bi,256,3,6,14,True,13.289357307168176,2.705138630980007
18,bi,256,3,6,15,False,13.253936306185254,2.6976948847091693
18,bi,256,3,6,15,True,13.280352398855582,2.704251085096787
18,bi,256,3,7,1,False,13.946801728059947,2.8357512764180157
18,bi,256,3,7,1,True,13.946801728059947,2.8357512764180157
18,bi,256,3,7,2,False,13.445353261706186,2.7018527188469004
18,bi,256,3,7,2,True,13.635655067703636,2.755169469539698
18,bi,256,3,7,3,False,13.390067806598994,2.7086918268030984
18,bi,256,3,7,3,True,13.460801678527096,2.7128977298181898
18,bi,256,3,7,4,False,13.33021564350693,2.703655721494683
18,bi,256,3,7,4,True,13.39342059965957,2.707309845971332
18,bi,256,3,7,5,False,13.38003531811228,2.740494984015631
18,bi,256,3,7,5,True,13.376744046075183,2.7131093449755137
18,bi,256,3,7,6,False,13.3459391566531,2.703216431200526
18,bi,256,3,7,6,True,13.34056611769657,2.708920321538718
18,bi,256,3,7,7,False,13.394031647278748,2.747038324921389
18,bi,256,3,7,7,True,13.326337817062013,2.7125035566586178
18,bi,256,3,7,8,False,13.300907483943096,2.7112447638957806
18,bi,256,3,7,8,True,13.308936436933324,2.712471586615025
18,bi,256,3,7,9,False,13.463077169331484,2.7483861431334193
18,bi,256,3,7,9,True,13.31320836785924,2.713960449851987
18,bi,256,3,7,10,False,13.218972593379121,2.6873430023324194
18,bi,256,3,7,10,True,13.286819172108183,2.7089484589947483
18,bi,256,3,7,11,False,13.506989935768233,2.776033109958956
18,bi,256,3,7,11,True,13.29050233532015,2.711326751510069
18,bi,256,3,7,12,False,13.193335501621535,2.694187814271993
18,bi,256,3,7,12,True,13.269546840826292,2.708491284615658
18,bi,256,3,7,13,False,13.287830303549788,2.692498636934998
18,bi,256,3,7,13,True,13.257041923592912,2.704718716335026
18,bi,256,3,7,14,False,13.29866741832963,2.710973819740539
18,bi,256,3,7,14,True,13.246252030519054,2.702798451602465
18,bi,256,3,7,15,False,13.357660881567234,2.704962560417629
18,bi,256,3,7,15,True,13.234973066427145,2.69886407180766
18,bi,256,3,8,1,False,13.78929131636379,2.715598330784173
18,bi,256,3,8,1,True,13.78929131636379,2.715598330784173
18,bi,256,3,8,2,False,14.012764822140579,2.8975658359201675
18,bi,256,3,8,2,True,13.540363670101167,2.719517418099597
18,bi,256,3,8,3,False,13.362020283234257,2.712804579564197
18,bi,256,3,8,3,True,13.420011685284862,2.7146745063949305
18,bi,256,3,8,4,False,13.271837421477423,2.7029854682477867
18,bi,256,3,8,4,True,13.350587945534507,2.7033101015531193
18,bi,256,3,8,5,False,13.418721225194119,2.7441912860737205
18,bi,256,3,8,5,True,13.351297211160235,2.7115484009588555
18,bi,256,3,8,6,False,13.369033589918333,2.7069274630890026
18,bi,256,3,8,6,True,13.333389307081491,2.7078523050304995
18,bi,256,3,8,7,False,13.351584856502166,2.7227740485369325
18,bi,256,3,8,7,True,13.324220028044774,2.7078368807951754
18,bi,256,3,8,8,False,13.332597346151083,2.719617712643346
18,bi,256,3,8,8,True,13.31221142455485,2.7082103686027468
18,bi,256,3,8,9,False,13.224842595025953,2.685409502062102
18,bi,256,3,8,9,True,13.288883354395733,2.703381055239614
18,bi,256,3,8,10,False,13.21999298024653,2.684152790339862
18,bi,256,3,8,10,True,13.268047421429777,2.699386989826519
18,bi,256,3,8,11,False,13.35082992068129,2.7132346458520424
18,bi,256,3,8,11,True,13.258214336734316,2.6983289262045056
18,bi,256,3,8,12,False,13.397494909346822,2.741858571735288
18,bi,256,3,8,12,True,13.256321455009722,2.6996332120980204
18,bi,256,3,8,13,False,13.181431253331567,2.673286622887289
18,bi,256,3,8,13,True,13.244555098612008,2.6957465876986575
18,bi,256,3,8,14,False,13.161373541076188,2.6672732553565854
18,bi,256,3,8,14,True,13.230765794920563,2.692487469085431
18,bi,256,3,8,15,False,13.352954955181646,2.710579532509912
18,bi,256,3,8,15,True,13.2309980367002,2.692766844600151
18,bi,256,3,9,1,False,13.574694477788276,2.7652844490195685
18,bi,256,3,9,1,True,13.574694477788276,2.7652844490195685
18,bi,256,3,9,2,False,13.475077273103283,2.6891319030751606
18,bi,256,3,9,2,True,13.435539806464561,2.7104471054134134
18,bi,256,3,9,3,False,13.322303014721564,2.6736435376502903
18,bi,256,3,9,3,True,13.360034652771406,2.6840792984693
18,bi,256,3,9,4,False,13.4944142487275,2.7413653664043935
18,bi,256,3,9,4,True,13.35366181890945,2.6951325068741103
18,bi,256,3,9,5,False,13.32192125548442,2.66642361730855
18,bi,256,3,9,5,True,13.305758267498462,2.6792290787973196
18,bi,256,3,9,6,False,13.338340773993208,2.710414090631455
18,bi,256,3,9,6,True,13.30023878161903,2.686038336079895
18,bi,256,3,9,7,False,13.603547067672771,2.811123048437732
18,bi,256,3,9,7,True,13.310901608570907,2.6966814111176594
18,bi,256,3,9,8,False,13.240619483855959,2.685873884895311
18,bi,256,3,9,8,True,13.283328056369754,2.6911994031853617
18,bi,256,3,9,9,False,13.270734790472684,2.7091287353761415
18,bi,256,3,9,9,True,13.283679822615014,2.6954918167009874
18,bi,256,3,9,10,False,13.513118856648527,2.7897921127549425
18,bi,256,3,9,10,True,13.28572642319826,2.7016845320313294
18,bi,256,3,9,11,False,13.27993933461231,2.7184322209909935
18,bi,256,3,9,11,True,13.28067077207419,2.704677907287109
18,bi,256,3,9,12,False,13.285561206200859,2.7067555629561215
18,bi,256,3,9,12,True,13.267315125318218,2.7034805532805177
18,bi,256,3,9,13,False,13.299484585692458,2.700062190089052
18,bi,256,3,9,13,True,13.261829007047421,2.7020579713728394
18,bi,256,3,9,14,False,13.364339295493759,2.6986969224584136
18,bi,256,3,9,14,True,13.254254706996655,2.6994820087167617
18,bi,256,3,9,15,False,13.6062563942531,2.814954414053755
18,bi,256,3,9,15,True,13.252313569193959,2.7007570416177242
18,bi,256,3,,0,True,13.618563683722503,2.7454203648299993
18,bi,256,3,,1,True,13.462827478652901,2.7116875920939205
18,bi,256,3,,2,True,13.343006486146821,2.6990365256974016
18,bi,256,3,,3,True,13.345656945212689,2.7231294706443396
18,bi,256,3,,4,True,13.290370070078122,2.7027065773235046
18,bi,256,3,,5,True,13.311417252588276,2.7088523542484886
18,bi,256,3,,6,True,13.336621169690234,2.7251922583185917
18,bi,256,3,,7,True,13.283188285741963,2.708001341062213
18,bi,256,3,,8,True,13.36733612308674,2.7384938170864115
18,bi,256,3,,9,True,13.367689938302114,2.744217758742339
18,bi,256,3,,10,True,13.255383910702426,2.710984290418554
18,bi,256,3,,11,True,13.241222161719657,2.702798394641071
18,bi,256,3,,12,True,13.215292967907123,2.690397288973593
18,bi,256,3,,13,True,13.25245946949898,2.698228433590802
18,bi,256,3,,14,True,13.277057683748641,2.7101361937938124
18,bi,256,3,,,True,13.263664321639613,2.7058454981247095
