direction,size,depth,property,num,epoch,ensemble,smape,mase*
bi,128,2,batchnorm,0,1,False,13.196321157374749,2.6671726500314725
bi,128,2,batchnorm,0,1,True,13.196321157374749,2.6671726500314725
bi,128,2,batchnorm,0,2,False,13.185541844496079,2.682904591262091
bi,128,2,batchnorm,0,2,True,13.119162598240672,2.659012042734414
bi,128,2,batchnorm,0,3,False,13.128982092581575,2.677859097979324
bi,128,2,batchnorm,0,3,True,13.121962335550696,2.670517346158716
bi,128,2,batchnorm,0,4,False,13.246826827703991,2.7047077741689916
bi,128,2,batchnorm,0,4,True,13.111935549332724,2.6699808558478804
bi,128,2,batchnorm,0,5,False,13.655894497866472,2.827064489845039
bi,128,2,batchnorm,0,5,True,13.119433182512806,2.674979946390647
bi,128,2,batchnorm,0,6,False,13.207642163646957,2.7008192208680004
bi,128,2,batchnorm,0,6,True,13.10605837411647,2.6744747750556948
bi,128,2,batchnorm,0,7,False,13.429183472228457,2.6891769557115155
bi,128,2,batchnorm,0,7,True,13.11159185118335,2.6742771912548093
bi,128,2,batchnorm,0,8,False,13.894545966038487,2.816772110872936
bi,128,2,batchnorm,0,8,True,13.108722966937812,2.6736923176191474
bi,128,2,batchnorm,0,9,False,13.268674082998409,2.704274509251169
bi,128,2,batchnorm,0,9,True,13.117327181424363,2.6751605066152195
bi,128,2,batchnorm,0,10,False,13.399525969509382,2.7471136409179278
bi,128,2,batchnorm,0,10,True,13.135199875990931,2.6799502219153353
bi,128,2,batchnorm,0,11,False,13.275127505090735,2.704296205369015
bi,128,2,batchnorm,0,11,True,13.147480042940916,2.6819839288163587
bi,128,2,batchnorm,0,12,False,13.21827217225091,2.7034779159998936
bi,128,2,batchnorm,0,12,True,13.144629385345354,2.68271686001917
bi,128,2,batchnorm,0,13,False,13.32339404387226,2.717132566348215
bi,128,2,batchnorm,0,13,True,13.15861873407481,2.6854193618593416
bi,128,2,batchnorm,0,14,False,13.255902462862645,2.7120838470943323
bi,128,2,batchnorm,0,14,True,13.156294152380388,2.6861946741329303
bi,128,2,batchnorm,0,15,False,13.260235467406517,2.705883452330284
bi,128,2,batchnorm,0,15,True,13.15566639296963,2.6860382741807913
bi,128,2,batchnorm,2,1,False,13.368132861712755,2.7398900538778324
bi,128,2,batchnorm,2,1,True,13.368132861712755,2.7398900538778324
bi,128,2,batchnorm,2,2,False,13.23158081719954,2.6766196469867745
bi,128,2,batchnorm,2,2,True,13.233435791362776,2.6988718528168043
bi,128,2,batchnorm,2,3,False,13.276976917201907,2.7026588124162427
bi,128,2,batchnorm,2,3,True,13.238453357210624,2.6945089127885833
bi,128,2,batchnorm,2,4,False,13.559938443722963,2.783050424716661
bi,128,2,batchnorm,2,4,True,13.236666301552022,2.7017017781946016
bi,128,2,batchnorm,2,5,False,13.405466184812205,2.7335612290064613
bi,128,2,batchnorm,2,5,True,13.223224339807159,2.7012117284689228
bi,128,2,batchnorm,2,6,False,13.333385019450503,2.7271229256254776
bi,128,2,batchnorm,2,6,True,13.213471642923027,2.701685235835865
bi,128,2,batchnorm,2,7,False,13.5045494153131,2.7078025742285803
bi,128,2,batchnorm,2,7,True,13.210758483988524,2.694356428507762
bi,128,2,batchnorm,2,8,False,14.046371396142534,2.8268432145957467
bi,128,2,batchnorm,2,8,True,13.191106948367164,2.691408918992941
bi,128,2,batchnorm,2,9,False,13.228475278034528,2.7002248900270427
bi,128,2,batchnorm,2,9,True,13.194834535774511,2.6933300321056173
bi,128,2,batchnorm,2,10,False,13.223196120436885,2.6942850019102296
bi,128,2,batchnorm,2,10,True,13.185060477539057,2.6904830998021523
bi,128,2,batchnorm,2,11,False,13.391285408940432,2.7353091788633965
bi,128,2,batchnorm,2,11,True,13.188706359528357,2.6922266423323298
bi,128,2,batchnorm,2,12,False,13.330595806690752,2.7287240321092474
bi,128,2,batchnorm,2,12,True,13.189138542965972,2.692623946638609
bi,128,2,batchnorm,2,13,False,13.21658854039358,2.6781566225535567
bi,128,2,batchnorm,2,13,True,13.185431084678092,2.6892341536671514
bi,128,2,batchnorm,2,14,False,13.348416713068936,2.696250966504009
bi,128,2,batchnorm,2,14,True,13.181276039249394,2.6873458283870164
bi,128,2,batchnorm,2,15,False,13.227993201618634,2.7039029056322446
bi,128,2,batchnorm,2,15,True,13.17723644212651,2.687269008644247
bi,128,2,batchnorm,1,1,False,13.293685316169853,2.6783991166131456
bi,128,2,batchnorm,1,1,True,13.293685316169853,2.6783991166131456
bi,128,2,batchnorm,1,2,False,13.212141269004539,2.6881881380766877
bi,128,2,batchnorm,1,2,True,13.116069594373386,2.664158726217917
bi,128,2,batchnorm,1,3,False,13.299919445385488,2.7351395390780344
bi,128,2,batchnorm,1,3,True,13.165798705221974,2.686096077781586
bi,128,2,batchnorm,1,4,False,13.494880348251918,2.7865508235737413
bi,128,2,batchnorm,1,4,True,13.179760505251329,2.696131977076222
bi,128,2,batchnorm,1,5,False,13.912558076121712,2.9136235396647256
bi,128,2,batchnorm,1,5,True,13.231509842844677,2.7131419349273336
bi,128,2,batchnorm,1,6,False,13.250360992890958,2.6882135047779894
bi,128,2,batchnorm,1,6,True,13.191740112444654,2.701628415702421
bi,128,2,batchnorm,1,7,False,13.265343896004817,2.691559224276317
bi,128,2,batchnorm,1,7,True,13.184056736624607,2.695237048330392
bi,128,2,batchnorm,1,8,False,13.662740844266988,2.7677817523398796
bi,128,2,batchnorm,1,8,True,13.17323478107773,2.6931573311562267
bi,128,2,batchnorm,1,9,False,13.29458190230546,2.709705832447406
bi,128,2,batchnorm,1,9,True,13.173066209576088,2.692159940625358
bi,128,2,batchnorm,1,10,False,13.47815101316385,2.7699381745221703
bi,128,2,batchnorm,1,10,True,13.190483942870703,2.6975809577708865
bi,128,2,batchnorm,1,11,False,13.246728274728016,2.6994335363411786
bi,128,2,batchnorm,1,11,True,13.182978937420321,2.6954938803080375
bi,128,2,batchnorm,1,12,False,13.174627388480046,2.6779380290880943
bi,128,2,batchnorm,1,12,True,13.174741222647642,2.6913939749930913
bi,128,2,batchnorm,1,13,False,13.439677250821608,2.7664734650462837
bi,128,2,batchnorm,1,13,True,13.186676503523875,2.6961691279117135
bi,128,2,batchnorm,1,14,False,13.42167145792093,2.749069539937084
bi,128,2,batchnorm,1,14,True,13.180372006327314,2.6955848946922214
bi,128,2,batchnorm,1,15,False,13.453597660876909,2.75204998894067
bi,128,2,batchnorm,1,15,True,13.185185501107071,2.696606618067321
bi,128,2,batchnorm,3,1,False,13.256014989676853,2.7195903299879145
bi,128,2,batchnorm,3,1,True,13.256014989676853,2.7195903299879145
bi,128,2,batchnorm,3,2,False,13.27036090035387,2.680373319581174
bi,128,2,batchnorm,3,2,True,13.196395604360337,2.6912359019177305
bi,128,2,batchnorm,3,3,False,13.199892782372276,2.70661372648024
bi,128,2,batchnorm,3,3,True,13.171819264567207,2.6966872322643787
bi,128,2,batchnorm,3,4,False,13.405063729753865,2.734959094550267
bi,128,2,batchnorm,3,4,True,13.164665046227876,2.69616888814191
bi,128,2,batchnorm,3,5,False,13.85508343746917,2.8862918187033806
bi,128,2,batchnorm,3,5,True,13.218846204174387,2.710294066849854
bi,128,2,batchnorm,3,6,False,13.220023854965998,2.6873624839891406
bi,128,2,batchnorm,3,6,True,13.17089636972075,2.7010297233635616
bi,128,2,batchnorm,3,7,False,13.334285515974704,2.736696303053522
bi,128,2,batchnorm,3,7,True,13.194335522581207,2.7046784085258375
bi,128,2,batchnorm,3,8,False,14.014625659243851,2.9086050370861125
bi,128,2,batchnorm,3,8,True,13.19848975996329,2.7094899334082223
bi,128,2,batchnorm,3,9,False,13.392735120006858,2.7600406791629757
bi,128,2,batchnorm,3,9,True,13.214886797821503,2.714162897998491
bi,128,2,batchnorm,3,10,False,13.158121332263994,2.6817877843565077
bi,128,2,batchnorm,3,10,True,13.190310738857919,2.7057413234701495
bi,128,2,batchnorm,3,11,False,13.411496962746885,2.6879450418551603
bi,128,2,batchnorm,3,11,True,13.175908826049204,2.6980300953801972
bi,128,2,batchnorm,3,12,False,13.380646315132248,2.7285054317786694
bi,128,2,batchnorm,3,12,True,13.187304615187662,2.69921643241813
bi,128,2,batchnorm,3,13,False,13.48097515355508,2.776481044757609
bi,128,2,batchnorm,3,13,True,13.204586322665318,2.705632514364075
bi,128,2,batchnorm,3,14,False,13.291649533834386,2.7183138282922537
bi,128,2,batchnorm,3,14,True,13.198866087102344,2.7056538394052674
bi,128,2,batchnorm,3,15,False,13.16594200367029,2.691550437006432
bi,128,2,batchnorm,3,15,True,13.182756409019245,2.7013117292340487
bi,128,2,batchnorm,,0,True,13.169775957987575,2.682352101606451
bi,128,2,batchnorm,,1,True,13.153260105267202,2.6704145082225135
bi,128,2,batchnorm,,2,True,13.137180324896876,2.688421391886337
bi,128,2,batchnorm,,3,True,13.333309980300648,2.7322545468150077
bi,128,2,batchnorm,,4,True,13.638448115767531,2.8297565376305247
bi,128,2,batchnorm,,5,True,13.168701201772212,2.6887443142494605
bi,128,2,batchnorm,,6,True,13.235093964893606,2.6850306483460105
bi,128,2,batchnorm,,7,True,13.639295403599112,2.777119148493864
bi,128,2,batchnorm,,8,True,13.238403438070383,2.7098669928757158
bi,128,2,batchnorm,,9,True,13.249384330987171,2.709277519167453
bi,128,2,batchnorm,,10,True,13.215376166093408,2.691692931963935
bi,128,2,batchnorm,,11,True,13.217427867416143,2.699348546918221
bi,128,2,batchnorm,,12,True,13.294357010437333,2.7246087218357955
bi,128,2,batchnorm,,13,True,13.187327914916596,2.6931820676302793
bi,128,2,batchnorm,,14,True,13.199706545634266,2.698704959725217
bi,128,2,batchnorm,,,True,13.157246669850014,2.6903679450560536
bi,128,2,dropout,3,1,False,13.184620689622426,2.692920140872249
bi,128,2,dropout,3,1,True,13.184620689622426,2.692920140872249
bi,128,2,dropout,3,2,False,13.461266566971554,2.767666805045716
bi,128,2,dropout,3,2,True,13.232151324086276,2.7100683451097938
bi,128,2,dropout,3,3,False,13.254099516064615,2.7188680606294624
bi,128,2,dropout,3,3,True,13.240154599227697,2.7151583732149485
bi,128,2,dropout,3,4,False,13.330012774766281,2.7038077586747966
bi,128,2,dropout,3,4,True,13.202500809449596,2.703012636390612
bi,128,2,dropout,3,5,False,13.906893762554933,2.8991422024181848
bi,128,2,dropout,3,5,True,13.242940248650747,2.7189906694184787
bi,128,2,dropout,3,6,False,13.257313351325402,2.712169838319151
bi,128,2,dropout,3,6,True,13.21434867704039,2.7113241846771206
bi,128,2,dropout,3,7,False,13.320242928800841,2.7163065284198566
bi,128,2,dropout,3,7,True,13.220846152386985,2.7113401452452006
bi,128,2,dropout,3,8,False,13.814048124745508,2.7845999627204794
bi,128,2,dropout,3,8,True,13.199459725332305,2.7055333287438192
bi,128,2,dropout,3,9,False,13.332679671774208,2.7309889786414985
bi,128,2,dropout,3,9,True,13.209847833776571,2.7072707157393396
bi,128,2,dropout,3,10,False,13.163401822695372,2.675189916279676
bi,128,2,dropout,3,10,True,13.186020054782421,2.698399941942494
bi,128,2,dropout,3,11,False,13.404859368203628,2.752425792537653
bi,128,2,dropout,3,11,True,13.209927300370856,2.706087835778818
bi,128,2,dropout,3,12,False,13.376795876025733,2.7261378348713206
bi,128,2,dropout,3,12,True,13.201609338542102,2.7037089766990436
bi,128,2,dropout,3,13,False,13.307536985898851,2.7363378702068837
bi,128,2,dropout,3,13,True,13.20093791781288,2.704769546628297
bi,128,2,dropout,3,14,False,13.709675356156355,2.7212226236507298
bi,128,2,dropout,3,14,True,13.196311651412415,2.7015530145152584
bi,128,2,dropout,3,15,False,13.219966004494557,2.7086880852505004
bi,128,2,dropout,3,15,True,13.19034527024341,2.7008416691276964
bi,128,2,dropout,1,1,False,13.417836775320993,2.766013143686829
bi,128,2,dropout,1,1,True,13.417836775320993,2.766013143686829
bi,128,2,dropout,1,2,False,13.569305658407009,2.8128455136712045
bi,128,2,dropout,1,2,True,13.438981007712853,2.7812487693990025
bi,128,2,dropout,1,3,False,13.207901860817692,2.6932718053541387
bi,128,2,dropout,1,3,True,13.338540176817757,2.7444256137374894
bi,128,2,dropout,1,4,False,13.90501097715268,2.8800293219053383
bi,128,2,dropout,1,4,True,13.365648527683598,2.7557967607650844
bi,128,2,dropout,1,5,False,13.482742691485692,2.747765110442222
bi,128,2,dropout,1,5,True,13.352858767399317,2.7496139101374646
bi,128,2,dropout,1,6,False,13.28619345377776,2.7291104063161207
bi,128,2,dropout,1,6,True,13.305838128886124,2.738833513038538
bi,128,2,dropout,1,7,False,13.555743013764683,2.7605196729879484
bi,128,2,dropout,1,7,True,13.318651203382313,2.7402228614218958
bi,128,2,dropout,1,8,False,15.977321128999513,3.2240479208902877
bi,128,2,dropout,1,8,True,13.31282383297153,2.7405668768598046
bi,128,2,dropout,1,9,False,13.275163902887975,2.7038254889550566
bi,128,2,dropout,1,9,True,13.291626978930095,2.731782192989916
bi,128,2,dropout,1,10,False,13.28943725610813,2.6826170139263628
bi,128,2,dropout,1,10,True,13.26507629010681,2.7222218450451496
bi,128,2,dropout,1,11,False,13.681083318278995,2.8352849944313663
bi,128,2,dropout,1,11,True,13.28416811823748,2.7295609452934575
bi,128,2,dropout,1,12,False,13.222999430322746,2.6906026348743084
bi,128,2,dropout,1,12,True,13.261411431493507,2.72255268666371
bi,128,2,dropout,1,13,False,13.275626802581726,2.6964738219192514
bi,128,2,dropout,1,13,True,13.24690804718567,2.7170639000795735
bi,128,2,dropout,1,14,False,13.615934077226326,2.826304715967351
bi,128,2,dropout,1,14,True,13.260887342571918,2.7227384576655704
bi,128,2,dropout,1,15,False,13.417516412946982,2.717649320153197
bi,128,2,dropout,1,15,True,13.254913356505018,2.719362351967123
bi,128,2,dropout,2,1,False,13.568541819549496,2.819079071702607
bi,128,2,dropout,2,1,True,13.568541819549496,2.819079071702607
bi,128,2,dropout,2,2,False,13.310719309535136,2.6872691007505276
bi,128,2,dropout,2,2,True,13.349317670262064,2.734347202455118
bi,128,2,dropout,2,3,False,13.206202019828067,2.660156376401629
bi,128,2,dropout,2,3,True,13.260110009578437,2.6956630092899236
bi,128,2,dropout,2,4,False,13.552221772886593,2.7910875665545496
bi,128,2,dropout,2,4,True,13.328068756338702,2.7257241761735886
bi,128,2,dropout,2,5,False,13.619461524958748,2.7168593052282444
bi,128,2,dropout,2,5,True,13.282462070329226,2.7024275016379655
bi,128,2,dropout,2,6,False,13.411076161176721,2.7471900518335057
bi,128,2,dropout,2,6,True,13.286826140582786,2.7085798389523785
bi,128,2,dropout,2,7,False,13.421612320149352,2.7434975451295194
bi,128,2,dropout,2,7,True,13.289282054533533,2.711668084989303
bi,128,2,dropout,2,8,False,13.6345062711107,2.7747046591114333
bi,128,2,dropout,2,8,True,13.264508609367757,2.707713303370966
bi,128,2,dropout,2,9,False,13.315414219532823,2.7108305272163777
bi,128,2,dropout,2,9,True,13.26173676722288,2.706033249149036
bi,128,2,dropout,2,10,False,13.445957311898173,2.7022716054021134
bi,128,2,dropout,2,10,True,13.255305750022949,2.7014086539743962
bi,128,2,dropout,2,11,False,14.33718737896854,2.7510967953170047
bi,128,2,dropout,2,11,True,13.266623189672018,2.6993349521801333
bi,128,2,dropout,2,12,False,13.418061442976772,2.7706344883384433
bi,128,2,dropout,2,12,True,13.255282682718246,2.701455168154829
bi,128,2,dropout,2,13,False,13.501309244420524,2.798082663803052
bi,128,2,dropout,2,13,True,13.258711089168873,2.7067844711392945
bi,128,2,dropout,2,14,False,13.41953272819595,2.744662231729355
bi,128,2,dropout,2,14,True,13.258595778049076,2.7069445211953127
bi,128,2,dropout,2,15,False,13.279528993393408,2.695631587899124
bi,128,2,dropout,2,15,True,13.252147185571193,2.7045279468854004
bi,128,2,dropout,0,1,False,13.311498582295041,2.7193667454271933
bi,128,2,dropout,0,1,True,13.311498582295041,2.7193667454271933
bi,128,2,dropout,0,2,False,13.215362035404238,2.7003538810677106
bi,128,2,dropout,0,2,True,13.22442823121873,2.7031197284452646
bi,128,2,dropout,0,3,False,13.166387988560267,2.681483779291826
bi,128,2,dropout,0,3,True,13.187046878330571,2.692834969489217
bi,128,2,dropout,0,4,False,13.401193393866299,2.6992143656012617
bi,128,2,dropout,0,4,True,13.151972741290386,2.68206154151641
bi,128,2,dropout,0,5,False,13.343533911933175,2.710901333312865
bi,128,2,dropout,0,5,True,13.136967001138776,2.6781086422264884
bi,128,2,dropout,0,6,False,13.285931651070916,2.7170730485331713
bi,128,2,dropout,0,6,True,13.140794380337004,2.6814070603357685
bi,128,2,dropout,0,7,False,13.22903722832616,2.7018677362047243
bi,128,2,dropout,0,7,True,13.161665753612427,2.688178156897966
bi,128,2,dropout,0,8,False,13.661119814130897,2.76892294493973
bi,128,2,dropout,0,8,True,13.14202998518295,2.6823695878134077
bi,128,2,dropout,0,9,False,13.258275624593654,2.6938762047329328
bi,128,2,dropout,0,9,True,13.147019233708573,2.6830992406247103
bi,128,2,dropout,0,10,False,13.289432756629509,2.6714951718244393
bi,128,2,dropout,0,10,True,13.134752379273536,2.6779444670516677
bi,128,2,dropout,0,11,False,13.555730959792726,2.7890730200816862
bi,128,2,dropout,0,11,True,13.149729383734373,2.6831801057902815
bi,128,2,dropout,0,12,False,13.26992304827939,2.691280202073912
bi,128,2,dropout,0,12,True,13.14466641740968,2.6812342070918787
bi,128,2,dropout,0,13,False,13.180842590103321,2.6869756179090283
bi,128,2,dropout,0,13,True,13.140732752397657,2.6804924195372193
bi,128,2,dropout,0,14,False,13.31369212771261,2.737857171136335
bi,128,2,dropout,0,14,True,13.14239536871477,2.682335416857066
bi,128,2,dropout,0,15,False,13.151592159860224,2.6530813113746716
bi,128,2,dropout,0,15,True,13.132672888235074,2.6786214684680685
bi,128,2,dropout,,0,True,13.264553189626353,2.723790775934023
bi,128,2,dropout,,1,True,13.288679066918062,2.725985990513912
bi,128,2,dropout,,2,True,13.145964294428307,2.6818054024711584
bi,128,2,dropout,,3,True,13.330148707915424,2.7245346125868783
bi,128,2,dropout,,4,True,13.330144378807255,2.7193759400373296
bi,128,2,dropout,,5,True,13.228249108567534,2.713885817878988
bi,128,2,dropout,,6,True,13.286384549746183,2.716606319044357
bi,128,2,dropout,,7,True,13.66983610754137,2.7811116068925448
bi,128,2,dropout,,8,True,13.21977864276727,2.695910946866826
bi,128,2,dropout,,9,True,13.228747355287464,2.6742051802082645
bi,128,2,dropout,,10,True,13.411415571846035,2.758044793350943
bi,128,2,dropout,,11,True,13.21988720398216,2.7030828194106338
bi,128,2,dropout,,12,True,13.20146061129663,2.703933161398945
bi,128,2,dropout,,13,True,13.277649917036161,2.722537809712297
bi,128,2,dropout,,14,True,13.201699726720523,2.6846292721661453
bi,128,2,dropout,,,True,13.185238811843575,2.6977737538619397
bi,128,2,layernorm,3,1,False,13.41786814800534,2.764099402076286
bi,128,2,layernorm,3,1,True,13.41786814800534,2.764099402076286
bi,128,2,layernorm,3,2,False,13.228012982535507,2.7023902868863856
bi,128,2,layernorm,3,2,True,13.253870371091892,2.718683670638355
bi,128,2,layernorm,3,3,False,13.256782760647631,2.7070551786364376
bi,128,2,layernorm,3,3,True,13.203526628829472,2.70535779075906
bi,128,2,layernorm,3,4,False,13.587334549344291,2.7874290472592347
bi,128,2,layernorm,3,4,True,13.223882949041926,2.714314260178142
bi,128,2,layernorm,3,5,False,13.341178270729218,2.719431236345286
bi,128,2,layernorm,3,5,True,13.234096448258335,2.7160080473122155
bi,128,2,layernorm,3,6,False,13.334176903140888,2.6838692191499627
bi,128,2,layernorm,3,6,True,13.18832535905892,2.699993856204456
bi,128,2,layernorm,3,7,False,13.34016907882937,2.7243550219304753
bi,128,2,layernorm,3,7,True,13.192470361191479,2.6987280322314815
bi,128,2,layernorm,3,8,False,15.564788734776211,3.1657939298844764
bi,128,2,layernorm,3,8,True,13.182840440808375,2.69976811015147
bi,128,2,layernorm,3,9,False,13.246198994448909,2.704689489041316
bi,128,2,layernorm,3,9,True,13.182225486626823,2.697095442981253
bi,128,2,layernorm,3,10,False,13.23863505467687,2.6968566462216006
bi,128,2,layernorm,3,10,True,13.175287314799597,2.6931157803416403
bi,128,2,layernorm,3,11,False,13.485372469437374,2.757751490855132
bi,128,2,layernorm,3,11,True,13.182571963008106,2.6950095026374137
bi,128,2,layernorm,3,12,False,13.413713267382134,2.7660129738001364
bi,128,2,layernorm,3,12,True,13.194535902372618,2.7004883616420985
bi,128,2,layernorm,3,13,False,13.328194696826523,2.7466027000096314
bi,128,2,layernorm,3,13,True,13.21168931941552,2.706805990378162
bi,128,2,layernorm,3,14,False,13.249392119563048,2.6658656742406923
bi,128,2,layernorm,3,14,True,13.191706306307141,2.699010982218089
bi,128,2,layernorm,3,15,False,13.262937590362167,2.689516328861341
bi,128,2,layernorm,3,15,True,13.187936542374233,2.695780945256409
bi,128,2,layernorm,0,1,False,13.397585077125832,2.7506779738892866
bi,128,2,layernorm,0,1,True,13.397585077125832,2.7506779738892866
bi,128,2,layernorm,0,2,False,13.209326686886914,2.694101793833628
bi,128,2,layernorm,0,2,True,13.264096192834637,2.7148073247419453
bi,128,2,layernorm,0,3,False,13.318526535338824,2.7092575869958693
bi,128,2,layernorm,0,3,True,13.240426082602104,2.704268048306961
bi,128,2,layernorm,0,4,False,13.29823430418302,2.710465007564558
bi,128,2,layernorm,0,4,True,13.206890565570443,2.6997301631707353
bi,128,2,layernorm,0,5,False,13.52289023009775,2.768860924079181
bi,128,2,layernorm,0,5,True,13.251255037605457,2.7132663475445944
bi,128,2,layernorm,0,6,False,13.200540000948642,2.686008872217635
bi,128,2,layernorm,0,6,True,13.19559710304263,2.698542496787429
bi,128,2,layernorm,0,7,False,13.287867712634762,2.7232085899425544
bi,128,2,layernorm,0,7,True,13.193049608868405,2.698148086647764
bi,128,2,layernorm,0,8,False,13.579505176970638,2.7759315156595727
bi,128,2,layernorm,0,8,True,13.190693566254557,2.70002269733378
bi,128,2,layernorm,0,9,False,13.458839103975368,2.7879521969429937
bi,128,2,layernorm,0,9,True,13.221566570370861,2.7099688567551627
bi,128,2,layernorm,0,10,False,13.224323909974046,2.706016316194465
bi,128,2,layernorm,0,10,True,13.206692150065837,2.7061306279957558
bi,128,2,layernorm,0,11,False,13.624033779035404,2.7943282337604356
bi,128,2,layernorm,0,11,True,13.234434732938327,2.713820322679909
bi,128,2,layernorm,0,12,False,13.24518665463339,2.7126069220847318
bi,128,2,layernorm,0,12,True,13.225714849800127,2.711418735076697
bi,128,2,layernorm,0,13,False,13.424388117299713,2.739546226851818
bi,128,2,layernorm,0,13,True,13.230486443411083,2.711984318050436
bi,128,2,layernorm,0,14,False,13.234388010902912,2.701680684632332
bi,128,2,layernorm,0,14,True,13.22181057025814,2.7090265096498762
bi,128,2,layernorm,0,15,False,13.21422287853085,2.677928688408191
bi,128,2,layernorm,0,15,True,13.205163692169362,2.70429352124024
bi,128,2,layernorm,2,1,False,13.377654933851304,2.7258144330611973
bi,128,2,layernorm,2,1,True,13.377654933851304,2.7258144330611973
bi,128,2,layernorm,2,2,False,13.223743837341441,2.6979589738534253
bi,128,2,layernorm,2,2,True,13.25394703328609,2.704360970464784
bi,128,2,layernorm,2,3,False,13.309573316849272,2.733448483460656
bi,128,2,layernorm,2,3,True,13.25479285110087,2.71099249140659
bi,128,2,layernorm,2,4,False,13.421756907313105,2.749698901154161
bi,128,2,layernorm,2,4,True,13.26285957806794,2.714660012292038
bi,128,2,layernorm,2,5,False,13.84952568197401,2.8694240245903555
bi,128,2,layernorm,2,5,True,13.277988538190986,2.722838502451992
bi,128,2,layernorm,2,6,False,13.433085414491229,2.728978832470594
bi,128,2,layernorm,2,6,True,13.264989604533731,2.718386230453227
bi,128,2,layernorm,2,7,False,13.256641320774044,2.689051141874777
bi,128,2,layernorm,2,7,True,13.249778767809508,2.709533870670257
bi,128,2,layernorm,2,8,False,13.858981626753467,2.8043840529624746
bi,128,2,layernorm,2,8,True,13.230941144504666,2.705297971941398
bi,128,2,layernorm,2,9,False,13.250162980519777,2.6775170066768
bi,128,2,layernorm,2,9,True,13.217000439766156,2.6977558178730123
bi,128,2,layernorm,2,10,False,13.321592616807207,2.7382181551435485
bi,128,2,layernorm,2,10,True,13.220341276469883,2.70237126539304
bi,128,2,layernorm,2,11,False,13.35396965973585,2.7240678868384762
bi,128,2,layernorm,2,11,True,13.22208161133205,2.7015471117152727
bi,128,2,layernorm,2,12,False,13.260627608157932,2.7057091159568083
bi,128,2,layernorm,2,12,True,13.21525498654757,2.7000256174117094
bi,128,2,layernorm,2,13,False,13.498460038936138,2.7966183586363886
bi,128,2,layernorm,2,13,True,13.223647803411186,2.7051336149103915
bi,128,2,layernorm,2,14,False,13.558228576281849,2.781168036979681
bi,128,2,layernorm,2,14,True,13.228861628259851,2.706494976570603
bi,128,2,layernorm,2,15,False,13.25131471596992,2.712980786654829
bi,128,2,layernorm,2,15,True,13.218282581887294,2.704146941304545
bi,128,2,layernorm,1,1,False,13.67026553808058,2.8405084708253394
bi,128,2,layernorm,1,1,True,13.67026553808058,2.8405084708253394
bi,128,2,layernorm,1,2,False,13.339132208580708,2.7388383593953263
bi,128,2,layernorm,1,2,True,13.430282945896716,2.7760171661440656
bi,128,2,layernorm,1,3,False,13.181970400406918,2.695292550817549
bi,128,2,layernorm,1,3,True,13.281006173321563,2.73087275145729
bi,128,2,layernorm,1,4,False,14.097046859736084,2.9818823643273675
bi,128,2,layernorm,1,4,True,13.396413998755836,2.772372099031754
bi,128,2,layernorm,1,5,False,14.018279701176542,2.892342801522066
bi,128,2,layernorm,1,5,True,13.524180841594772,2.8080883403035903
bi,128,2,layernorm,1,6,False,13.2365832364815,2.6873410919251417
bi,128,2,layernorm,1,6,True,13.338499871270528,2.752702010543026
bi,128,2,layernorm,1,7,False,13.363366737052745,2.7427531955516904
bi,128,2,layernorm,1,7,True,13.324001142269397,2.7428260868279595
bi,128,2,layernorm,1,8,False,13.681064042603749,2.7529305149712746
bi,128,2,layernorm,1,8,True,13.286373819252097,2.731129414082942
bi,128,2,layernorm,1,9,False,13.1401297791485,2.6700417221489205
bi,128,2,layernorm,1,9,True,13.23451405678163,2.715460539518541
bi,128,2,layernorm,1,10,False,13.399895171312512,2.6939092146817507
bi,128,2,layernorm,1,10,True,13.195348490952876,2.7039049601444036
bi,128,2,layernorm,1,11,False,13.590234648516306,2.8134911822591655
bi,128,2,layernorm,1,11,True,13.238024636066985,2.71555943684172
bi,128,2,layernorm,1,12,False,13.466890551664907,2.77781501319313
bi,128,2,layernorm,1,12,True,13.26746206808616,2.725082276829411
bi,128,2,layernorm,1,13,False,13.445992517180152,2.777530584890977
bi,128,2,layernorm,1,13,True,13.29802631534249,2.7353688859379197
bi,128,2,layernorm,1,14,False,13.279948199065114,2.7162000343454715
bi,128,2,layernorm,1,14,True,13.288580615953261,2.7317106308143475
bi,128,2,layernorm,1,15,False,13.462217127425257,2.7610293706170848
bi,128,2,layernorm,1,15,True,13.289699011099147,2.733062124134032
bi,128,2,layernorm,,0,True,13.377219625614194,2.7564011352966933
bi,128,2,layernorm,,1,True,13.213685528014752,2.702584183696001
bi,128,2,layernorm,,2,True,13.207582504715102,2.7027547225937316
bi,128,2,layernorm,,3,True,13.42024867388639,2.759743508611758
bi,128,2,layernorm,,4,True,13.540041618216904,2.7850574502520447
bi,128,2,layernorm,,5,True,13.230976181278471,2.6834030637547026
bi,128,2,layernorm,,6,True,13.19616682253639,2.6983795616172492
bi,128,2,layernorm,,7,True,13.70644688713835,2.781701107488056
bi,128,2,layernorm,,8,True,13.139652699276912,2.678886729474234
bi,128,2,layernorm,,9,True,13.18745269002268,2.6907992571265065
bi,128,2,layernorm,,10,True,13.415231470264844,2.7549247867167876
bi,128,2,layernorm,,11,True,13.288864856533685,2.730571313654306
bi,128,2,layernorm,,12,True,13.33668417397535,2.7513901415441206
bi,128,2,layernorm,,13,True,13.227623845584185,2.700704408136352
bi,128,2,layernorm,,14,True,13.223816054394131,2.6967925856051504
bi,128,2,layernorm,,,True,13.202477326559228,2.705529599884976
bi,128,2,small,3,1,False,13.31882187454023,2.710845272115608
bi,128,2,small,3,1,True,13.31882187454023,2.710845272115608
bi,128,2,small,3,2,False,13.412540997124113,2.7558740337604832
bi,128,2,small,3,2,True,13.349828227911367,2.7296649857450803
bi,128,2,small,3,3,False,13.341538885887491,2.722919338145765
bi,128,2,small,3,3,True,13.339882028174367,2.723607443513895
bi,128,2,small,3,4,False,13.385492929956792,2.7275207182872485
bi,128,2,small,3,4,True,13.338483981253802,2.722759754939307
bi,128,2,small,3,5,False,13.317398671785826,2.6894529638942175
bi,128,2,small,3,5,True,13.320750031038497,2.7159658703341587
bi,128,2,small,3,6,False,13.34165879112434,2.726959179538345
bi,128,2,small,3,6,True,13.317294783443131,2.717217684451473
bi,128,2,small,3,7,False,13.369642722964246,2.733663559590365
bi,128,2,small,3,7,True,13.325113836828093,2.719286625934311
bi,128,2,small,3,8,False,13.780034909646826,2.775927216278529
bi,128,2,small,3,8,True,13.3199857926853,2.7184566773273917
bi,128,2,small,3,9,False,13.353598262648052,2.736908147874502
bi,128,2,small,3,9,True,13.323459317948068,2.721443825012338
bi,128,2,small,3,10,False,13.405821589892938,2.7400143073814123
bi,128,2,small,3,10,True,13.330048355962832,2.723245464411882
bi,128,2,small,3,11,False,13.359596604886459,2.700148615989029
bi,128,2,small,3,11,True,13.325491679169494,2.7202152462042486
bi,128,2,small,3,12,False,13.302658672654427,2.709969219217155
bi,128,2,small,3,12,True,13.3204125311714,2.718502020032759
bi,128,2,small,3,13,False,13.259807320933978,2.6777269131025077
bi,128,2,small,3,13,True,13.315396696984394,2.7156706732626925
bi,128,2,small,3,14,False,13.385343951706627,2.7287245483230502
bi,128,2,small,3,14,True,13.318346781611902,2.7163292308801776
bi,128,2,small,3,15,False,13.284715343236542,2.703848867681173
bi,128,2,small,3,15,True,13.312041966860262,2.714817388635149
bi,128,2,small,1,1,False,13.396463573762459,2.7462953063146065
bi,128,2,small,1,1,True,13.396463573762459,2.7462953063146065
bi,128,2,small,1,2,False,13.340596888963123,2.7111923180131434
bi,128,2,small,1,2,True,13.319907438963432,2.721366948787392
bi,128,2,small,1,3,False,13.309424495158389,2.716454967189324
bi,128,2,small,1,3,True,13.304333069214698,2.7161478560115584
bi,128,2,small,1,4,False,13.360580361163422,2.723807124740755
bi,128,2,small,1,4,True,13.302590758812881,2.717660288891385
bi,128,2,small,1,5,False,13.354607008917561,2.7019757534034916
bi,128,2,small,1,5,True,13.312976198448599,2.715857263482145
bi,128,2,small,1,6,False,13.291765467653416,2.720210483213636
bi,128,2,small,1,6,True,13.292693464201172,2.714529416648367
bi,128,2,small,1,7,False,13.296660623408588,2.7072247134580905
bi,128,2,small,1,7,True,13.29440907953728,2.713523172000309
bi,128,2,small,1,8,False,14.303876730552156,3.000083983020132
bi,128,2,small,1,8,True,13.302838075441915,2.716639322308592
bi,128,2,small,1,9,False,13.249988666187276,2.6929482208601527
bi,128,2,small,1,9,True,13.292226022210262,2.7132215758714
bi,128,2,small,1,10,False,13.215214402135915,2.6812955502167357
bi,128,2,small,1,10,True,13.27732827391969,2.708741650927722
bi,128,2,small,1,11,False,13.276789278462813,2.689127100617594
bi,128,2,small,1,11,True,13.274116812358752,2.706216153109325
bi,128,2,small,1,12,False,13.414279474529172,2.7553368323222087
bi,128,2,small,1,12,True,13.28020234592228,2.7091133497933044
bi,128,2,small,1,13,False,13.207641562610718,2.6953761752439123
bi,128,2,small,1,13,True,13.267583992246868,2.7064303303656123
bi,128,2,small,1,14,False,13.370253962642673,2.7057185162128463
bi,128,2,small,1,14,True,13.270303022004624,2.7058018675601527
bi,128,2,small,1,15,False,13.208610078345467,2.6996802408417575
bi,128,2,small,1,15,True,13.263033476752687,2.70489482435229
bi,128,2,small,0,1,False,13.313081309453397,2.713621318377297
bi,128,2,small,0,1,True,13.313081309453397,2.713621318377297
bi,128,2,small,0,2,False,13.286251327238197,2.710959835398719
bi,128,2,small,0,2,True,13.289171260336401,2.7107556292319552
bi,128,2,small,0,3,False,13.229619523081027,2.696056841415301
bi,128,2,small,0,3,True,13.266134549094794,2.7051533740233276
bi,128,2,small,0,4,False,13.519281059835519,2.7533289234613116
bi,128,2,small,0,4,True,13.28512773533827,2.709406308061913
bi,128,2,small,0,5,False,13.288077169567256,2.6978556555999686
bi,128,2,small,0,5,True,13.284634670961228,2.7072345207587376
bi,128,2,small,0,6,False,13.39918097336038,2.7522844542068774
bi,128,2,small,0,6,True,13.280440153867549,2.710635424722307
bi,128,2,small,0,7,False,13.313115662493903,2.6956506619260447
bi,128,2,small,0,7,True,13.283880489320527,2.706699920480218
bi,128,2,small,0,8,False,13.59630754066196,2.707218110124365
bi,128,2,small,0,8,True,13.272657681440826,2.7026526511032145
bi,128,2,small,0,9,False,13.381795547644941,2.738738355939449
bi,128,2,small,0,9,True,13.284927954786442,2.707981527105883
bi,128,2,small,0,10,False,13.435023099262631,2.7464897947371987
bi,128,2,small,0,10,True,13.302292104455901,2.71265122229952
bi,128,2,small,0,11,False,13.28872695306883,2.696320598033496
bi,128,2,small,0,11,True,13.299193378342514,2.7103865527141626
bi,128,2,small,0,12,False,13.216838491649982,2.686989483832235
bi,128,2,small,0,12,True,13.283767281362588,2.7058728137234893
bi,128,2,small,0,13,False,13.359737399598108,2.709625448569144
bi,128,2,small,0,13,True,13.292140783976091,2.707870639963122
bi,128,2,small,0,14,False,13.232504630528867,2.679778850615836
bi,128,2,small,0,14,True,13.280329499286584,2.703634144543742
bi,128,2,small,0,15,False,13.30633435374602,2.7272882957427393
bi,128,2,small,0,15,True,13.285421762163047,2.706823358633707
bi,128,2,small,2,1,False,13.435793278686267,2.743963235015301
bi,128,2,small,2,1,True,13.435793278686267,2.743963235015301
bi,128,2,small,2,2,False,13.298511636894148,2.733369033784561
bi,128,2,small,2,2,True,13.329693820994109,2.7335863067449164
bi,128,2,small,2,3,False,13.258466813918158,2.7103423704860012
bi,128,2,small,2,3,True,13.285696046882121,2.7216725938760438
bi,128,2,small,2,4,False,13.314580584617124,2.6818662942173095
bi,128,2,small,2,4,True,13.276579236335,2.7121188852730853
bi,128,2,small,2,5,False,13.509211304635118,2.7728055536189
bi,128,2,small,2,5,True,13.310528880746023,2.719458594939706
bi,128,2,small,2,6,False,13.372987201485914,2.7152481515451528
bi,128,2,small,2,6,True,13.28501065712004,2.7159351956247804
bi,128,2,small,2,7,False,13.32520945785298,2.7195110739118533
bi,128,2,small,2,7,True,13.29631967444282,2.7163455038337863
bi,128,2,small,2,8,False,13.553960473718126,2.713709195262033
bi,128,2,small,2,8,True,13.287367323531813,2.712206030335117
bi,128,2,small,2,9,False,13.376519712753877,2.740170298871565
bi,128,2,small,2,9,True,13.29522955959078,2.7158147174727243
bi,128,2,small,2,10,False,13.240412800287018,2.6954529384391206
bi,128,2,small,2,10,True,13.281598178406696,2.712090832888066
bi,128,2,small,2,11,False,13.388733439762504,2.70366049092881
bi,128,2,small,2,11,True,13.28103220021995,2.709380997778637
bi,128,2,small,2,12,False,13.22280267567295,2.681305069223938
bi,128,2,small,2,12,True,13.26932672894697,2.7054275736656814
bi,128,2,small,2,13,False,13.337260962854078,2.7195317369541807
bi,128,2,small,2,13,True,13.27876220706006,2.707776339170166
bi,128,2,small,2,14,False,13.360187613999056,2.7334580519744134
bi,128,2,small,2,14,True,13.280874381250866,2.7094192629655613
bi,128,2,small,2,15,False,13.275367657939658,2.725260553214806
bi,128,2,small,2,15,True,13.276381183457518,2.7098340747162952
bi,128,2,small,,0,True,13.344762247056812,2.7245199283369668
bi,128,2,small,,1,True,13.299552669449193,2.7230283625848877
bi,128,2,small,,2,True,13.273059015637218,2.7113247444636484
bi,128,2,small,,3,True,13.337329367791677,2.7141437822876195
bi,128,2,small,,4,True,13.297498210302349,2.697106569733547
bi,128,2,small,,5,True,13.28693725111007,2.7200089624125323
bi,128,2,small,,6,True,13.304146820021737,2.7102247513015323
bi,128,2,small,,7,True,13.612896556635556,2.7356908129119653
bi,128,2,small,,8,True,13.347784613164345,2.7314694287797434
bi,128,2,small,,9,True,13.295420223042344,2.7084940384418523
bi,128,2,small,,10,True,13.310962248857045,2.6949527852224526
bi,128,2,small,,11,True,13.24350041381646,2.695243385687914
bi,128,2,small,,12,True,13.269284720651633,2.699100838512791
bi,128,2,small,,13,True,13.31340463947476,2.709319596158579
bi,128,2,small,,14,True,13.231801094748924,2.708261882061809
bi,128,2,small,,,True,13.279753600854285,2.708343224294367
bi,256,2,batchnorm,0,1,False,13.326321774997693,2.722206038461608
bi,256,2,batchnorm,0,1,True,13.326321774997693,2.722206038461608
bi,256,2,batchnorm,0,2,False,13.218737503761295,2.6765601738498064
bi,256,2,batchnorm,0,2,True,13.205658058576493,2.6864019342185665
bi,256,2,batchnorm,0,3,False,13.289321840754852,2.7252480824927234
bi,256,2,batchnorm,0,3,True,13.235784837369808,2.7034249489093214
bi,256,2,batchnorm,0,4,False,13.57045450620997,2.7044170226040594
bi,256,2,batchnorm,0,4,True,13.190492621735867,2.6835900566048734
bi,256,2,batchnorm,0,5,False,13.566691452586186,2.7803835243703454
bi,256,2,batchnorm,0,5,True,13.191691109345554,2.688674736014655
bi,256,2,batchnorm,0,6,False,13.318835114603411,2.6913242270628466
bi,256,2,batchnorm,0,6,True,13.181739350182136,2.6809024925889755
bi,256,2,batchnorm,0,7,False,13.25027431352925,2.7114870843951895
bi,256,2,batchnorm,0,7,True,13.188607511909,2.687324427135981
bi,256,2,batchnorm,0,8,False,17.131048793397657,3.2749008325658377
bi,256,2,batchnorm,0,8,True,13.180845421258335,2.6853146875982645
bi,256,2,batchnorm,0,9,False,13.248667362040045,2.700679774070325
bi,256,2,batchnorm,0,9,True,13.186223081654942,2.685489083540029
bi,256,2,batchnorm,0,10,False,13.20914674158205,2.678011853008777
bi,256,2,batchnorm,0,10,True,13.178337826636513,2.6829464629712723
bi,256,2,batchnorm,0,11,False,13.368369665095539,2.706763995024171
bi,256,2,batchnorm,0,11,True,13.172002971888576,2.682176287599092
bi,256,2,batchnorm,0,12,False,13.292960434727659,2.685922551487446
bi,256,2,batchnorm,0,12,True,13.167924009812253,2.6793902770496754
bi,256,2,batchnorm,0,13,False,13.260959029480507,2.707063895496438
bi,256,2,batchnorm,0,13,True,13.170888193211184,2.680282721681567
bi,256,2,batchnorm,0,14,False,13.56272548819102,2.759324521141993
bi,256,2,batchnorm,0,14,True,13.18186337241861,2.6837030408428633
bi,256,2,batchnorm,0,15,False,13.247970249601382,2.683413799846183
bi,256,2,batchnorm,0,15,True,13.174424206676262,2.6820619650259925
bi,256,2,batchnorm,1,1,False,13.27914026665912,2.7168338699862207
bi,256,2,batchnorm,1,1,True,13.27914026665912,2.7168338699862207
bi,256,2,batchnorm,1,2,False,13.17317815989095,2.6820581158662162
bi,256,2,batchnorm,1,2,True,13.176152456918848,2.688484832254889
bi,256,2,batchnorm,1,3,False,13.294772908092051,2.729403288361464
bi,256,2,batchnorm,1,3,True,13.206347793998113,2.699592347872584
bi,256,2,batchnorm,1,4,False,13.64344161354811,2.73435528127395
bi,256,2,batchnorm,1,4,True,13.191225751145403,2.68990796629459
bi,256,2,batchnorm,1,5,False,13.418174137814466,2.7562039481049836
bi,256,2,batchnorm,1,5,True,13.199407095947363,2.6963376778721524
bi,256,2,batchnorm,1,6,False,13.237861009647109,2.6919704808444287
bi,256,2,batchnorm,1,6,True,13.179025410974276,2.6892592188867743
bi,256,2,batchnorm,1,7,False,13.211703653522221,2.699212939007865
bi,256,2,batchnorm,1,7,True,13.175122255853186,2.690249553528924
bi,256,2,batchnorm,1,8,False,14.115919062720637,2.882603526027958
bi,256,2,batchnorm,1,8,True,13.173039344841452,2.692730384848207
bi,256,2,batchnorm,1,9,False,13.587675251515828,2.7949004811441234
bi,256,2,batchnorm,1,9,True,13.184402838363935,2.699380373692051
bi,256,2,batchnorm,1,10,False,13.352814498620797,2.701675474792943
bi,256,2,batchnorm,1,10,True,13.181126772858693,2.696577415247951
bi,256,2,batchnorm,1,11,False,13.90196284572266,2.9165671900863734
bi,256,2,batchnorm,1,11,True,13.205544792848482,2.704147399534819
bi,256,2,batchnorm,1,12,False,13.195682878420227,2.6829242097006203
bi,256,2,batchnorm,1,12,True,13.192575331529158,2.6995851517221205
bi,256,2,batchnorm,1,13,False,13.405741640301722,2.738159407828054
bi,256,2,batchnorm,1,13,True,13.193748375925734,2.7009324847230145
bi,256,2,batchnorm,1,14,False,13.21951442991068,2.6966691873246798
bi,256,2,batchnorm,1,14,True,13.191979891777352,2.6996816217091726
bi,256,2,batchnorm,1,15,False,13.303349021799816,2.7214687638314135
bi,256,2,batchnorm,1,15,True,13.18703567862193,2.6992583337108367
bi,256,2,batchnorm,3,1,False,13.906534914762304,2.9167220210532694
bi,256,2,batchnorm,3,1,True,13.906534914762304,2.9167220210532694
bi,256,2,batchnorm,3,2,False,13.219016348765585,2.679762894764514
bi,256,2,batchnorm,3,2,True,13.28188076441887,2.7260302229660076
bi,256,2,batchnorm,3,3,False,13.428875177916039,2.7277248988360796
bi,256,2,batchnorm,3,3,True,13.308571852012253,2.723479021550204
bi,256,2,batchnorm,3,4,False,13.479274896885887,2.704495297312644
bi,256,2,batchnorm,3,4,True,13.211985390579551,2.686907691283755
bi,256,2,batchnorm,3,5,False,13.686825220086275,2.7017170567014333
bi,256,2,batchnorm,3,5,True,13.200957233322129,2.6696154075919227
bi,256,2,batchnorm,3,6,False,13.293772004375326,2.6927660198211627
bi,256,2,batchnorm,3,6,True,13.182051272945165,2.671000491276284
bi,256,2,batchnorm,3,7,False,13.290059935325802,2.7062264517072516
bi,256,2,batchnorm,3,7,True,13.188821184786665,2.680059654023252
bi,256,2,batchnorm,3,8,False,14.056037831055061,2.872668948510988
bi,256,2,batchnorm,3,8,True,13.18255756070786,2.6795379681481233
bi,256,2,batchnorm,3,9,False,13.307585034893206,2.7128996864897297
bi,256,2,batchnorm,3,9,True,13.200075721119024,2.6851122951259527
bi,256,2,batchnorm,3,10,False,13.166359335475894,2.6743586645990676
bi,256,2,batchnorm,3,10,True,13.175668478574766,2.680738164948415
bi,256,2,batchnorm,3,11,False,13.588074872639709,2.747533945398338
bi,256,2,batchnorm,3,11,True,13.198258331775131,2.683949257561215
bi,256,2,batchnorm,3,12,False,13.25415486383102,2.7213163079460294
bi,256,2,batchnorm,3,12,True,13.188485827381875,2.6864271703002855
bi,256,2,batchnorm,3,13,False,13.276977159314592,2.717728874620276
bi,256,2,batchnorm,3,13,True,13.179616107411972,2.6865302824371744
bi,256,2,batchnorm,3,14,False,13.408936158542124,2.7594436021537807
bi,256,2,batchnorm,3,14,True,13.184374475806068,2.690400421166745
bi,256,2,batchnorm,3,15,False,13.138849643256654,2.6548929925283984
bi,256,2,batchnorm,3,15,True,13.170722447478184,2.6849784247721122
bi,256,2,batchnorm,2,1,False,13.39628285391258,2.741349003864602
bi,256,2,batchnorm,2,1,True,13.39628285391258,2.741349003864602
bi,256,2,batchnorm,2,2,False,13.2933671529112,2.7245153361671686
bi,256,2,batchnorm,2,2,True,13.306418727308325,2.7263025059864083
bi,256,2,batchnorm,2,3,False,13.140827564701752,2.6805172158672486
bi,256,2,batchnorm,2,3,True,13.230010760656471,2.7092340878108923
bi,256,2,batchnorm,2,4,False,13.687035392721802,2.850454790379313
bi,256,2,batchnorm,2,4,True,13.245341735431534,2.718664416788116
bi,256,2,batchnorm,2,5,False,13.307178829776745,2.704197722672924
bi,256,2,batchnorm,2,5,True,13.218412519975029,2.7108668823352313
bi,256,2,batchnorm,2,6,False,13.241430016246465,2.7065397480435704
bi,256,2,batchnorm,2,6,True,13.193061906081295,2.7027307080280494
bi,256,2,batchnorm,2,7,False,13.519022241723274,2.7006309562416084
bi,256,2,batchnorm,2,7,True,13.177018091619116,2.6945243902849927
bi,256,2,batchnorm,2,8,False,14.981924128133397,3.1255836892932223
bi,256,2,batchnorm,2,8,True,13.197479411899577,2.704010129599168
bi,256,2,batchnorm,2,9,False,13.327023375258031,2.691519410743557
bi,256,2,batchnorm,2,9,True,13.190390988116814,2.6996979077070273
bi,256,2,batchnorm,2,10,False,13.29876696033342,2.7171513204798923
bi,256,2,batchnorm,2,10,True,13.184897942329743,2.698049569903017
bi,256,2,batchnorm,2,11,False,13.32727772060141,2.7293002620964533
bi,256,2,batchnorm,2,11,True,13.182346232025738,2.6975863121366355
bi,256,2,batchnorm,2,12,False,13.336850775161658,2.7396816972840776
bi,256,2,batchnorm,2,12,True,13.18368337228055,2.6984531289440663
bi,256,2,batchnorm,2,13,False,13.429195631670988,2.6906601710662965
bi,256,2,batchnorm,2,13,True,13.175594738961628,2.6938169212152867
bi,256,2,batchnorm,2,14,False,13.290075984947368,2.712983673356974
bi,256,2,batchnorm,2,14,True,13.175273292797527,2.694187510384062
bi,256,2,batchnorm,2,15,False,13.22275228358079,2.6870947348181318
bi,256,2,batchnorm,2,15,True,13.168497130970357,2.6913211393667296
bi,256,2,batchnorm,,0,True,13.29750185953974,2.7310520075410385
bi,256,2,batchnorm,,1,True,13.132468119387717,2.6686609976347566
bi,256,2,batchnorm,,2,True,13.210773872014899,2.704375375296431
bi,256,2,batchnorm,,3,True,13.367619717587354,2.6965563767671785
bi,256,2,batchnorm,,4,True,13.26512507213859,2.7048261034546868
bi,256,2,batchnorm,,5,True,13.211286121553053,2.685147261970399
bi,256,2,batchnorm,,6,True,13.194571861855643,2.692044533501117
bi,256,2,batchnorm,,7,True,14.296686965109807,2.9173361255385375
bi,256,2,batchnorm,,8,True,13.225471876516426,2.7011331431165657
bi,256,2,batchnorm,,9,True,13.173583668689577,2.6796305592593117
bi,256,2,batchnorm,,10,True,13.302400546740037,2.723693472199949
bi,256,2,batchnorm,,11,True,13.17993618673387,2.689742700050212
bi,256,2,batchnorm,,12,True,13.18384559278518,2.6916933771061675
bi,256,2,batchnorm,,13,True,13.268445413409996,2.7168419834122446
bi,256,2,batchnorm,,14,True,13.132543903850245,2.672330943505545
bi,256,2,batchnorm,,,True,13.157741669243576,2.68669510724607
bi,256,2,dropout,2,1,False,13.557496184237756,2.6901081438230197
bi,256,2,dropout,2,1,True,13.557496184237756,2.6901081438230197
bi,256,2,dropout,2,2,False,13.21198660155696,2.690447918534602
bi,256,2,dropout,2,2,True,13.245270726121133,2.6756956506062735
bi,256,2,dropout,2,3,False,13.181867703831626,2.682199475220832
bi,256,2,dropout,2,3,True,13.178313052353035,2.678483726811756
bi,256,2,dropout,2,4,False,13.396492899277256,2.681913090957011
bi,256,2,dropout,2,4,True,13.178604033370059,2.667854797965913
bi,256,2,dropout,2,5,False,13.60119059979162,2.80990103505372
bi,256,2,dropout,2,5,True,13.160279769284001,2.6740571447655146
bi,256,2,dropout,2,6,False,13.28920351920452,2.725235374492594
bi,256,2,dropout,2,6,True,13.155478827458639,2.6795490304537934
bi,256,2,dropout,2,7,False,13.279830694641035,2.686937441301885
bi,256,2,dropout,2,7,True,13.157911743995223,2.677110400000921
bi,256,2,dropout,2,8,False,14.161656598305795,2.8893038326504574
bi,256,2,dropout,2,8,True,13.150438060465467,2.678031534414731
bi,256,2,dropout,2,9,False,13.300861627282554,2.699030433494062
bi,256,2,dropout,2,9,True,13.13262470230085,2.673540371605409
bi,256,2,dropout,2,10,False,13.329045986399409,2.6956188068150775
bi,256,2,dropout,2,10,True,13.141955007398238,2.6727987256866528
bi,256,2,dropout,2,11,False,13.314369355143091,2.7110732905810644
bi,256,2,dropout,2,11,True,13.149467184651071,2.6735427218303722
bi,256,2,dropout,2,12,False,13.237312308167184,2.687543904050215
bi,256,2,dropout,2,12,True,13.147239492852153,2.6728928002846786
bi,256,2,dropout,2,13,False,13.189170733482749,2.6875354782889658
bi,256,2,dropout,2,13,True,13.14551502060954,2.67425394499473
bi,256,2,dropout,2,14,False,13.399224835271086,2.6926507119104546
bi,256,2,dropout,2,14,True,13.14432014944545,2.672200138233314
bi,256,2,dropout,2,15,False,13.281713837759987,2.7287346027371053
bi,256,2,dropout,2,15,True,13.143373509118174,2.674562317504313
bi,256,2,dropout,3,1,False,13.33147829813066,2.721962295101502
bi,256,2,dropout,3,1,True,13.33147829813066,2.721962295101502
bi,256,2,dropout,3,2,False,13.348684637087269,2.75178547701263
bi,256,2,dropout,3,2,True,13.254104489234484,2.719310937348546
bi,256,2,dropout,3,3,False,13.15495248048016,2.6766486405661167
bi,256,2,dropout,3,3,True,13.18269896519314,2.6981096005889196
bi,256,2,dropout,3,4,False,13.435187391000325,2.7406557333014883
bi,256,2,dropout,3,4,True,13.17391314064397,2.697045678050955
bi,256,2,dropout,3,5,False,13.779650278550877,2.8421406247184255
bi,256,2,dropout,3,5,True,13.189859764194146,2.7032225587312517
bi,256,2,dropout,3,6,False,13.219009542127573,2.7084385599409315
bi,256,2,dropout,3,6,True,13.158574800270076,2.695678141235142
bi,256,2,dropout,3,7,False,13.334239080262588,2.7065217987989145
bi,256,2,dropout,3,7,True,13.156574922605413,2.6930971413843063
bi,256,2,dropout,3,8,False,13.967842744012144,2.8548536238916
bi,256,2,dropout,3,8,True,13.159721741407095,2.6951311261305704
bi,256,2,dropout,3,9,False,13.27712749718801,2.7125129142497357
bi,256,2,dropout,3,9,True,13.163695088708733,2.696317150551847
bi,256,2,dropout,3,10,False,13.240213352032411,2.6665833809752697
bi,256,2,dropout,3,10,True,13.14628124415877,2.6893555423823035
bi,256,2,dropout,3,11,False,13.389697386533475,2.7508277213568535
bi,256,2,dropout,3,11,True,13.165757652320176,2.6950906838658155
bi,256,2,dropout,3,12,False,13.151696691786329,2.6688118451935297
bi,256,2,dropout,3,12,True,13.14750077158692,2.6896146594397883
bi,256,2,dropout,3,13,False,13.30641454294579,2.7219812987910115
bi,256,2,dropout,3,13,True,13.15251777233335,2.69112717774582
bi,256,2,dropout,3,14,False,13.391833224074556,2.6996826558545624
bi,256,2,dropout,3,14,True,13.147735409424088,2.6872280450852646
bi,256,2,dropout,3,15,False,13.185421080262062,2.6999211368857727
bi,256,2,dropout,3,15,True,13.142217980296518,2.687144600535114
bi,256,2,dropout,1,1,False,13.292308885455714,2.714160930886744
bi,256,2,dropout,1,1,True,13.292308885455714,2.714160930886744
bi,256,2,dropout,1,2,False,13.095333739808487,2.6581955139268483
bi,256,2,dropout,1,2,True,13.142433648520532,2.6750317102822923
bi,256,2,dropout,1,3,False,13.336426297743593,2.725431284440891
bi,256,2,dropout,1,3,True,13.19213810214066,2.689222416500275
bi,256,2,dropout,1,4,False,13.647479173054995,2.82285057418783
bi,256,2,dropout,1,4,True,13.19527039606559,2.6948090729333067
bi,256,2,dropout,1,5,False,13.418836494228128,2.729815009206458
bi,256,2,dropout,1,5,True,13.193352444078272,2.691692337028089
bi,256,2,dropout,1,6,False,13.255582911070345,2.701705004932333
bi,256,2,dropout,1,6,True,13.166400864897371,2.6874210998926924
bi,256,2,dropout,1,7,False,13.444951193737234,2.6885446866672975
bi,256,2,dropout,1,7,True,13.154588049746827,2.683078944811447
bi,256,2,dropout,1,8,False,13.83532738990939,2.8223449769425493
bi,256,2,dropout,1,8,True,13.156421212195122,2.6839299566623893
bi,256,2,dropout,1,9,False,13.236242805624476,2.6879564854423674
bi,256,2,dropout,1,9,True,13.158583689746917,2.6829417657985024
bi,256,2,dropout,1,10,False,13.306567741074101,2.734976471128284
bi,256,2,dropout,1,10,True,13.15482782910884,2.685379553733174
bi,256,2,dropout,1,11,False,13.472326463314579,2.768191718732012
bi,256,2,dropout,1,11,True,13.159129717829616,2.686976048122178
bi,256,2,dropout,1,12,False,13.222552500544172,2.6780286935969015
bi,256,2,dropout,1,12,True,13.143762877265427,2.6827947293373398
bi,256,2,dropout,1,13,False,13.208859355969995,2.681781692888445
bi,256,2,dropout,1,13,True,13.144815003156733,2.681846377977678
bi,256,2,dropout,1,14,False,13.541723729231036,2.73235781594528
bi,256,2,dropout,1,14,True,13.147685992330095,2.6820510248435228
bi,256,2,dropout,1,15,False,13.370048732303578,2.746932102573638
bi,256,2,dropout,1,15,True,13.15031656277084,2.6832651855376843
bi,256,2,dropout,0,1,False,13.530122416627588,2.7236599942667006
bi,256,2,dropout,0,1,True,13.530122416627588,2.7236599942667006
bi,256,2,dropout,0,2,False,13.297560243139605,2.743270056743978
bi,256,2,dropout,0,2,True,13.162195848488782,2.673734616995795
bi,256,2,dropout,0,3,False,13.298161642870621,2.7251329423653323
bi,256,2,dropout,0,3,True,13.229037881967303,2.711597445017281
bi,256,2,dropout,0,4,False,13.635703861340692,2.7994474471356483
bi,256,2,dropout,0,4,True,13.218691501275824,2.7093904095463786
bi,256,2,dropout,0,5,False,13.375036023033983,2.724816312483934
bi,256,2,dropout,0,5,True,13.201132440371373,2.703595273811614
bi,256,2,dropout,0,6,False,13.379092355362236,2.76648991073735
bi,256,2,dropout,0,6,True,13.218185502163456,2.713410065320141
bi,256,2,dropout,0,7,False,13.42122114280282,2.7659271095679223
bi,256,2,dropout,0,7,True,13.259597884634662,2.7257906260103013
bi,256,2,dropout,0,8,False,14.456340839649526,2.965976018883614
bi,256,2,dropout,0,8,True,13.26149207685698,2.7267735509015956
bi,256,2,dropout,0,9,False,13.339129550316798,2.700206141497116
bi,256,2,dropout,0,9,True,13.24708024605605,2.7215058645708257
bi,256,2,dropout,0,10,False,13.223043948973567,2.700886617750104
bi,256,2,dropout,0,10,True,13.22991267691001,2.716050128555961
bi,256,2,dropout,0,11,False,13.190987701200966,2.6808463272098613
bi,256,2,dropout,0,11,True,13.211141712132836,2.709034588655523
bi,256,2,dropout,0,12,False,13.355519873949968,2.720602699629651
bi,256,2,dropout,0,12,True,13.217539442320412,2.7098174002335957
bi,256,2,dropout,0,13,False,13.309701603340137,2.724901642029541
bi,256,2,dropout,0,13,True,13.221218606055034,2.711391886193265
bi,256,2,dropout,0,14,False,13.513081464173561,2.6965036557234145
bi,256,2,dropout,0,14,True,13.207603106467861,2.7055012274334795
bi,256,2,dropout,0,15,False,13.28547397700042,2.7119130278623307
bi,256,2,dropout,0,15,True,13.207994800468589,2.7051525699002177
bi,256,2,dropout,,0,True,13.199012460328882,2.6770921613206617
bi,256,2,dropout,,1,True,13.188471826165168,2.702381568964561
bi,256,2,dropout,,2,True,13.16091170943305,2.688194100064609
bi,256,2,dropout,,3,True,13.284961614808802,2.7177077337993154
bi,256,2,dropout,,4,True,13.35618693837844,2.7370415079108574
bi,256,2,dropout,,5,True,13.22038296528874,2.7170066833369204
bi,256,2,dropout,,6,True,13.231960318858507,2.689116345952193
bi,256,2,dropout,,7,True,13.990075561976697,2.8636344964690217
bi,256,2,dropout,,8,True,13.181987529726628,2.679760927697518
bi,256,2,dropout,,9,True,13.18937600739812,2.683568432407081
bi,256,2,dropout,,10,True,13.222797982835722,2.703715713954009
bi,256,2,dropout,,11,True,13.174455840532323,2.6765891638540085
bi,256,2,dropout,,12,True,13.201506157160521,2.696612388145681
bi,256,2,dropout,,13,True,13.367612512732897,2.682131393438333
bi,256,2,dropout,,14,True,13.203771233275644,2.708230148397154
bi,256,2,dropout,,,True,13.130318211290561,2.682175629325084
bi,256,2,layernorm,3,1,False,13.965181719871262,2.905611712499432
bi,256,2,layernorm,3,1,True,13.965181719871262,2.905611712499432
bi,256,2,layernorm,3,2,False,13.240812673672107,2.7018783948920717
bi,256,2,layernorm,3,2,True,13.364069388300992,2.757278741427229
bi,256,2,layernorm,3,3,False,13.598845542260785,2.814561411557748
bi,256,2,layernorm,3,3,True,13.49343646435731,2.7860265389141414
bi,256,2,layernorm,3,4,False,13.420846026555688,2.7513624362762403
bi,256,2,layernorm,3,4,True,13.384584164086775,2.762225304672027
bi,256,2,layernorm,3,5,False,14.250712203631572,2.9549175040598112
bi,256,2,layernorm,3,5,True,13.507333935042073,2.7905002600705
bi,256,2,layernorm,3,6,False,13.265089441216485,2.7000911244670625
bi,256,2,layernorm,3,6,True,13.37863644142986,2.7584347599841017
bi,256,2,layernorm,3,7,False,13.304030461281034,2.6728399630084825
bi,256,2,layernorm,3,7,True,13.302304159390312,2.734606247466758
bi,256,2,layernorm,3,8,False,16.093458788977006,3.185259186764149
bi,256,2,layernorm,3,8,True,13.300732918076113,2.7306941281098656
bi,256,2,layernorm,3,9,False,13.375692198394287,2.6964433727366797
bi,256,2,layernorm,3,9,True,13.240821591475155,2.7125192978756827
bi,256,2,layernorm,3,10,False,13.205516884418863,2.6934052208943897
bi,256,2,layernorm,3,10,True,13.196203743415198,2.701485530367478
bi,256,2,layernorm,3,11,False,13.618267011701604,2.8150482059611615
bi,256,2,layernorm,3,11,True,13.23695417730238,2.7147102106313428
bi,256,2,layernorm,3,12,False,13.318505038600668,2.7178397737346476
bi,256,2,layernorm,3,12,True,13.219675166086128,2.709713651069845
bi,256,2,layernorm,3,13,False,13.239127287278226,2.6897578250224767
bi,256,2,layernorm,3,13,True,13.202194519544129,2.702978766239278
bi,256,2,layernorm,3,14,False,13.33650620715963,2.721673778680027
bi,256,2,layernorm,3,14,True,13.19974729398563,2.702749507983027
bi,256,2,layernorm,3,15,False,13.293691790196423,2.708671351422212
bi,256,2,layernorm,3,15,True,13.191990025618988,2.6994502449395408
bi,256,2,layernorm,0,1,False,13.277312949869513,2.706387786121217
bi,256,2,layernorm,0,1,True,13.277312949869513,2.706387786121217
bi,256,2,layernorm,0,2,False,13.281929355961518,2.6944267867136595
bi,256,2,layernorm,0,2,True,13.20858973996664,2.6892392255205393
bi,256,2,layernorm,0,3,False,13.25632778174257,2.708180693957769
bi,256,2,layernorm,0,3,True,13.216953789608006,2.6979535926939815
bi,256,2,layernorm,0,4,False,13.474769240585747,2.7761960230971696
bi,256,2,layernorm,0,4,True,13.19112817631361,2.7001547793066507
bi,256,2,layernorm,0,5,False,13.33810628462375,2.713631392055986
bi,256,2,layernorm,0,5,True,13.175205887404909,2.6956538655000593
bi,256,2,layernorm,0,6,False,13.23706251012563,2.7104004053251627
bi,256,2,layernorm,0,6,True,13.164407673658198,2.694600133767999
bi,256,2,layernorm,0,7,False,13.309242239658412,2.697871990535738
bi,256,2,layernorm,0,7,True,13.18277086835762,2.694425435379425
bi,256,2,layernorm,0,8,False,14.492025950354579,2.953442969794974
bi,256,2,layernorm,0,8,True,13.164056770261068,2.6926432311085033
bi,256,2,layernorm,0,9,False,13.312247576820559,2.7135460811494636
bi,256,2,layernorm,0,9,True,13.175746047364854,2.6953644869620432
bi,256,2,layernorm,0,10,False,13.370645089926924,2.731871626089543
bi,256,2,layernorm,0,10,True,13.183626236179814,2.69743302482064
bi,256,2,layernorm,0,11,False,13.23454165513305,2.685433205856893
bi,256,2,layernorm,0,11,True,13.173824880017706,2.6937271044817335
bi,256,2,layernorm,0,12,False,13.13938725451153,2.678799241210599
bi,256,2,layernorm,0,12,True,13.161328511621655,2.690729189459158
bi,256,2,layernorm,0,13,False,13.254651288325265,2.6714856817259847
bi,256,2,layernorm,0,13,True,13.153890901535119,2.686679585605106
bi,256,2,layernorm,0,14,False,13.460558355947743,2.7112586739392017
bi,256,2,layernorm,0,14,True,13.15493974897472,2.6849385726918227
bi,256,2,layernorm,0,15,False,13.201184257763494,2.6918557958106124
bi,256,2,layernorm,0,15,True,13.152933634217348,2.6844558113014862
bi,256,2,layernorm,2,1,False,13.343792980617929,2.7278562129990123
bi,256,2,layernorm,2,1,True,13.343792980617929,2.7278562129990123
bi,256,2,layernorm,2,2,False,13.203827244672782,2.6807509961873177
bi,256,2,layernorm,2,2,True,13.2157361730556,2.692082274005481
bi,256,2,layernorm,2,3,False,13.409841420238552,2.760976333881809
bi,256,2,layernorm,2,3,True,13.297223722709054,2.7206215111208634
bi,256,2,layernorm,2,4,False,13.400211161002439,2.7488651308932113
bi,256,2,layernorm,2,4,True,13.230876030916415,2.706718551174641
bi,256,2,layernorm,2,5,False,13.79572936145637,2.842351677515007
bi,256,2,layernorm,2,5,True,13.222582648986833,2.707350951194096
bi,256,2,layernorm,2,6,False,13.217465930971624,2.6917241100771974
bi,256,2,layernorm,2,6,True,13.185701975918679,2.698366288054464
bi,256,2,layernorm,2,7,False,13.439813108745449,2.7306157581876107
bi,256,2,layernorm,2,7,True,13.213753328687734,2.703070311969303
bi,256,2,layernorm,2,8,False,16.244859669741476,3.2097437145266388
bi,256,2,layernorm,2,8,True,13.205819289365154,2.703825358771804
bi,256,2,layernorm,2,9,False,13.420418054611291,2.7561725503095498
bi,256,2,layernorm,2,9,True,13.219913579459625,2.7067308622160913
bi,256,2,layernorm,2,10,False,13.248604453173916,2.703811282428871
bi,256,2,layernorm,2,10,True,13.206453539775021,2.703729483639552
bi,256,2,layernorm,2,11,False,13.728912507969874,2.8617374101228803
bi,256,2,layernorm,2,11,True,13.227893957291917,2.7107997820648935
bi,256,2,layernorm,2,12,False,13.202741499738003,2.6939478927881013
bi,256,2,layernorm,2,12,True,13.21342944941203,2.706971684047217
bi,256,2,layernorm,2,13,False,13.41858425654477,2.761880908451946
bi,256,2,layernorm,2,13,True,13.222536520640908,2.709137652279005
bi,256,2,layernorm,2,14,False,13.562320320890244,2.812811140178614
bi,256,2,layernorm,2,14,True,13.233371240051417,2.714227888575641
bi,256,2,layernorm,2,15,False,13.20073461381884,2.6749432099677914
bi,256,2,layernorm,2,15,True,13.218764757977247,2.709148873540693
bi,256,2,layernorm,1,1,False,13.405068141250888,2.766285491931796
bi,256,2,layernorm,1,1,True,13.405068141250888,2.766285491931796
bi,256,2,layernorm,1,2,False,13.268358632417177,2.725697072539869
bi,256,2,layernorm,1,2,True,13.293554394021823,2.738966695495914
bi,256,2,layernorm,1,3,False,13.46007687920991,2.778167404442202
bi,256,2,layernorm,1,3,True,13.334589036674167,2.7492311814536743
bi,256,2,layernorm,1,4,False,13.761044497006937,2.8709993069568664
bi,256,2,layernorm,1,4,True,13.37384358825848,2.763821628279204
bi,256,2,layernorm,1,5,False,14.156173630920456,2.9700835531333554
bi,256,2,layernorm,1,5,True,13.440944161750068,2.7843440285033356
bi,256,2,layernorm,1,6,False,13.314568576192954,2.7250171433235857
bi,256,2,layernorm,1,6,True,13.385305227749367,2.7658881313029076
bi,256,2,layernorm,1,7,False,13.320867208196796,2.6971431122204343
bi,256,2,layernorm,1,7,True,13.322361560783921,2.7465886138779934
bi,256,2,layernorm,1,8,False,13.964611663116456,2.830536910657401
bi,256,2,layernorm,1,8,True,13.30885661504616,2.741218153105456
bi,256,2,layernorm,1,9,False,13.34479896480664,2.737190891556102
bi,256,2,layernorm,1,9,True,13.286136366972363,2.733855990684687
bi,256,2,layernorm,1,10,False,13.365299401036252,2.7194752274319236
bi,256,2,layernorm,1,10,True,13.277960520352979,2.731323927209592
bi,256,2,layernorm,1,11,False,13.282689629510248,2.7142252481244067
bi,256,2,layernorm,1,11,True,13.264762140264324,2.7257538748867334
bi,256,2,layernorm,1,12,False,13.28179239864287,2.6896679228313674
bi,256,2,layernorm,1,12,True,13.248104396000919,2.719337819796603
bi,256,2,layernorm,1,13,False,13.304351321409383,2.733705793049891
bi,256,2,layernorm,1,13,True,13.259221527645767,2.7223515356731367
bi,256,2,layernorm,1,14,False,13.399599389511192,2.752287538135468
bi,256,2,layernorm,1,14,True,13.253417908614336,2.7218182722009128
bi,256,2,layernorm,1,15,False,13.264403466720939,2.7086278556503895
bi,256,2,layernorm,1,15,True,13.252793979059813,2.721352055407327
bi,256,2,layernorm,,0,True,13.332568767238254,2.748527381812981
bi,256,2,layernorm,,1,True,13.160144384871408,2.6859187278775116
bi,256,2,layernorm,,2,True,13.330739827714433,2.748704423922975
bi,256,2,layernorm,,3,True,13.413185246256079,2.766284679991771
bi,256,2,layernorm,,4,True,13.666205964582618,2.833148684704242
bi,256,2,layernorm,,5,True,13.168594943213396,2.69430215827847
bi,256,2,layernorm,,6,True,13.245437527027148,2.6807628226862983
bi,256,2,layernorm,,7,True,14.830588453611142,2.9790959187649517
bi,256,2,layernorm,,8,True,13.254051548570722,2.7088003685735265
bi,256,2,layernorm,,9,True,13.230703612703255,2.702873210492398
bi,256,2,layernorm,,10,True,13.30299241718511,2.7358870560888864
bi,256,2,layernorm,,11,True,13.188085789550506,2.689060088466362
bi,256,2,layernorm,,12,True,13.190455110308932,2.6951129756774397
bi,256,2,layernorm,,13,True,13.273041564639213,2.7195788349841394
bi,256,2,layernorm,,14,True,13.147421961454372,2.6800227394443943
bi,256,2,layernorm,,,True,13.177240078421072,2.699833710700016
bi,256,2,small,3,1,False,13.284750680892785,2.700659534334519
bi,256,2,small,3,1,True,13.284750680892785,2.700659534334519
bi,256,2,small,3,2,False,13.232889910630682,2.7044119271441898
bi,256,2,small,3,2,True,13.2323220641741,2.6979540782023315
bi,256,2,small,3,3,False,13.2713947548083,2.7038409026434524
bi,256,2,small,3,3,True,13.239447306199581,2.7009473522846035
bi,256,2,small,3,4,False,13.385728022901073,2.7362930731896418
bi,256,2,small,3,4,True,13.25847877632735,2.7054434187408534
bi,256,2,small,3,5,False,13.36337033823341,2.6939151186686803
bi,256,2,small,3,5,True,13.261950281082136,2.7015847689728774
bi,256,2,small,3,6,False,13.296079370158015,2.714230353836101
bi,256,2,small,3,6,True,13.250306767276959,2.7011187415516207
bi,256,2,small,3,7,False,13.38948205703114,2.744324206442785
bi,256,2,small,3,7,True,13.266110816337475,2.7053250444330867
bi,256,2,small,3,8,False,13.946405094134075,2.8695225501841897
bi,256,2,small,3,8,True,13.276325372344266,2.7087743893427825
bi,256,2,small,3,9,False,13.38445950227483,2.7315691530961232
bi,256,2,small,3,9,True,13.289718151751991,2.7123921636489494
bi,256,2,small,3,10,False,13.241301867414752,2.7014132079791033
bi,256,2,small,3,10,True,13.271564410890623,2.7081992581568803
bi,256,2,small,3,11,False,13.26061313502201,2.6882578857339525
bi,256,2,small,3,11,True,13.267886852675241,2.705534467631233
bi,256,2,small,3,12,False,13.303300724120005,2.712857171529725
bi,256,2,small,3,12,True,13.268714222244753,2.7054134590599985
bi,256,2,small,3,13,False,13.382869668595434,2.719276163871903
bi,256,2,small,3,13,True,13.27661809902604,2.706464636146676
bi,256,2,small,3,14,False,13.375333948987013,2.7421465509914147
bi,256,2,small,3,14,True,13.277723365380682,2.7076702274947677
bi,256,2,small,3,15,False,13.246955866454494,2.7065408532601367
bi,256,2,small,3,15,True,13.273598805848914,2.7075435787212085
bi,256,2,small,0,1,False,13.313118442714176,2.706793936481691
bi,256,2,small,0,1,True,13.313118442714176,2.706793936481691
bi,256,2,small,0,2,False,13.376766869333737,2.7398076399120392
bi,256,2,small,0,2,True,13.32615480807342,2.7198356315538312
bi,256,2,small,0,3,False,13.302707921914086,2.706743128430371
bi,256,2,small,0,3,True,13.302397641488948,2.7125198266147663
bi,256,2,small,0,4,False,13.293035846932675,2.7088775664377875
bi,256,2,small,0,4,True,13.285097230862494,2.7077306992026267
bi,256,2,small,0,5,False,13.329433503471618,2.7077934583781174
bi,256,2,small,0,5,True,13.284092030220027,2.7063189420418285
bi,256,2,small,0,6,False,13.386318244378167,2.7480965259336494
bi,256,2,small,0,6,True,13.290927935521204,2.7121670944406784
bi,256,2,small,0,7,False,13.366486604648427,2.731359827634933
bi,256,2,small,0,7,True,13.307191756796628,2.7173552642940755
bi,256,2,small,0,8,False,13.369083401401388,2.695660066343603
bi,256,2,small,0,8,True,13.291905324732273,2.7126187068636725
bi,256,2,small,0,9,False,13.314218556985011,2.7182029321281655
bi,256,2,small,0,9,True,13.290837879868498,2.712143615555761
bi,256,2,small,0,10,False,13.430338474619166,2.745698983927304
bi,256,2,small,0,10,True,13.30445334358749,2.715698526683383
bi,256,2,small,0,11,False,13.349979307726443,2.7301208944439104
bi,256,2,small,0,11,True,13.310359345871804,2.7176251985862514
bi,256,2,small,0,12,False,13.313987385609499,2.6945418406454977
bi,256,2,small,0,12,True,13.300119861433885,2.7134884965293526
bi,256,2,small,0,13,False,13.319706815469564,2.7128806843095408
bi,256,2,small,0,13,True,13.301712082814719,2.7132680493805656
bi,256,2,small,0,14,False,13.352692325309222,2.7070075575096912
bi,256,2,small,0,14,True,13.302060248120538,2.7123809604125158
bi,256,2,small,0,15,False,13.283723420126186,2.7147836757606316
bi,256,2,small,0,15,True,13.297803780102976,2.712201504539015
bi,256,2,small,2,1,False,13.371745107978724,2.7333306365427155
bi,256,2,small,2,1,True,13.371745107978724,2.7333306365427155
bi,256,2,small,2,2,False,13.365616471347513,2.7411187383071414
bi,256,2,small,2,2,True,13.34071566004758,2.7340221197556884
bi,256,2,small,2,3,False,13.22848064453216,2.6929405676424913
bi,256,2,small,2,3,True,13.304902861813755,2.722319112295406
bi,256,2,small,2,4,False,13.459110724479345,2.7743830209684677
bi,256,2,small,2,4,True,13.321272988084365,2.729808966405958
bi,256,2,small,2,5,False,13.203701405332353,2.6717600552163625
bi,256,2,small,2,5,True,13.307125290149054,2.721529980356719
bi,256,2,small,2,6,False,13.383001985959227,2.746340386875172
bi,256,2,small,2,6,True,13.308858944330066,2.72385132093375
bi,256,2,small,2,7,False,13.222465562917915,2.678325345951946
bi,256,2,small,2,7,True,13.30085546059428,2.7191944037327826
bi,256,2,small,2,8,False,13.577115249802796,2.7135104050469487
bi,256,2,small,2,8,True,13.272517696983085,2.709371307930126
bi,256,2,small,2,9,False,13.40626579674209,2.7460766937778827
bi,256,2,small,2,9,True,13.300978041059917,2.7188414201382676
bi,256,2,small,2,10,False,13.367341279479401,2.7456068425660036
bi,256,2,small,2,10,True,13.310176418148826,2.7231230540522917
bi,256,2,small,2,11,False,13.25071144866721,2.6854660997072153
bi,256,2,small,2,11,True,13.299459774681933,2.718347783073213
bi,256,2,small,2,12,False,13.393067224218017,2.745476137371663
bi,256,2,small,2,12,True,13.308796665613716,2.721841948260359
bi,256,2,small,2,13,False,13.284880876629533,2.7138074407896133
bi,256,2,small,2,13,True,13.299458160820352,2.7193983673471305
bi,256,2,small,2,14,False,13.208203240916347,2.680102497043887
bi,256,2,small,2,14,True,13.287669154361158,2.7149703230420927
bi,256,2,small,2,15,False,13.18992370571831,2.6772349789349534
bi,256,2,small,2,15,True,13.273585626811515,2.710672410939701
bi,256,2,small,1,1,False,13.298355596292739,2.7110830526793546
bi,256,2,small,1,1,True,13.298355596292739,2.7110830526793546
bi,256,2,small,1,2,False,13.410578354145384,2.763909213854378
bi,256,2,small,1,2,True,13.324583127617426,2.731505173634232
bi,256,2,small,1,3,False,13.37223434574453,2.7296046523344146
bi,256,2,small,1,3,True,13.335143457705785,2.727340110957362
bi,256,2,small,1,4,False,13.274235294549975,2.6723741622950135
bi,256,2,small,1,4,True,13.304360895082139,2.7150053465009583
bi,256,2,small,1,5,False,13.779659753689643,2.8612956448958404
bi,256,2,small,1,5,True,13.33214326415396,2.724300578375541
bi,256,2,small,1,6,False,13.317815873217729,2.717395537670323
bi,256,2,small,1,6,True,13.318228118395119,2.7223799313898986
bi,256,2,small,1,7,False,13.259384613521348,2.7024841168488107
bi,256,2,small,1,7,True,13.306307258288191,2.719213905143862
bi,256,2,small,1,8,False,13.504667049833568,2.735056207161857
bi,256,2,small,1,8,True,13.295214286343812,2.715262763480356
bi,256,2,small,1,9,False,13.385654346407689,2.7404520141008453
bi,256,2,small,1,9,True,13.305985908507443,2.7195238468930008
bi,256,2,small,1,10,False,13.27651966754301,2.68957173815874
bi,256,2,small,1,10,True,13.29232536194273,2.7138072622604064
bi,256,2,small,1,11,False,13.391914557210242,2.742135290621219
bi,256,2,small,1,11,True,13.29645030080635,2.7153634931072186
bi,256,2,small,1,12,False,13.316249776925766,2.7137958315215265
bi,256,2,small,1,12,True,13.29792304179417,2.7154139079585073
bi,256,2,small,1,13,False,13.349044757102138,2.7164869875794455
bi,256,2,small,1,13,True,13.301724257815676,2.7158071126249643
bi,256,2,small,1,14,False,13.40088261439328,2.7356282894491204
bi,256,2,small,1,14,True,13.305419868343815,2.7168775206573526
bi,256,2,small,1,15,False,13.306610278025918,2.7113055446961933
bi,256,2,small,1,15,True,13.303740421321896,2.7160120351344914
bi,256,2,small,,0,True,13.29485122771751,2.7089729962090696
bi,256,2,small,,1,True,13.319094454784377,2.732192272931733
bi,256,2,small,,2,True,13.275270996660106,2.7069838929724095
bi,256,2,small,,3,True,13.312936002060846,2.715139377856173
bi,256,2,small,,4,True,13.287671470588798,2.69797690448321
bi,256,2,small,,5,True,13.331202391024153,2.7318571714326727
bi,256,2,small,,6,True,13.290788628032292,2.712473125919445
bi,256,2,small,,7,True,13.451796439197011,2.722569706364445
bi,256,2,small,,8,True,13.351812438585391,2.730539045591979
bi,256,2,small,,9,True,13.294763066510022,2.7143686769015662
bi,256,2,small,,10,True,13.288407515531299,2.706483102394154
bi,256,2,small,,11,True,13.302243944940322,2.7099967817332318
bi,256,2,small,,12,True,13.318609412084584,2.7130460910293017
bi,256,2,small,,13,True,13.300983056437508,2.7103828332155078
bi,256,2,small,,14,True,13.234534017184757,2.6989625478815125
bi,256,2,small,,,True,13.285635473586597,2.711232455269505
