optimizer,learning_rate,exponential_decay,num,epoch,ensemble,smape,mase*
rmsprop,0.0001,False,3,1,False,13.737144194727577,2.7861704200874207
rmsprop,0.0001,False,3,1,True,13.737144194727577,2.7861704200874207
rmsprop,0.0001,False,3,2,False,13.403217465522182,2.7183091965797224
rmsprop,0.0001,False,3,2,True,13.510113973494116,2.7434978495134907
rmsprop,0.0001,False,3,3,False,13.470179843892383,2.7198582931388837
rmsprop,0.0001,False,3,3,True,13.431130767258942,2.7199903879502965
rmsprop,0.0001,False,3,4,False,14.151623137031555,2.844159107909057
rmsprop,0.0001,False,3,4,True,13.51130345324297,2.739434347935531
rmsprop,0.0001,False,3,5,False,14.272710602006748,2.8409250471092378
rmsprop,0.0001,False,3,5,True,13.615407152527837,2.7561221990124887
rmsprop,0.0001,False,3,6,False,13.596672218036444,2.7945804000533414
rmsprop,0.0001,False,3,6,True,13.525221522707294,2.749889775089002
rmsprop,0.0001,False,3,7,False,13.576097491772666,2.7544007481486985
rmsprop,0.0001,False,3,7,True,13.540355865406434,2.7487514373377295
rmsprop,0.0001,False,3,8,False,15.125665833572711,3.0315706444571338
rmsprop,0.0001,False,3,8,True,13.564006108917335,2.7559501189991003
rmsprop,0.0001,False,3,9,False,13.528545205602386,2.735635119748841
rmsprop,0.0001,False,3,9,True,13.53325817461356,2.7471393731559997
rmsprop,0.0001,False,3,10,False,13.538516546002123,2.767370346255861
rmsprop,0.0001,False,3,10,True,13.516424076624656,2.746507625838446
rmsprop,0.0001,False,3,11,False,13.798542227380041,2.7555433533844007
rmsprop,0.0001,False,3,11,True,13.529858499483659,2.7458121118927887
rmsprop,0.0001,False,3,12,False,13.434705813369701,2.7019139217975923
rmsprop,0.0001,False,3,12,True,13.507450409100603,2.740348866153755
rmsprop,0.0001,False,3,13,False,13.569956823197415,2.7658601692342755
rmsprop,0.0001,False,3,13,True,13.506531745101107,2.7418268095420175
rmsprop,0.0001,False,3,14,False,13.757904296974862,2.773841073971942
rmsprop,0.0001,False,3,14,True,13.52411526322916,2.7453584411487117
rmsprop,0.0001,False,3,15,False,13.371003060689809,2.6882599377846685
rmsprop,0.0001,False,3,15,True,13.50639039435722,2.7410346946461694
rmsprop,0.0001,False,2,1,False,14.327238086880111,2.9972494396347673
rmsprop,0.0001,False,2,1,True,14.327238086880111,2.9972494396347673
rmsprop,0.0001,False,2,2,False,13.56727960319707,2.7755294750364095
rmsprop,0.0001,False,2,2,True,13.851697958536363,2.8673227693677106
rmsprop,0.0001,False,2,3,False,13.465224704544067,2.7314797433070788
rmsprop,0.0001,False,2,3,True,13.564044083725701,2.7742931116429106
rmsprop,0.0001,False,2,4,False,14.002949216659562,2.8022314264710384
rmsprop,0.0001,False,2,4,True,13.596823658266784,2.776947598858873
rmsprop,0.0001,False,2,5,False,14.94061195126281,3.0400556242529864
rmsprop,0.0001,False,2,5,True,13.790725967400675,2.817591525993026
rmsprop,0.0001,False,2,6,False,13.455943062718408,2.7161434972219674
rmsprop,0.0001,False,2,6,True,13.587158846963982,2.773014102921472
rmsprop,0.0001,False,2,7,False,13.638546462402644,2.7818064380977012
rmsprop,0.0001,False,2,7,True,13.601955591749263,2.775561957301563
rmsprop,0.0001,False,2,8,False,15.452660896137271,3.1113343909558875
rmsprop,0.0001,False,2,8,True,13.661040856798769,2.7896025060992953
rmsprop,0.0001,False,2,9,False,13.596916178902216,2.753319539027769
rmsprop,0.0001,False,2,9,True,13.593939797332657,2.772399473898102
rmsprop,0.0001,False,2,10,False,13.548136758284121,2.7269938418723334
rmsprop,0.0001,False,2,10,True,13.55958560528506,2.761009694296694
rmsprop,0.0001,False,2,11,False,14.02287417200742,2.8417166996491003
rmsprop,0.0001,False,2,11,True,13.59553035830182,2.7706167086204525
rmsprop,0.0001,False,2,12,False,13.654586866347813,2.7921558424706294
rmsprop,0.0001,False,2,12,True,13.584004866650728,2.7686087566974793
rmsprop,0.0001,False,2,13,False,13.499777521733334,2.729205449438766
rmsprop,0.0001,False,2,13,True,13.565332467271531,2.760728977963571
rmsprop,0.0001,False,2,14,False,13.728356889222628,2.757026270493416
rmsprop,0.0001,False,2,14,True,13.567977000040386,2.7599601495107517
rmsprop,0.0001,False,2,15,False,13.40360798876439,2.7196048907609813
rmsprop,0.0001,False,2,15,True,13.545328677760645,2.7537847559197717
rmsprop,0.0001,False,1,1,False,13.500899942506996,2.7066267565716364
rmsprop,0.0001,False,1,1,True,13.500899942506996,2.7066267565716364
rmsprop,0.0001,False,1,2,False,13.47906939251902,2.721003804361949
rmsprop,0.0001,False,1,2,True,13.439765053798126,2.70360777544923
rmsprop,0.0001,False,1,3,False,13.42560655714162,2.716741753520411
rmsprop,0.0001,False,1,3,True,13.43856948263309,2.714882223171359
rmsprop,0.0001,False,1,4,False,14.264248619312001,2.894330248802798
rmsprop,0.0001,False,1,4,True,13.454443172189741,2.718557173731455
rmsprop,0.0001,False,1,5,False,14.438311127567864,2.8905806318465683
rmsprop,0.0001,False,1,5,True,13.491973315506652,2.723887475353158
rmsprop,0.0001,False,1,6,False,13.571901932023861,2.7750418799352548
rmsprop,0.0001,False,1,6,True,13.473152634059327,2.730077571472964
rmsprop,0.0001,False,1,7,False,13.943927753059755,2.891179116098263
rmsprop,0.0001,False,1,7,True,13.526770434035708,2.7478954158694853
rmsprop,0.0001,False,1,8,False,15.23180839568887,3.053283382087561
rmsprop,0.0001,False,1,8,True,13.565628676035221,2.761833734918474
rmsprop,0.0001,False,1,9,False,13.593420820280707,2.7734024574678293
rmsprop,0.0001,False,1,9,True,13.55596361861217,2.75958692293082
rmsprop,0.0001,False,1,10,False,13.519884986671075,2.7375095141045365
rmsprop,0.0001,False,1,10,True,13.530465936417905,2.752549883829579
rmsprop,0.0001,False,1,11,False,13.871469360906236,2.796271306593734
rmsprop,0.0001,False,1,11,True,13.553271997322542,2.7566667116798276
rmsprop,0.0001,False,1,12,False,13.65301166845374,2.8060614899423157
rmsprop,0.0001,False,1,12,True,13.55043006769759,2.75988030957381
rmsprop,0.0001,False,1,13,False,13.56080956877355,2.7534432125810517
rmsprop,0.0001,False,1,13,True,13.54098972811666,2.75728144845126
rmsprop,0.0001,False,1,14,False,13.817849401728838,2.7981460685786237
rmsprop,0.0001,False,1,14,True,13.561410196554847,2.761336959798562
rmsprop,0.0001,False,1,15,False,13.540092296761589,2.7619910189663908
rmsprop,0.0001,False,1,15,True,13.548306432996519,2.7594838326336246
rmsprop,0.0001,False,0,1,False,13.715793193325558,2.758583963727084
rmsprop,0.0001,False,0,1,True,13.715793193325558,2.758583963727084
rmsprop,0.0001,False,0,2,False,13.387654276238466,2.7047491566098127
rmsprop,0.0001,False,0,2,True,13.486721886026805,2.723420289324703
rmsprop,0.0001,False,0,3,False,13.667134795629241,2.816001774117376
rmsprop,0.0001,False,0,3,True,13.485207859132023,2.743356349097968
rmsprop,0.0001,False,0,4,False,14.014530968849185,2.796869780493351
rmsprop,0.0001,False,0,4,True,13.532798214334488,2.7433031963678496
rmsprop,0.0001,False,0,5,False,14.36713445909664,2.861360909272353
rmsprop,0.0001,False,0,5,True,13.619421690426078,2.751064555041174
rmsprop,0.0001,False,0,6,False,13.426787360718087,2.7123941177931723
rmsprop,0.0001,False,0,6,True,13.51076636958067,2.738745581200911
rmsprop,0.0001,False,0,7,False,13.61609635267957,2.7595262593163326
rmsprop,0.0001,False,0,7,True,13.553190968363733,2.743984874973854
rmsprop,0.0001,False,0,8,False,15.18623975620393,3.0250412279928685
rmsprop,0.0001,False,0,8,True,13.561204452140455,2.7469440806465215
rmsprop,0.0001,False,0,9,False,13.952683525794535,2.891994404308371
rmsprop,0.0001,False,0,9,True,13.557480678656619,2.7529552971266087
rmsprop,0.0001,False,0,10,False,13.597521730032968,2.775815164753952
rmsprop,0.0001,False,0,10,True,13.54853266331446,2.75394010666977
rmsprop,0.0001,False,0,11,False,13.742903093870197,2.749550503834046
rmsprop,0.0001,False,0,11,True,13.556628975227834,2.751594462376105
rmsprop,0.0001,False,0,12,False,13.555629700948087,2.7735512507442066
rmsprop,0.0001,False,0,12,True,13.543391486834192,2.752903391833199
rmsprop,0.0001,False,0,13,False,13.43072926884046,2.704389807287044
rmsprop,0.0001,False,0,13,True,13.523774920933016,2.7470706182154756
rmsprop,0.0001,False,0,14,False,14.002954798556132,2.8620620271932458
rmsprop,0.0001,False,0,14,True,13.548459993368587,2.752644355988945
rmsprop,0.0001,False,0,15,False,13.849233701914349,2.879488793060474
rmsprop,0.0001,False,0,15,True,13.549139015732084,2.75704732565712
rmsprop,0.0001,False,,0,True,13.676479080607436,2.7677876732350666
rmsprop,0.0001,False,,1,True,13.421584969839977,2.720052147035143
rmsprop,0.0001,False,,2,True,13.444643259074558,2.72580010562621
rmsprop,0.0001,False,,3,True,14.072417665102327,2.825021559298194
rmsprop,0.0001,False,,4,True,14.390271242269433,2.8741336229183907
rmsprop,0.0001,False,,5,True,13.47076526385034,2.738520543263669
rmsprop,0.0001,False,,6,True,13.619055116644425,2.772026563059893
rmsprop,0.0001,False,,7,True,15.212705800076172,3.046436107020972
rmsprop,0.0001,False,,8,True,13.583886851983982,2.7639053060384007
rmsprop,0.0001,False,,9,True,13.536199226665,2.75129228549308
rmsprop,0.0001,False,,10,True,13.822745969766443,2.777388235672956
rmsprop,0.0001,False,,11,True,13.582370325017244,2.77660060689266
rmsprop,0.0001,False,,12,True,13.505885677826141,2.735958403457213
rmsprop,0.0001,False,,13,True,13.788812573156315,2.786644334477537
rmsprop,0.0001,False,,14,True,13.451713292757272,2.736223161467982
rmsprop,0.0001,False,,,True,13.528526590947958,2.7510853415163297
rmsprop,0.0001,True,1,1,False,13.858882420279855,2.801123558285432
rmsprop,0.0001,True,1,1,True,13.858882420279855,2.801123558285432
rmsprop,0.0001,True,1,2,False,13.542663761778558,2.7451437410857062
rmsprop,0.0001,True,1,2,True,13.661063839605827,2.7678996935160343
rmsprop,0.0001,True,1,3,False,13.808742176307815,2.844031849793463
rmsprop,0.0001,True,1,3,True,13.66639563325807,2.7860946350921547
rmsprop,0.0001,True,1,4,False,14.42414830657644,2.915532368194368
rmsprop,0.0001,True,1,4,True,13.739275057929826,2.7992212687364777
rmsprop,0.0001,True,1,5,False,14.609007674727513,2.9202397714405417
rmsprop,0.0001,True,1,5,True,13.814728307146865,2.8067626779765185
rmsprop,0.0001,True,1,6,False,13.554166186425325,2.749649255382282
rmsprop,0.0001,True,1,6,True,13.707578509951336,2.7902486253677377
rmsprop,0.0001,True,1,7,False,13.706286580641537,2.749750462651303
rmsprop,0.0001,True,1,7,True,13.709755410412669,2.780286208000376
rmsprop,0.0001,True,1,8,False,15.283259664099806,3.055235429226032
rmsprop,0.0001,True,1,8,True,13.721254157301013,2.785906825973192
rmsprop,0.0001,True,1,9,False,13.773208526244412,2.7884967670514738
rmsprop,0.0001,True,1,9,True,13.714564437096913,2.782339550630286
rmsprop,0.0001,True,1,10,False,13.66334931112203,2.778359867304257
rmsprop,0.0001,True,1,10,True,13.696013227268203,2.7801150255691227
rmsprop,0.0001,True,1,11,False,14.082109272101276,2.843462214018501
rmsprop,0.0001,True,1,11,True,13.71705437737751,2.783874370086464
rmsprop,0.0001,True,1,12,False,13.57711281830976,2.7511678791430705
rmsprop,0.0001,True,1,12,True,13.694459597158023,2.779042811417906
rmsprop,0.0001,True,1,13,False,13.603546597883074,2.7439354507987446
rmsprop,0.0001,True,1,13,True,13.678130192760873,2.7738322297335314
rmsprop,0.0001,True,1,14,False,13.963526835550866,2.8160019048464995
rmsprop,0.0001,True,1,14,True,13.698181640456058,2.7774899200023495
rmsprop,0.0001,True,1,15,False,13.54308128446985,2.7503474457741675
rmsprop,0.0001,True,1,15,True,13.679095253882677,2.7743072755408678
rmsprop,0.0001,True,2,1,False,13.758480975882975,2.7858348764510974
rmsprop,0.0001,True,2,1,True,13.758480975882975,2.7858348764510974
rmsprop,0.0001,True,2,2,False,13.59955156187906,2.7726669253876404
rmsprop,0.0001,True,2,2,True,13.645720571701753,2.7748560036661827
rmsprop,0.0001,True,2,3,False,13.627193133876837,2.754103685561257
rmsprop,0.0001,True,2,3,True,13.606977460577896,2.7633128607240387
rmsprop,0.0001,True,2,4,False,14.128384889288496,2.817425075065756
rmsprop,0.0001,True,2,4,True,13.644197627548095,2.7668494970888826
rmsprop,0.0001,True,2,5,False,14.56228928495192,2.9150447480818764
rmsprop,0.0001,True,2,5,True,13.729686051625384,2.7803031426667326
rmsprop,0.0001,True,2,6,False,13.552202863798168,2.7293756223726295
rmsprop,0.0001,True,2,6,True,13.629218892970908,2.762286117192059
rmsprop,0.0001,True,2,7,False,13.722482863744665,2.7721004803239606
rmsprop,0.0001,True,2,7,True,13.681856050312023,2.7686166657288456
rmsprop,0.0001,True,2,8,False,15.4912203872029,3.1199236054019086
rmsprop,0.0001,True,2,8,True,13.692815023530006,2.7733091615452437
rmsprop,0.0001,True,2,9,False,13.624125926013607,2.7255872688627805
rmsprop,0.0001,True,2,9,True,13.674602344691024,2.7658580272774755
rmsprop,0.0001,True,2,10,False,13.792392801616115,2.8215167632615934
rmsprop,0.0001,True,2,10,True,13.664420800467406,2.7677603159563366
rmsprop,0.0001,True,2,11,False,14.003782211371734,2.823729473576837
rmsprop,0.0001,True,2,11,True,13.690645233629125,2.7722029702263056
rmsprop,0.0001,True,2,12,False,13.602795389773663,2.7479423925909003
rmsprop,0.0001,True,2,12,True,13.66705248850547,2.768196254646601
rmsprop,0.0001,True,2,13,False,13.607739322735448,2.7586654000288306
rmsprop,0.0001,True,2,13,True,13.64551432516396,2.765292766036499
rmsprop,0.0001,True,2,14,False,13.755614288501876,2.7599965791818453
rmsprop,0.0001,True,2,14,True,13.658291852498502,2.764804963860147
rmsprop,0.0001,True,2,15,False,13.523246849602947,2.7381316316743547
rmsprop,0.0001,True,2,15,True,13.635238057442965,2.7617210586033023
rmsprop,0.0001,True,0,1,False,13.809714725828856,2.805234920335161
rmsprop,0.0001,True,0,1,True,13.809714725828856,2.805234920335161
rmsprop,0.0001,True,0,2,False,13.663284189238459,2.7984261804300163
rmsprop,0.0001,True,0,2,True,13.701346011568962,2.7973153807591205
rmsprop,0.0001,True,0,3,False,13.54214139300481,2.73698429241233
rmsprop,0.0001,True,0,3,True,13.619660796407155,2.774056413785293
rmsprop,0.0001,True,0,4,False,14.18470384006822,2.8538435584246264
rmsprop,0.0001,True,0,4,True,13.663973112504378,2.78005675036479
rmsprop,0.0001,True,0,5,False,14.608318910434065,2.9463488654232206
rmsprop,0.0001,True,0,5,True,13.763739204000057,2.796595252706919
rmsprop,0.0001,True,0,6,False,13.585672152413093,2.7720458261967678
rmsprop,0.0001,True,0,6,True,13.65854102844254,2.78296536288919
rmsprop,0.0001,True,0,7,False,13.758304935833221,2.8076028352918785
rmsprop,0.0001,True,0,7,True,13.715341461794127,2.793740854428392
rmsprop,0.0001,True,0,8,False,15.091802755230159,3.014571276002285
rmsprop,0.0001,True,0,8,True,13.72029526328094,2.7948487779730122
rmsprop,0.0001,True,0,9,False,13.82422191247701,2.829372511254913
rmsprop,0.0001,True,0,9,True,13.73233939245856,2.799945601677756
rmsprop,0.0001,True,0,10,False,13.71680841309484,2.7745735373616203
rmsprop,0.0001,True,0,10,True,13.715746890489951,2.7952244735569556
rmsprop,0.0001,True,0,11,False,13.926046201683825,2.794434928110521
rmsprop,0.0001,True,0,11,True,13.72910061743595,2.7951138941336824
rmsprop,0.0001,True,0,12,False,13.514952111422499,2.735067728872888
rmsprop,0.0001,True,0,12,True,13.69559864891446,2.7871993940882955
rmsprop,0.0001,True,0,13,False,13.585255988077064,2.738911141974668
rmsprop,0.0001,True,0,13,True,13.673279444192476,2.7798260275172266
rmsprop,0.0001,True,0,14,False,13.800949852975757,2.794768462124266
rmsprop,0.0001,True,0,14,True,13.683178567366694,2.7810676149065423
rmsprop,0.0001,True,0,15,False,13.523963356900474,2.7518853831115355
rmsprop,0.0001,True,0,15,True,13.665599867009254,2.7779194102841234
rmsprop,0.0001,True,3,1,False,13.763235918090562,2.7781167287786857
rmsprop,0.0001,True,3,1,True,13.763235918090562,2.7781167287786857
rmsprop,0.0001,True,3,2,False,13.530296031115942,2.7509388556845713
rmsprop,0.0001,True,3,2,True,13.612272332089177,2.760323777817564
rmsprop,0.0001,True,3,3,False,13.572337130909123,2.7645952601992296
rmsprop,0.0001,True,3,3,True,13.55558393644547,2.7571206869754064
rmsprop,0.0001,True,3,4,False,14.153228676298173,2.8263264708646965
rmsprop,0.0001,True,3,4,True,13.61843136919549,2.7630448202838727
rmsprop,0.0001,True,3,5,False,14.468576735152425,2.8880912302238153
rmsprop,0.0001,True,3,5,True,13.713074471647248,2.7752600083319665
rmsprop,0.0001,True,3,6,False,13.592346246007233,2.7591283955300563
rmsprop,0.0001,True,3,6,True,13.616903908701746,2.7628547750362458
rmsprop,0.0001,True,3,7,False,13.776104614678408,2.779294180075676
rmsprop,0.0001,True,3,7,True,13.69283352467347,2.7723035541734538
rmsprop,0.0001,True,3,8,False,15.526321779856282,3.133259942912624
rmsprop,0.0001,True,3,8,True,13.689264044036943,2.7752926743797546
rmsprop,0.0001,True,3,9,False,13.779876232106501,2.812942814119529
rmsprop,0.0001,True,3,9,True,13.687709142019747,2.7784893227167715
rmsprop,0.0001,True,3,10,False,13.74497295914623,2.8139861143919167
rmsprop,0.0001,True,3,10,True,13.680823339099216,2.780404147962699
rmsprop,0.0001,True,3,11,False,13.96598349335774,2.8140000666072154
rmsprop,0.0001,True,3,11,True,13.69769647908259,2.781995726359093
rmsprop,0.0001,True,3,12,False,13.566598069356656,2.7273658855103067
rmsprop,0.0001,True,3,12,True,13.677953196401647,2.7763108777892294
rmsprop,0.0001,True,3,13,False,13.92334778920165,2.8667536744592756
rmsprop,0.0001,True,3,13,True,13.683752725757547,2.7807199015025814
rmsprop,0.0001,True,3,14,False,13.857630104755428,2.773598069294546
rmsprop,0.0001,True,3,14,True,13.688605630524735,2.7785408174260944
rmsprop,0.0001,True,3,15,False,13.56862969005245,2.7584665388781766
rmsprop,0.0001,True,3,15,True,13.675768550426543,2.7774252436561278
rmsprop,0.0001,True,,0,True,13.79057140048136,2.791614604541057
rmsprop,0.0001,True,,1,True,13.565542029863208,2.7626456171602083
rmsprop,0.0001,True,,2,True,13.582233802589208,2.760166067576556
rmsprop,0.0001,True,,3,True,14.180245647622913,2.842910744985743
rmsprop,0.0001,True,,4,True,14.543625526021252,2.912004430014108
rmsprop,0.0001,True,,5,True,13.567027452854886,2.7526559194408944
rmsprop,0.0001,True,,6,True,13.731385383217566,2.772896378062677
rmsprop,0.0001,True,,7,True,15.361974914732478,3.0822616383649395
rmsprop,0.0001,True,,8,True,13.74979508540249,2.793720527308948
rmsprop,0.0001,True,,9,True,13.710770072377231,2.7959197053682683
rmsprop,0.0001,True,,10,True,13.985816148763384,2.817402929609942
rmsprop,0.0001,True,,11,True,13.560288323808786,2.7402136738106515
rmsprop,0.0001,True,,12,True,13.607260221490712,2.7533788326540973
rmsprop,0.0001,True,,13,True,13.826895560036986,2.7825890841088645
rmsprop,0.0001,True,,14,True,13.541698386661825,2.750373898567889
rmsprop,0.0001,True,,,True,13.662513649610363,2.7727822140259715
rmsprop,0.0005,False,1,1,False,13.372746856884868,2.7281387074046557
rmsprop,0.0005,False,1,1,True,13.372746856884868,2.7281387074046557
rmsprop,0.0005,False,1,2,False,13.465723634906887,2.770970177455658
rmsprop,0.0005,False,1,2,True,13.391914103539063,2.744802264433199
rmsprop,0.0005,False,1,3,False,13.467644237887038,2.7514229854762355
rmsprop,0.0005,False,1,3,True,13.4276913418894,2.751798857656245
rmsprop,0.0005,False,1,4,False,14.006595651291738,2.835599933490715
rmsprop,0.0005,False,1,4,True,13.438220569393886,2.7533229414102194
rmsprop,0.0005,False,1,5,False,13.753345281986107,2.7245487857236808
rmsprop,0.0005,False,1,5,True,13.4292473524597,2.7427434821051278
rmsprop,0.0005,False,1,6,False,13.325971537774125,2.6795081633423585
rmsprop,0.0005,False,1,6,True,13.388828271384401,2.727098726730538
rmsprop,0.0005,False,1,7,False,13.387381816061396,2.699120866235197
rmsprop,0.0005,False,1,7,True,13.353663639453092,2.715083886831173
rmsprop,0.0005,False,1,8,False,15.433343921598224,3.2312467566973355
rmsprop,0.0005,False,1,8,True,13.37090852659992,2.7258711231435466
rmsprop,0.0005,False,1,9,False,13.288907499675986,2.6864684908146375
rmsprop,0.0005,False,1,9,True,13.336761764697027,2.7150244265867705
rmsprop,0.0005,False,1,10,False,13.25918035999565,2.681353517825441
rmsprop,0.0005,False,1,10,True,13.291591698116832,2.7003606483668148
rmsprop,0.0005,False,1,11,False,13.504854190292845,2.764889856561802
rmsprop,0.0005,False,1,11,True,13.324812112267844,2.715209447917102
rmsprop,0.0005,False,1,12,False,13.345352919061623,2.722123431029001
rmsprop,0.0005,False,1,12,True,13.31400244691068,2.7128076325269106
rmsprop,0.0005,False,1,13,False,13.527535421611343,2.7819002324914455
rmsprop,0.0005,False,1,13,True,13.339899073500856,2.7220270036129883
rmsprop,0.0005,False,1,14,False,13.408359252002354,2.6881842698302973
rmsprop,0.0005,False,1,14,True,13.316495931439936,2.712787925839179
rmsprop,0.0005,False,1,15,False,13.445274807974798,2.752802991676673
rmsprop,0.0005,False,1,15,True,13.32629661361882,2.7164513571843885
rmsprop,0.0005,False,3,1,False,13.425620952666925,2.733624683756127
rmsprop,0.0005,False,3,1,True,13.425620952666925,2.733624683756127
rmsprop,0.0005,False,3,2,False,13.327775704080075,2.717053547527313
rmsprop,0.0005,False,3,2,True,13.343306976709693,2.721265442326409
rmsprop,0.0005,False,3,3,False,13.25495927527375,2.6808156784720207
rmsprop,0.0005,False,3,3,True,13.308002171481812,2.707543520110696
rmsprop,0.0005,False,3,4,False,13.998895277643632,2.887438016572384
rmsprop,0.0005,False,3,4,True,13.337179597603159,2.7193977288904088
rmsprop,0.0005,False,3,5,False,13.789006902222752,2.7653723568936432
rmsprop,0.0005,False,3,5,True,13.35914558505159,2.722685118292311
rmsprop,0.0005,False,3,6,False,13.33402422673935,2.717430994967981
rmsprop,0.0005,False,3,6,True,13.326514929638218,2.716409583116517
rmsprop,0.0005,False,3,7,False,13.301226092691625,2.694862729114621
rmsprop,0.0005,False,3,7,True,13.301244394694015,2.7084010863859422
rmsprop,0.0005,False,3,8,False,14.427183296662598,2.879746568849651
rmsprop,0.0005,False,3,8,True,13.30826321283909,2.7094045090799046
rmsprop,0.0005,False,3,9,False,13.400747101835071,2.7361945468738513
rmsprop,0.0005,False,3,9,True,13.313907282808714,2.7137018619316247
rmsprop,0.0005,False,3,10,False,13.356877507354563,2.704688441616332
rmsprop,0.0005,False,3,10,True,13.308137061094607,2.7098196958966922
rmsprop,0.0005,False,3,11,False,13.62837456899736,2.792909399913729
rmsprop,0.0005,False,3,11,True,13.321669058327508,2.7146747802004914
rmsprop,0.0005,False,3,12,False,13.312018985732765,2.704639776599982
rmsprop,0.0005,False,3,12,True,13.312707043663336,2.711371714400902
rmsprop,0.0005,False,3,13,False,13.302788423937004,2.694063650722737
rmsprop,0.0005,False,3,13,True,13.304064680366555,2.7079642122805576
rmsprop,0.0005,False,3,14,False,13.517695230138273,2.7705032263321283
rmsprop,0.0005,False,3,14,True,13.31265397631355,2.7114599400391985
rmsprop,0.0005,False,3,15,False,13.376910360994941,2.739361390712477
rmsprop,0.0005,False,3,15,True,13.313672043267932,2.7123884865250494
rmsprop,0.0005,False,2,1,False,13.756546158284731,2.8535017313201516
rmsprop,0.0005,False,2,1,True,13.756546158284731,2.8535017313201516
rmsprop,0.0005,False,2,2,False,13.518823888856039,2.76813859346842
rmsprop,0.0005,False,2,2,True,13.593804952365799,2.8032304251686866
rmsprop,0.0005,False,2,3,False,13.506199252733262,2.774480089873008
rmsprop,0.0005,False,2,3,True,13.521016932885294,2.7778755542167777
rmsprop,0.0005,False,2,4,False,13.630153862888983,2.7480639216107368
rmsprop,0.0005,False,2,4,True,13.51991095054087,2.775721621433191
rmsprop,0.0005,False,2,5,False,13.875548519846573,2.828369897454884
rmsprop,0.0005,False,2,5,True,13.546316093629171,2.7823088069411863
rmsprop,0.0005,False,2,6,False,13.309975591300335,2.698427393848368
rmsprop,0.0005,False,2,6,True,13.457370408982701,2.757754728925672
rmsprop,0.0005,False,2,7,False,13.2620913307008,2.6924933848733668
rmsprop,0.0005,False,2,7,True,13.39783325034573,2.7398302198581503
rmsprop,0.0005,False,2,8,False,14.153831225632771,2.819382579106124
rmsprop,0.0005,False,2,8,True,13.378900897829064,2.732568808319672
rmsprop,0.0005,False,2,9,False,13.282910232264797,2.6755991308051357
rmsprop,0.0005,False,2,9,True,13.338185007690948,2.7181373158032667
rmsprop,0.0005,False,2,10,False,13.403460278641615,2.747090177937097
rmsprop,0.0005,False,2,10,True,13.34937609739381,2.7238095271447174
rmsprop,0.0005,False,2,11,False,13.700141587084834,2.8177465575812883
rmsprop,0.0005,False,2,11,True,13.365018786435003,2.730254956796027
rmsprop,0.0005,False,2,12,False,13.33296174541636,2.7135241107223687
rmsprop,0.0005,False,2,12,True,13.354629630305734,2.726436669458795
rmsprop,0.0005,False,2,13,False,13.237116578456646,2.6802197455724297
rmsprop,0.0005,False,2,13,True,13.333422986367541,2.719390837235256
rmsprop,0.0005,False,2,14,False,13.38705872067355,2.7219726277227663
rmsprop,0.0005,False,2,14,True,13.329816681575648,2.717748734757115
rmsprop,0.0005,False,2,15,False,13.410175472798294,2.7510001604917576
rmsprop,0.0005,False,2,15,True,13.336625707572605,2.721163221160223
rmsprop,0.0005,False,0,1,False,13.41116122678219,2.693593081728249
rmsprop,0.0005,False,0,1,True,13.41116122678219,2.693593081728249
rmsprop,0.0005,False,0,2,False,13.331008409108865,2.7135569276655915
rmsprop,0.0005,False,0,2,True,13.320135835601523,2.6964858666236258
rmsprop,0.0005,False,0,3,False,13.375080648634988,2.729335656189501
rmsprop,0.0005,False,0,3,True,13.31300343514948,2.7081807670681717
rmsprop,0.0005,False,0,4,False,13.727169249497752,2.787133685455114
rmsprop,0.0005,False,0,4,True,13.324609653683233,2.708113115090263
rmsprop,0.0005,False,0,5,False,13.878610724835738,2.8229404201356356
rmsprop,0.0005,False,0,5,True,13.35316684119868,2.714795248794254
rmsprop,0.0005,False,0,6,False,13.294253390707086,2.7044176277028633
rmsprop,0.0005,False,0,6,True,13.313418879637574,2.7085673541012203
rmsprop,0.0005,False,0,7,False,13.392829292054389,2.6931398610667237
rmsprop,0.0005,False,0,7,True,13.307363932082303,2.7012855702737015
rmsprop,0.0005,False,0,8,False,14.52394442677511,2.907944409616346
rmsprop,0.0005,False,0,8,True,13.309207732515532,2.7023748795172007
rmsprop,0.0005,False,0,9,False,13.378044143014456,2.6977205726896383
rmsprop,0.0005,False,0,9,True,13.304915034445617,2.6988867952203868
rmsprop,0.0005,False,0,10,False,13.332658638902231,2.7101794271487805
rmsprop,0.0005,False,0,10,True,13.306639470046898,2.6996671150537916
rmsprop,0.0005,False,0,11,False,13.457404620325077,2.7350347725077757
rmsprop,0.0005,False,0,11,True,13.311711814568062,2.7014688997441394
rmsprop,0.0005,False,0,12,False,13.280024205670502,2.6807015143056008
rmsprop,0.0005,False,0,12,True,13.300101777731967,2.698340571008536
rmsprop,0.0005,False,0,13,False,13.42265007954701,2.749202565097596
rmsprop,0.0005,False,0,13,True,13.301591041467423,2.7011715803329874
rmsprop,0.0005,False,0,14,False,13.443575305930272,2.730914254686664
rmsprop,0.0005,False,0,14,True,13.309621363374482,2.7034022176296895
rmsprop,0.0005,False,0,15,False,13.36822208308429,2.710989901448603
rmsprop,0.0005,False,0,15,True,13.313217535939119,2.7041216804917863
rmsprop,0.0005,False,,0,True,13.390344742817744,2.72860833761353
rmsprop,0.0005,False,,1,True,13.385303764007075,2.7368348999802263
rmsprop,0.0005,False,,2,True,13.403110727394749,2.736942672440377
rmsprop,0.0005,False,,3,True,13.801887747174584,2.8114524845198825
rmsprop,0.0005,False,,4,True,13.775670176452314,2.777883423071984
rmsprop,0.0005,False,,5,True,13.29338190983369,2.6981530940096885
rmsprop,0.0005,False,,6,True,13.281870578731816,2.6873842887191897
rmsprop,0.0005,False,,7,True,14.429862471441409,2.890441301931747
rmsprop,0.0005,False,,8,True,13.285752191389015,2.688015590557839
rmsprop,0.0005,False,,9,True,13.31112754281837,2.7069931864419265
rmsprop,0.0005,False,,10,True,13.528848738784758,2.766542294947868
rmsprop,0.0005,False,,11,True,13.299600887785296,2.7036431075560583
rmsprop,0.0005,False,,12,True,13.320832124086516,2.7136503909126635
rmsprop,0.0005,False,,13,True,13.404397324485897,2.7241984716213694
rmsprop,0.0005,False,,14,True,13.394878353930077,2.7413147938939715
rmsprop,0.0005,False,,,True,13.314685255600555,2.712647033179921
rmsprop,0.0005,True,2,1,False,13.614646014093923,2.7559014827519333
rmsprop,0.0005,True,2,1,True,13.614646014093923,2.7559014827519333
rmsprop,0.0005,True,2,2,False,13.32566030226986,2.7002370740595873
rmsprop,0.0005,True,2,2,True,13.423949078958433,2.7210765702076274
rmsprop,0.0005,True,2,3,False,13.442429919962878,2.7447047184669144
rmsprop,0.0005,True,2,3,True,13.417679392532941,2.732961589377015
rmsprop,0.0005,True,2,4,False,13.653564817154065,2.7768247779582467
rmsprop,0.0005,True,2,4,True,13.434762560272942,2.735494708517409
rmsprop,0.0005,True,2,5,False,13.929968626794729,2.8253388581069654
rmsprop,0.0005,True,2,5,True,13.472926020870364,2.7420334719675314
rmsprop,0.0005,True,2,6,False,13.345155692273163,2.7072406987717264
rmsprop,0.0005,True,2,6,True,13.417116221524061,2.7316482928957146
rmsprop,0.0005,True,2,7,False,13.434091454335395,2.742718828068118
rmsprop,0.0005,True,2,7,True,13.41385798010598,2.7349201644504206
rmsprop,0.0005,True,2,8,False,14.715860436258392,2.9768568722118203
rmsprop,0.0005,True,2,8,True,13.424610561166315,2.7370378377938835
rmsprop,0.0005,True,2,9,False,13.342264221817356,2.709416456650571
rmsprop,0.0005,True,2,9,True,13.401085995919223,2.732462758146282
rmsprop,0.0005,True,2,10,False,13.400559250769765,2.741435768666041
rmsprop,0.0005,True,2,10,True,13.388049277026344,2.7311921148378775
rmsprop,0.0005,True,2,11,False,13.621731441608382,2.7601411245764376
rmsprop,0.0005,True,2,11,True,13.4058781994764,2.7347914796168977
rmsprop,0.0005,True,2,12,False,13.431539772128321,2.741596248458244
rmsprop,0.0005,True,2,12,True,13.396385597209258,2.733039319265199
rmsprop,0.0005,True,2,13,False,13.470669771520232,2.7555433361919586
rmsprop,0.0005,True,2,13,True,13.397630033454782,2.7340942719779115
rmsprop,0.0005,True,2,14,False,13.565544163029069,2.757285883656878
rmsprop,0.0005,True,2,14,True,13.407274936909134,2.7355441796568543
rmsprop,0.0005,True,2,15,False,13.330393846246773,2.712228297524161
rmsprop,0.0005,True,2,15,True,13.39413853261103,2.7329054397901604
rmsprop,0.0005,True,3,1,False,13.552206948746145,2.7600995294134307
rmsprop,0.0005,True,3,1,True,13.552206948746145,2.7600995294134307
rmsprop,0.0005,True,3,2,False,13.391608180912556,2.7273743425383086
rmsprop,0.0005,True,3,2,True,13.445004168399164,2.739230760075828
rmsprop,0.0005,True,3,3,False,13.351168322209022,2.719626924785818
rmsprop,0.0005,True,3,3,True,13.378818063798173,2.7247650257161617
rmsprop,0.0005,True,3,4,False,13.606451035206115,2.747785035176123
rmsprop,0.0005,True,3,4,True,13.408820687289507,2.730138279420664
rmsprop,0.0005,True,3,5,False,13.867256549703164,2.7879671850887497
rmsprop,0.0005,True,3,5,True,13.449233310941604,2.7365372355834383
rmsprop,0.0005,True,3,6,False,13.693121332345793,2.8207742906325137
rmsprop,0.0005,True,3,6,True,13.432007516383662,2.7387119775930597
rmsprop,0.0005,True,3,7,False,13.413165282512058,2.7205159446531066
rmsprop,0.0005,True,3,7,True,13.418299085850549,2.7327966322930406
rmsprop,0.0005,True,3,8,False,14.720781600321956,2.9434200102426016
rmsprop,0.0005,True,3,8,True,13.426606258249963,2.7341260224125006
rmsprop,0.0005,True,3,9,False,13.386074742676815,2.699799061485841
rmsprop,0.0005,True,3,9,True,13.40476371977544,2.7265436062479864
rmsprop,0.0005,True,3,10,False,13.366419572074168,2.713880940461311
rmsprop,0.0005,True,3,10,True,13.384397405932665,2.7214504024051944
rmsprop,0.0005,True,3,11,False,13.6577728391255,2.729678117298174
rmsprop,0.0005,True,3,11,True,13.39848810261992,2.7216195638274976
rmsprop,0.0005,True,3,12,False,13.299475747730643,2.6877873646304122
rmsprop,0.0005,True,3,12,True,13.376357323417475,2.7162600163011272
rmsprop,0.0005,True,3,13,False,13.392643781647466,2.7242446320028417
rmsprop,0.0005,True,3,13,True,13.369214940241498,2.715559905195382
rmsprop,0.0005,True,3,14,False,13.579664776831907,2.7429581550499647
rmsprop,0.0005,True,3,14,True,13.38322195221925,2.7180821599888825
rmsprop,0.0005,True,3,15,False,13.355596582250621,2.7094081308675295
rmsprop,0.0005,True,3,15,True,13.369738241429893,2.715789524930542
rmsprop,0.0005,True,1,1,False,13.423878440977848,2.7087124636830437
rmsprop,0.0005,True,1,1,True,13.423878440977848,2.7087124636830437
rmsprop,0.0005,True,1,2,False,13.33034814103058,2.7155706241746365
rmsprop,0.0005,True,1,2,True,13.336053493140088,2.707933773745206
rmsprop,0.0005,True,1,3,False,13.430158944416492,2.7520486757538816
rmsprop,0.0005,True,1,3,True,13.34265148631714,2.7197076945213188
rmsprop,0.0005,True,1,4,False,13.721614007646076,2.7592140056344596
rmsprop,0.0005,True,1,4,True,13.366321371649919,2.720999697540147
rmsprop,0.0005,True,1,5,False,13.815654868938287,2.746506162540263
rmsprop,0.0005,True,1,5,True,13.36594659853432,2.710876536384261
rmsprop,0.0005,True,1,6,False,13.467952868689924,2.7489702205445448
rmsprop,0.0005,True,1,6,True,13.362791011420251,2.7169488487743703
rmsprop,0.0005,True,1,7,False,13.43661832543039,2.736802438873617
rmsprop,0.0005,True,1,7,True,13.38253386238156,2.723391515483236
rmsprop,0.0005,True,1,8,False,14.74086040738427,3.0141626362890643
rmsprop,0.0005,True,1,8,True,13.381775000120774,2.725191701839521
rmsprop,0.0005,True,1,9,False,13.437886833431953,2.728580790895198
rmsprop,0.0005,True,1,9,True,13.38861195539458,2.7255108155926804
rmsprop,0.0005,True,1,10,False,13.446937779503145,2.737804757316564
rmsprop,0.0005,True,1,10,True,13.395528664456902,2.7274823028399786
rmsprop,0.0005,True,1,11,False,13.446905082830375,2.725080512524838
rmsprop,0.0005,True,1,11,True,13.391016172997023,2.7254484493347837
rmsprop,0.0005,True,1,12,False,13.34291812745126,2.705638980776573
rmsprop,0.0005,True,1,12,True,13.380879485843806,2.7225891841643417
rmsprop,0.0005,True,1,13,False,13.38157031783131,2.719576936170252
rmsprop,0.0005,True,1,13,True,13.38113041945896,2.722067109804326
rmsprop,0.0005,True,1,14,False,13.670624999102348,2.8158419766560785
rmsprop,0.0005,True,1,14,True,13.386883173983005,2.7249206790019653
rmsprop,0.0005,True,1,15,False,13.31208328680931,2.700808061095712
rmsprop,0.0005,True,1,15,True,13.377915053073277,2.722639321544865
rmsprop,0.0005,True,0,1,False,14.047322749971007,2.93957442013664
rmsprop,0.0005,True,0,1,True,14.047322749971007,2.93957442013664
rmsprop,0.0005,True,0,2,False,13.40264739707683,2.740216565405022
rmsprop,0.0005,True,0,2,True,13.647620169604746,2.821078267908662
rmsprop,0.0005,True,0,3,False,13.574785024528824,2.796640784568654
rmsprop,0.0005,True,0,3,True,13.562291628441823,2.795885648993402
rmsprop,0.0005,True,0,4,False,13.984116710141524,2.874976857209208
rmsprop,0.0005,True,0,4,True,13.651129199279477,2.821473590202115
rmsprop,0.0005,True,0,5,False,13.824261346611715,2.7698793531013886
rmsprop,0.0005,True,0,5,True,13.634554022119026,2.8062047585460768
rmsprop,0.0005,True,0,6,False,13.381831852737637,2.725714857922724
rmsprop,0.0005,True,0,6,True,13.510941317344196,2.7729866861785997
rmsprop,0.0005,True,0,7,False,13.596269727613265,2.767656229800759
rmsprop,0.0005,True,0,7,True,13.504775174595268,2.767892743955505
rmsprop,0.0005,True,0,8,False,14.414787850223655,2.868015612056588
rmsprop,0.0005,True,0,8,True,13.51563383166571,2.7673641815059664
rmsprop,0.0005,True,0,9,False,13.52106578128387,2.7507146438109404
rmsprop,0.0005,True,0,9,True,13.482474100198992,2.7572448344428295
rmsprop,0.0005,True,0,10,False,13.51671905719747,2.7540151343691135
rmsprop,0.0005,True,0,10,True,13.475332722840752,2.755368272916151
rmsprop,0.0005,True,0,11,False,13.494134605393553,2.7172013412787335
rmsprop,0.0005,True,0,11,True,13.471413298416067,2.751411794329374
rmsprop,0.0005,True,0,12,False,13.395174925805211,2.7327096019187187
rmsprop,0.0005,True,0,12,True,13.451897992768371,2.7473917703641084
rmsprop,0.0005,True,0,13,False,13.280984588847467,2.6879064335803755
rmsprop,0.0005,True,0,13,True,13.434908823901054,2.7425685208247503
rmsprop,0.0005,True,0,14,False,13.441322189758779,2.6897691402143113
rmsprop,0.0005,True,0,14,True,13.426867090420844,2.737794012422458
rmsprop,0.0005,True,0,15,False,13.33440424183125,2.6983249328236556
rmsprop,0.0005,True,0,15,True,13.412779565704263,2.733509001240482
rmsprop,0.0005,True,,0,True,13.54974759096552,2.7569939225357154
rmsprop,0.0005,True,,1,True,13.35064689280572,2.720428487892172
rmsprop,0.0005,True,,2,True,13.4342482871906,2.75013414605785
rmsprop,0.0005,True,,3,True,13.662199800746754,2.7702184860812635
rmsprop,0.0005,True,,4,True,13.804459054280118,2.7678048729587212
rmsprop,0.0005,True,,5,True,13.420544645626588,2.7359206683679385
rmsprop,0.0005,True,,6,True,13.44220416198178,2.7395666015663633
rmsprop,0.0005,True,,7,True,14.647757114368602,2.950679215386342
rmsprop,0.0005,True,,8,True,13.39959156782379,2.716948932682877
rmsprop,0.0005,True,,9,True,13.42335193474164,2.735455531378248
rmsprop,0.0005,True,,10,True,13.515453012582435,2.726688123421121
rmsprop,0.0005,True,,11,True,13.348454728266129,2.7136710698132007
rmsprop,0.0005,True,,12,True,13.37021988654296,2.7205918416105357
rmsprop,0.0005,True,,13,True,13.538947789269175,2.7477658203059003
rmsprop,0.0005,True,,14,True,13.324141082600534,2.7042730367115384
rmsprop,0.0005,True,,,True,13.382834644879983,2.7253795193833072
rmsprop,0.001,False,1,1,False,13.260401530496619,2.696174562598174
rmsprop,0.001,False,1,1,True,13.260401530496619,2.696174562598174
rmsprop,0.001,False,1,2,False,13.241982799538224,2.693468283204091
rmsprop,0.001,False,1,2,True,13.238863945097375,2.6929258469266406
rmsprop,0.001,False,1,3,False,13.887821376083828,2.8970450142915043
rmsprop,0.001,False,1,3,True,13.277052192488458,2.702121937956991
rmsprop,0.001,False,1,4,False,13.447990887128878,2.71305362315651
rmsprop,0.001,False,1,4,True,13.282309915672894,2.703842055466328
rmsprop,0.001,False,1,5,False,13.62408748656113,2.7048373695371555
rmsprop,0.001,False,1,5,True,13.27565823483783,2.6954929962463363
rmsprop,0.001,False,1,6,False,13.405113846981578,2.7338901367150905
rmsprop,0.001,False,1,6,True,13.279059611798115,2.6983904443778717
rmsprop,0.001,False,1,7,False,13.436129798336264,2.7236184522390214
rmsprop,0.001,False,1,7,True,13.31383031288132,2.7039370553316338
rmsprop,0.001,False,1,8,False,14.048824474112012,2.831019192951068
rmsprop,0.001,False,1,8,True,13.307973851785059,2.703743521464757
rmsprop,0.001,False,1,9,False,13.67198724749933,2.8348816894595283
rmsprop,0.001,False,1,9,True,13.318735000910749,2.7109695798410205
rmsprop,0.001,False,1,10,False,13.273074818500369,2.693650814254448
rmsprop,0.001,False,1,10,True,13.30240280599182,2.706478961177972
rmsprop,0.001,False,1,11,False,13.33672656322036,2.710044630650378
rmsprop,0.001,False,1,11,True,13.30122873091473,2.7059482329248414
rmsprop,0.001,False,1,12,False,13.384438298456308,2.7381300764522765
rmsprop,0.001,False,1,12,True,13.300105564509495,2.7085674046389046
rmsprop,0.001,False,1,13,False,13.382736562591258,2.721701284428155
rmsprop,0.001,False,1,13,True,13.315559079138582,2.7108528667582856
rmsprop,0.001,False,1,14,False,13.356310593993847,2.715957813194497
rmsprop,0.001,False,1,14,True,13.31184645702163,2.7099093684246367
rmsprop,0.001,False,1,15,False,13.235539715255193,2.6917355233133895
rmsprop,0.001,False,1,15,True,13.30288572460559,2.7081400989599644
rmsprop,0.001,False,2,1,False,13.391711211811566,2.7125522630176246
rmsprop,0.001,False,2,1,True,13.391711211811566,2.7125522630176246
rmsprop,0.001,False,2,2,False,13.305434630913043,2.7091756444980737
rmsprop,0.001,False,2,2,True,13.326404698444621,2.7076465935676803
rmsprop,0.001,False,2,3,False,13.378785371707481,2.735730798050864
rmsprop,0.001,False,2,3,True,13.330441882269021,2.715968058850628
rmsprop,0.001,False,2,4,False,13.519092395943352,2.739325185354634
rmsprop,0.001,False,2,4,True,13.343529294098943,2.716524538282434
rmsprop,0.001,False,2,5,False,14.192031149655474,2.9456586680643326
rmsprop,0.001,False,2,5,True,13.362745771266612,2.722626571187286
rmsprop,0.001,False,2,6,False,13.27122832367471,2.7025003811846604
rmsprop,0.001,False,2,6,True,13.329775805988536,2.7167071990320646
rmsprop,0.001,False,2,7,False,13.384644961857937,2.6901260006260097
rmsprop,0.001,False,2,7,True,13.323514119052136,2.7106781389932793
rmsprop,0.001,False,2,8,False,14.246081540735272,2.8693774687644162
rmsprop,0.001,False,2,8,True,13.31634129280095,2.7101809337161464
rmsprop,0.001,False,2,9,False,13.24379145550518,2.695115635409331
rmsprop,0.001,False,2,9,True,13.297840038271378,2.7071290640184444
rmsprop,0.001,False,2,10,False,13.327251566691126,2.715265251137261
rmsprop,0.001,False,2,10,True,13.300562227994764,2.7084300734943136
rmsprop,0.001,False,2,11,False,13.384890249669585,2.7068543839888872
rmsprop,0.001,False,2,11,True,13.298687189290652,2.7067291971699103
rmsprop,0.001,False,2,12,False,13.2986763440801,2.698131032166487
rmsprop,0.001,False,2,12,True,13.292866798523988,2.7050177156176582
rmsprop,0.001,False,2,13,False,13.303633148652139,2.691579314861365
rmsprop,0.001,False,2,13,True,13.290193219902704,2.7030465717013024
rmsprop,0.001,False,2,14,False,13.239704055215485,2.678291858267575
rmsprop,0.001,False,2,14,True,13.283118164183433,2.7006618817225405
rmsprop,0.001,False,2,15,False,13.257816970526605,2.69503263415133
rmsprop,0.001,False,2,15,True,13.278282891689573,2.699694169346147
rmsprop,0.001,False,0,1,False,13.458718033646752,2.7646990849507165
rmsprop,0.001,False,0,1,True,13.458718033646752,2.7646990849507165
rmsprop,0.001,False,0,2,False,13.30297561180183,2.710043697399857
rmsprop,0.001,False,0,2,True,13.35991999352355,2.7326572903798834
rmsprop,0.001,False,0,3,False,13.501365343380732,2.77823784049045
rmsprop,0.001,False,0,3,True,13.436697908220635,2.7594921432025523
rmsprop,0.001,False,0,4,False,13.411503828559379,2.7228049315692497
rmsprop,0.001,False,0,4,True,13.38329569126885,2.7403975910704528
rmsprop,0.001,False,0,5,False,13.593611029496602,2.716400909251356
rmsprop,0.001,False,0,5,True,13.334159271276658,2.721848859963935
rmsprop,0.001,False,0,6,False,13.258062721031559,2.70210793928818
rmsprop,0.001,False,0,6,True,13.299458236876243,2.711753322098132
rmsprop,0.001,False,0,7,False,13.3457848820389,2.722833954005061
rmsprop,0.001,False,0,7,True,13.305086953325977,2.7134591193686215
rmsprop,0.001,False,0,8,False,14.003896819402064,2.812563021696845
rmsprop,0.001,False,0,8,True,13.301709797785382,2.7131169439958485
rmsprop,0.001,False,0,9,False,13.248199793101847,2.6841034424303802
rmsprop,0.001,False,0,9,True,13.289085103866125,2.7083626917872157
rmsprop,0.001,False,0,10,False,13.377825986689215,2.7293909174058064
rmsprop,0.001,False,0,10,True,13.297632815297256,2.7106150765081307
rmsprop,0.001,False,0,11,False,13.644434150071906,2.8009144306481892
rmsprop,0.001,False,0,11,True,13.310638795170943,2.7147968476886932
rmsprop,0.001,False,0,12,False,13.452039266269638,2.7577114134500604
rmsprop,0.001,False,0,12,True,13.324511961770153,2.719533529996412
rmsprop,0.001,False,0,13,False,13.386936715881328,2.742631369353807
rmsprop,0.001,False,0,13,True,13.335963147938047,2.7238594396637366
rmsprop,0.001,False,0,14,False,13.222848993220591,2.6837240618698983
rmsprop,0.001,False,0,14,True,13.318218374400015,2.7185621814950927
rmsprop,0.001,False,0,15,False,13.362507995280463,2.730763093700895
rmsprop,0.001,False,0,15,True,13.323816532631117,2.7207472639557206
rmsprop,0.001,False,3,1,False,13.231495751398429,2.685994303298008
rmsprop,0.001,False,3,1,True,13.231495751398429,2.685994303298008
rmsprop,0.001,False,3,2,False,13.37693460649085,2.7229594093448832
rmsprop,0.001,False,3,2,True,13.267484944562844,2.699950639398901
rmsprop,0.001,False,3,3,False,13.270077457115578,2.6918628668185587
rmsprop,0.001,False,3,3,True,13.264999447790295,2.6940507399957307
rmsprop,0.001,False,3,4,False,13.545277571650253,2.759885903006786
rmsprop,0.001,False,3,4,True,13.288318316187416,2.702862839142339
rmsprop,0.001,False,3,5,False,13.402359268578406,2.711964938863751
rmsprop,0.001,False,3,5,True,13.27875678447842,2.6992485618780817
rmsprop,0.001,False,3,6,False,13.274898980491436,2.7003515190509217
rmsprop,0.001,False,3,6,True,13.270560066224304,2.6986267244519277
rmsprop,0.001,False,3,7,False,13.329840571188312,2.711052090671378
rmsprop,0.001,False,3,7,True,13.279537087452317,2.7011585650271406
rmsprop,0.001,False,3,8,False,13.959572816438108,2.763330172320605
rmsprop,0.001,False,3,8,True,13.270080995282228,2.6968004600859454
rmsprop,0.001,False,3,9,False,13.449012893675214,2.7615976425782756
rmsprop,0.001,False,3,9,True,13.285096679798254,2.7030947353453394
rmsprop,0.001,False,3,10,False,13.359785878846862,2.7192105618556717
rmsprop,0.001,False,3,10,True,13.297445572757228,2.706433558544663
rmsprop,0.001,False,3,11,False,13.388850704849329,2.7178457752331084
rmsprop,0.001,False,3,11,True,13.301798550361125,2.7069723846808205
rmsprop,0.001,False,3,12,False,13.3180544476803,2.7156782289421773
rmsprop,0.001,False,3,12,True,13.299377740455808,2.707437127878039
rmsprop,0.001,False,3,13,False,13.239781548168839,2.6817831650412356
rmsprop,0.001,False,3,13,True,13.291554696702459,2.704647227262565
rmsprop,0.001,False,3,14,False,13.375869339368732,2.6968709017600396
rmsprop,0.001,False,3,14,True,13.291486234063829,2.70350526093033
rmsprop,0.001,False,3,15,False,13.346198803075907,2.73851055709163
rmsprop,0.001,False,3,15,True,13.291496613524302,2.7050836308489923
rmsprop,0.001,False,,0,True,13.28271253508826,2.7024011722988477
rmsprop,0.001,False,,1,True,13.296850911160014,2.7082044797018536
rmsprop,0.001,False,,2,True,13.42930014540053,2.753821994807282
rmsprop,0.001,False,,3,True,13.451846206193853,2.728402855605657
rmsprop,0.001,False,,4,True,13.433503758718897,2.695439819850294
rmsprop,0.001,False,,5,True,13.266847502905183,2.703069401643384
rmsprop,0.001,False,,6,True,13.346586814704782,2.7111633952844496
rmsprop,0.001,False,,7,True,14.026595782139987,2.8134328830185797
rmsprop,0.001,False,,8,True,13.311472191228445,2.7191673954251963
rmsprop,0.001,False,,9,True,13.327314654161622,2.7139286289458426
rmsprop,0.001,False,,10,True,13.379154699159118,2.7181297773891875
rmsprop,0.001,False,,11,True,13.339257682964625,2.722158389252625
rmsprop,0.001,False,,12,True,13.298351597829354,2.7017243802518403
rmsprop,0.001,False,,13,True,13.259010254172264,2.6864870852765206
rmsprop,0.001,False,,14,True,13.267905690966472,2.7069198242656642
rmsprop,0.001,False,,,True,13.293039686976355,2.7067746933520636
rmsprop,0.001,True,0,1,False,13.314970598513321,2.7042351749196967
rmsprop,0.001,True,0,1,True,13.314970598513321,2.7042351749196967
rmsprop,0.001,True,0,2,False,13.319028176936053,2.712806693689713
rmsprop,0.001,True,0,2,True,13.306940821107487,2.7068402475160314
rmsprop,0.001,True,0,3,False,13.384487888363157,2.732309736528063
rmsprop,0.001,True,0,3,True,13.321048791638388,2.713900806962285
rmsprop,0.001,True,0,4,False,13.483009732422282,2.729985580056649
rmsprop,0.001,True,0,4,True,13.321129241323757,2.7123152260294514
rmsprop,0.001,True,0,5,False,13.457516628506417,2.694375018379632
rmsprop,0.001,True,0,5,True,13.31137741526696,2.707531994209435
rmsprop,0.001,True,0,6,False,13.405175965761176,2.7483312472602175
rmsprop,0.001,True,0,6,True,13.317611269483915,2.7128141061326447
rmsprop,0.001,True,0,7,False,13.390833310486556,2.739515980375866
rmsprop,0.001,True,0,7,True,13.331483867750407,2.7192035461712036
rmsprop,0.001,True,0,8,False,14.581122313373939,2.9827188372872717
rmsprop,0.001,True,0,8,True,13.33495926024796,2.720813808339234
rmsprop,0.001,True,0,9,False,13.413950944381709,2.7417391645684
rmsprop,0.001,True,0,9,True,13.352105615075551,2.7257215950042397
rmsprop,0.001,True,0,10,False,13.378186389564288,2.725006231889925
rmsprop,0.001,True,0,10,True,13.353329214824242,2.7250406782858247
rmsprop,0.001,True,0,11,False,13.519495590384217,2.716917653514718
rmsprop,0.001,True,0,11,True,13.352754570105443,2.723854452266891
rmsprop,0.001,True,0,12,False,13.41563772001125,2.744056878554743
rmsprop,0.001,True,0,12,True,13.356864199852641,2.7254073218062254
rmsprop,0.001,True,0,13,False,13.347486137652615,2.721107417878647
rmsprop,0.001,True,0,13,True,13.353969414516849,2.724660010133265
rmsprop,0.001,True,0,14,False,13.330721305636624,2.7075825038961
rmsprop,0.001,True,0,14,True,13.350940036169293,2.723376380446718
rmsprop,0.001,True,0,15,False,13.243361782805907,2.687010703350652
rmsprop,0.001,True,0,15,True,13.342813039597104,2.721525062216786
rmsprop,0.001,True,2,1,False,13.202815037590533,2.6679430732916862
rmsprop,0.001,True,2,1,True,13.202815037590533,2.6679430732916862
rmsprop,0.001,True,2,2,False,13.361755381231292,2.721913643579472
rmsprop,0.001,True,2,2,True,13.235302636548989,2.6819473339383006
rmsprop,0.001,True,2,3,False,13.267114933557345,2.700001159888668
rmsprop,0.001,True,2,3,True,13.273473880296933,2.699542210745221
rmsprop,0.001,True,2,4,False,13.780735257963343,2.8512735249748196
rmsprop,0.001,True,2,4,True,13.294984885095971,2.707264384423538
rmsprop,0.001,True,2,5,False,13.660586106925923,2.7079342881971513
rmsprop,0.001,True,2,5,True,13.27014286142112,2.6973098599542995
rmsprop,0.001,True,2,6,False,13.327245881589592,2.7157136941039193
rmsprop,0.001,True,2,6,True,13.284666122377251,2.702822503192849
rmsprop,0.001,True,2,7,False,13.275296464362466,2.6923064543997026
rmsprop,0.001,True,2,7,True,13.27435646523818,2.699204920511346
rmsprop,0.001,True,2,8,False,14.098504845330929,2.856679475181573
rmsprop,0.001,True,2,8,True,13.271704482349714,2.6992459293589217
rmsprop,0.001,True,2,9,False,13.265278996218866,2.6770870841778196
rmsprop,0.001,True,2,9,True,13.264155994857067,2.694813043378719
rmsprop,0.001,True,2,10,False,13.35039955324035,2.720994026673312
rmsprop,0.001,True,2,10,True,13.275379104673545,2.6986222384786656
rmsprop,0.001,True,2,11,False,13.396596180196989,2.685416982020333
rmsprop,0.001,True,2,11,True,13.2670696859649,2.6948169050117103
rmsprop,0.001,True,2,12,False,13.297433927689449,2.7074848425933666
rmsprop,0.001,True,2,12,True,13.266929167202097,2.695748150460083
rmsprop,0.001,True,2,13,False,13.245761059614154,2.680960801553833
rmsprop,0.001,True,2,13,True,13.259788803594686,2.6927747652973895
rmsprop,0.001,True,2,14,False,13.419456268197251,2.7323935429868884
rmsprop,0.001,True,2,14,True,13.267110846385451,2.694932460794572
rmsprop,0.001,True,2,15,False,13.282920757674926,2.692950711644152
rmsprop,0.001,True,2,15,True,13.266676218806431,2.694311853979842
rmsprop,0.001,True,3,1,False,13.304240606748301,2.6930893778663343
rmsprop,0.001,True,3,1,True,13.304240606748301,2.6930893778663343
rmsprop,0.001,True,3,2,False,13.269930583376102,2.6996990428144865
rmsprop,0.001,True,3,2,True,13.258233228215923,2.6899071138800315
rmsprop,0.001,True,3,3,False,13.329327695948335,2.7155702038905645
rmsprop,0.001,True,3,3,True,13.280994688156241,2.7005477056880176
rmsprop,0.001,True,3,4,False,13.446407213947234,2.7220133233641453
rmsprop,0.001,True,3,4,True,13.280884166749235,2.6992007367579967
rmsprop,0.001,True,3,5,False,14.268797760562832,2.9838297885506093
rmsprop,0.001,True,3,5,True,13.297783369056623,2.7056400658293684
rmsprop,0.001,True,3,6,False,13.29849924045096,2.695320196294113
rmsprop,0.001,True,3,6,True,13.285042131430279,2.7007501464238506
rmsprop,0.001,True,3,7,False,13.31519728666101,2.6975489428153496
rmsprop,0.001,True,3,7,True,13.286648980840551,2.699377450499355
rmsprop,0.001,True,3,8,False,14.521084016823028,2.9731251487238275
rmsprop,0.001,True,3,8,True,13.28102488949681,2.700400873831605
rmsprop,0.001,True,3,9,False,13.387488958661624,2.727591156810464
rmsprop,0.001,True,3,9,True,13.300142554623585,2.7053652429903603
rmsprop,0.001,True,3,10,False,13.281648287779747,2.7025611960552705
rmsprop,0.001,True,3,10,True,13.292459891113046,2.7039674062742542
rmsprop,0.001,True,3,11,False,13.472490896240569,2.7592077784575015
rmsprop,0.001,True,3,11,True,13.29862583665103,2.7064220770632064
rmsprop,0.001,True,3,12,False,13.35531070791446,2.7059552487292122
rmsprop,0.001,True,3,12,True,13.298567453318652,2.7054598876517613
rmsprop,0.001,True,3,13,False,13.246431924515976,2.688870356828627
rmsprop,0.001,True,3,13,True,13.291337695446156,2.70339418369485
rmsprop,0.001,True,3,14,False,13.383213580712692,2.713598853639949
rmsprop,0.001,True,3,14,True,13.294719488642201,2.7039842894316495
rmsprop,0.001,True,3,15,False,13.32619432482006,2.716306195642229
rmsprop,0.001,True,3,15,True,13.297264855158115,2.7053261337907415
rmsprop,0.001,True,1,1,False,13.305238167831265,2.711784349915039
rmsprop,0.001,True,1,1,True,13.305238167831265,2.711784349915039
rmsprop,0.001,True,1,2,False,13.380502501897904,2.735048520888739
rmsprop,0.001,True,1,2,True,13.334979052571853,2.7217210462719965
rmsprop,0.001,True,1,3,False,13.26864463048713,2.695048862608618
rmsprop,0.001,True,1,3,True,13.311930055318811,2.712581574587985
rmsprop,0.001,True,1,4,False,13.643609488868561,2.770315364686724
rmsprop,0.001,True,1,4,True,13.326475015266142,2.7189571027105135
rmsprop,0.001,True,1,5,False,13.426328695409394,2.7023224399807
rmsprop,0.001,True,1,5,True,13.305796655247793,2.7119429724537194
rmsprop,0.001,True,1,6,False,13.415083120139746,2.743560836368181
rmsprop,0.001,True,1,6,True,13.322909297648508,2.717363055315362
rmsprop,0.001,True,1,7,False,13.31980056681031,2.706451397490322
rmsprop,0.001,True,1,7,True,13.309076935210674,2.710960399662854
rmsprop,0.001,True,1,8,False,15.262995952536661,3.2227125098012888
rmsprop,0.001,True,1,8,True,13.324976438590225,2.7180155482801216
rmsprop,0.001,True,1,9,False,13.282568700008314,2.7030197977169688
rmsprop,0.001,True,1,9,True,13.30801633472934,2.712175522701581
rmsprop,0.001,True,1,10,False,13.341091299462544,2.716533282613122
rmsprop,0.001,True,1,10,True,13.310201738943109,2.7127902274405615
rmsprop,0.001,True,1,11,False,13.556431048625482,2.7617136358594823
rmsprop,0.001,True,1,11,True,13.315230769912567,2.7139923237469783
rmsprop,0.001,True,1,12,False,13.284826310363563,2.70076252231616
rmsprop,0.001,True,1,12,True,13.31212185731006,2.7132704514694352
rmsprop,0.001,True,1,13,False,13.238308171466183,2.6766995517724874
rmsprop,0.001,True,1,13,True,13.30408557434829,2.7102377399609283
rmsprop,0.001,True,1,14,False,13.386852229511309,2.733767446282843
rmsprop,0.001,True,1,14,True,13.311084707575807,2.712999993671717
rmsprop,0.001,True,1,15,False,13.349236890964129,2.729814784085693
rmsprop,0.001,True,1,15,True,13.312435708976093,2.7142498258733943
rmsprop,0.001,True,,0,True,13.25436145857546,2.6883076490262914
rmsprop,0.001,True,,1,True,13.323332346023056,2.7158728328574875
rmsprop,0.001,True,,2,True,13.29454098921859,2.707343368753007
rmsprop,0.001,True,,3,True,13.515233593817552,2.750421239942817
rmsprop,0.001,True,,4,True,13.42810371250968,2.6960611547661975
rmsprop,0.001,True,,5,True,13.353127365235892,2.7257332857624026
rmsprop,0.001,True,,6,True,13.289846790316798,2.7006379184852918
rmsprop,0.001,True,,7,True,14.455186188275647,2.9591474271703913
rmsprop,0.001,True,,8,True,13.328512020661101,2.7128538032146734
rmsprop,0.001,True,,9,True,13.334239608198992,2.7167714164209906
rmsprop,0.001,True,,10,True,13.421404965679773,2.7218696169578176
rmsprop,0.001,True,,11,True,13.312669185050135,2.7082239019334775
rmsprop,0.001,True,,12,True,13.239746605080834,2.6834082251708544
rmsprop,0.001,True,,13,True,13.373172856752172,2.7213955494233475
rmsprop,0.001,True,,14,True,13.282814000250506,2.7011563789118385
rmsprop,0.001,True,,,True,13.302436339150777,2.708393118891258
rmsprop,0.005,False,3,1,False,13.55959392490853,2.7601180139680896
rmsprop,0.005,False,3,1,True,13.55959392490853,2.7601180139680896
rmsprop,0.005,False,3,2,False,13.352803059772386,2.696552820175926
rmsprop,0.005,False,3,2,True,13.373260864725802,2.714214380267781
rmsprop,0.005,False,3,3,False,13.307619349727762,2.7119963895343204
rmsprop,0.005,False,3,3,True,13.323016645827792,2.7102038019237553
rmsprop,0.005,False,3,4,False,13.490983947777462,2.7270794484210175
rmsprop,0.005,False,3,4,True,13.343119068020696,2.7128189071124664
rmsprop,0.005,False,3,5,False,13.458113446624813,2.6926327575893696
rmsprop,0.005,False,3,5,True,13.34717934712523,2.7073361910643587
rmsprop,0.005,False,3,6,False,13.458135750202345,2.735553476579553
rmsprop,0.005,False,3,6,True,13.323322636366772,2.7074384830096823
rmsprop,0.005,False,3,7,False,13.408440629382731,2.717868189005269
rmsprop,0.005,False,3,7,True,13.341291990663601,2.71029265034187
rmsprop,0.005,False,3,8,False,13.617927241541409,2.70702064640675
rmsprop,0.005,False,3,8,True,13.339495685379223,2.7076817489810185
rmsprop,0.005,False,3,9,False,13.318428487059169,2.689214677069575
rmsprop,0.005,False,3,9,True,13.320000528599854,2.703121168091653
rmsprop,0.005,False,3,10,False,13.534140144542643,2.769851661121371
rmsprop,0.005,False,3,10,True,13.333528622605183,2.7071967605117697
rmsprop,0.005,False,3,11,False,13.342870222822674,2.6741865011191708
rmsprop,0.005,False,3,11,True,13.324073653978381,2.702825552715301
rmsprop,0.005,False,3,12,False,13.548873589455798,2.777070400745704
rmsprop,0.005,False,3,12,True,13.332243059033123,2.7065801956431867
rmsprop,0.005,False,3,13,False,13.314938331227344,2.699729725366303
rmsprop,0.005,False,3,13,True,13.322658960788875,2.7052972819509815
rmsprop,0.005,False,3,14,False,13.462246439237818,2.725297389139383
rmsprop,0.005,False,3,14,True,13.33355470113802,2.707882128177016
rmsprop,0.005,False,3,15,False,13.445521615989422,2.744893759909584
rmsprop,0.005,False,3,15,True,13.331922459373914,2.7095323826565556
rmsprop,0.005,False,2,1,False,13.626269271816321,2.806704388069976
rmsprop,0.005,False,2,1,True,13.626269271816321,2.806704388069976
rmsprop,0.005,False,2,2,False,13.269914292591851,2.702540744479097
rmsprop,0.005,False,2,2,True,13.370722346413931,2.7383870913781414
rmsprop,0.005,False,2,3,False,13.314041865442878,2.7259534527892995
rmsprop,0.005,False,2,3,True,13.30988189848562,2.7243725495960347
rmsprop,0.005,False,2,4,False,13.409727596761218,2.696225192569562
rmsprop,0.005,False,2,4,True,13.297482315320046,2.7147914091869523
rmsprop,0.005,False,2,5,False,13.493279094966582,2.723967543273179
rmsprop,0.005,False,2,5,True,13.316170016777608,2.7166363461613194
rmsprop,0.005,False,2,6,False,13.418087401502206,2.7220163800255635
rmsprop,0.005,False,2,6,True,13.292203042807719,2.71030239672213
rmsprop,0.005,False,2,7,False,13.424678875657497,2.747243499354473
rmsprop,0.005,False,2,7,True,13.3139893928791,2.7175784160246446
rmsprop,0.005,False,2,8,False,13.677764177810436,2.748677645500252
rmsprop,0.005,False,2,8,True,13.314254261079551,2.7162939903877272
rmsprop,0.005,False,2,9,False,13.445326394399649,2.7624162346815018
rmsprop,0.005,False,2,9,True,13.335072189947448,2.7245745337094895
rmsprop,0.005,False,2,10,False,13.527959331655506,2.761934383778709
rmsprop,0.005,False,2,10,True,13.344273703865301,2.7263251461564693
rmsprop,0.005,False,2,11,False,13.442299861976712,2.7190715386891244
rmsprop,0.005,False,2,11,True,13.345888324699363,2.723715460465377
rmsprop,0.005,False,2,12,False,13.367270046392617,2.739907475348408
rmsprop,0.005,False,2,12,True,13.344518790564805,2.7258785406856716
rmsprop,0.005,False,2,13,False,13.237979934445693,2.6729479939217073
rmsprop,0.005,False,2,13,True,13.328451478799732,2.721646143521752
rmsprop,0.005,False,2,14,False,13.76432345064738,2.8123614381134456
rmsprop,0.005,False,2,14,True,13.347949308245962,2.7257695577079457
rmsprop,0.005,False,2,15,False,13.33764082865193,2.694296734118629
rmsprop,0.005,False,2,15,True,13.332304109450675,2.720687252679522
rmsprop,0.005,False,1,1,False,13.38435502372498,2.7109053259031604
rmsprop,0.005,False,1,1,True,13.38435502372498,2.7109053259031604
rmsprop,0.005,False,1,2,False,13.61778334001798,2.8121637028602726
rmsprop,0.005,False,1,2,True,13.46442179197212,2.7541420385422315
rmsprop,0.005,False,1,3,False,13.3162617724393,2.7077421660027077
rmsprop,0.005,False,1,3,True,13.35177553811563,2.7217923204548633
rmsprop,0.005,False,1,4,False,13.546235210114968,2.7583946756509077
rmsprop,0.005,False,1,4,True,13.387165123212855,2.7319929709923447
rmsprop,0.005,False,1,5,False,13.5065985948652,2.6888328860632686
rmsprop,0.005,False,1,5,True,13.365254176716938,2.716577695798656
rmsprop,0.005,False,1,6,False,13.521602644485847,2.7705302676957535
rmsprop,0.005,False,1,6,True,13.361298213744691,2.7231743960774915
rmsprop,0.005,False,1,7,False,13.320180658417279,2.704232424895933
rmsprop,0.005,False,1,7,True,13.334906557430235,2.715121507682262
rmsprop,0.005,False,1,8,False,13.494181680205934,2.704848968444156
rmsprop,0.005,False,1,8,True,13.319269838824477,2.708577774553748
rmsprop,0.005,False,1,9,False,13.48492098046802,2.7455038002845567
rmsprop,0.005,False,1,9,True,13.351156301102032,2.717667191618306
rmsprop,0.005,False,1,10,False,13.323787499018293,2.7121679794889633
rmsprop,0.005,False,1,10,True,13.333953125844626,2.7140944339853545
rmsprop,0.005,False,1,11,False,13.292435292126138,2.6747858179721837
rmsprop,0.005,False,1,11,True,13.326577498587598,2.7089757453167693
rmsprop,0.005,False,1,12,False,13.246691364499064,2.6886070384498724
rmsprop,0.005,False,1,12,True,13.301353045394482,2.7036534410936666
rmsprop,0.005,False,1,13,False,13.495174422931028,2.7611776432194164
rmsprop,0.005,False,1,13,True,13.309228853699437,2.707994563972097
rmsprop,0.005,False,1,14,False,13.386813643813012,2.712292106231365
rmsprop,0.005,False,1,14,True,13.314074901071281,2.707976936549034
rmsprop,0.005,False,1,15,False,13.351813030301972,2.7262119173307124
rmsprop,0.005,False,1,15,True,13.314698997414608,2.7103068714517993
rmsprop,0.005,False,0,1,False,13.345272009079817,2.7153878731952314
rmsprop,0.005,False,0,1,True,13.345272009079817,2.7153878731952314
rmsprop,0.005,False,0,2,False,13.66347631283549,2.8081382133846717
rmsprop,0.005,False,0,2,True,13.46518949594844,2.754146975412462
rmsprop,0.005,False,0,3,False,13.33801343804568,2.7188970263435004
rmsprop,0.005,False,0,3,True,13.36970571864037,2.726646076944367
rmsprop,0.005,False,0,4,False,13.3091463551425,2.676258554504208
rmsprop,0.005,False,0,4,True,13.33936652148716,2.7155123642819134
rmsprop,0.005,False,0,5,False,13.920385379505584,2.8522925174826828
rmsprop,0.005,False,0,5,True,13.373574106179943,2.725513781638065
rmsprop,0.005,False,0,6,False,13.27460972656257,2.6855140813114033
rmsprop,0.005,False,0,6,True,13.336217028729264,2.714883765828169
rmsprop,0.005,False,0,7,False,13.625434734242868,2.810964340383546
rmsprop,0.005,False,0,7,True,13.371167089626102,2.726098259066716
rmsprop,0.005,False,0,8,False,13.79506662971793,2.7677750288806973
rmsprop,0.005,False,0,8,True,13.374373280375563,2.7269750273502713
rmsprop,0.005,False,0,9,False,13.465899466997945,2.7530119551391588
rmsprop,0.005,False,0,9,True,13.384377230029846,2.7312798287413393
rmsprop,0.005,False,0,10,False,13.457497808094809,2.759978883864074
rmsprop,0.005,False,0,10,True,13.391962321556633,2.736508617747604
rmsprop,0.005,False,0,11,False,13.314712784681197,2.6987468293397927
rmsprop,0.005,False,0,11,True,13.37644779882833,2.7311729316071567
rmsprop,0.005,False,0,12,False,13.498505894579651,2.752733594126226
rmsprop,0.005,False,0,12,True,13.378755977747034,2.7316544862510432
rmsprop,0.005,False,0,13,False,13.554779464385216,2.804904374917656
rmsprop,0.005,False,0,13,True,13.388835875049132,2.736892429206898
rmsprop,0.005,False,0,14,False,13.434397389681218,2.6764452265390597
rmsprop,0.005,False,0,14,True,13.374728639849192,2.730584643066257
rmsprop,0.005,False,0,15,False,13.324285078168968,2.7015046145872024
rmsprop,0.005,False,0,15,True,13.360572954488863,2.7259179259686186
rmsprop,0.005,False,,0,True,13.424670815426234,2.7365761974437857
rmsprop,0.005,False,,1,True,13.389384789073663,2.7374188305513267
rmsprop,0.005,False,,2,True,13.290841030115418,2.7129539529434896
rmsprop,0.005,False,,3,True,13.378421470585092,2.7036723741776822
rmsprop,0.005,False,,4,True,13.445161053966359,2.7022764640375705
rmsprop,0.005,False,,5,True,13.342293863455726,2.7156710300208324
rmsprop,0.005,False,,6,True,13.390169859047225,2.731827782710524
rmsprop,0.005,False,,7,True,13.602992033645442,2.7247575091389376
rmsprop,0.005,False,,8,True,13.394550608621268,2.735663492300348
rmsprop,0.005,False,,9,True,13.440542390829236,2.7514219082255846
rmsprop,0.005,False,,10,True,13.296953965280377,2.681719430988441
rmsprop,0.005,False,,11,True,13.366221982621807,2.735456446431425
rmsprop,0.005,False,,12,True,13.33395250515367,2.7222131305347403
rmsprop,0.005,False,,13,True,13.427508856434288,2.7144398288514173
rmsprop,0.005,False,,14,True,13.317441921748301,2.7097024498174305
rmsprop,0.005,False,,,True,13.328318779603938,2.7154658539983267
rmsprop,0.005,True,0,1,False,13.412685460543154,2.7074070923179083
rmsprop,0.005,True,0,1,True,13.412685460543154,2.7074070923179083
rmsprop,0.005,True,0,2,False,13.40354695931686,2.750848991006301
rmsprop,0.005,True,0,2,True,13.336814415471528,2.722366866088193
rmsprop,0.005,True,0,3,False,13.297777467533663,2.715896930157294
rmsprop,0.005,True,0,3,True,13.294705996808535,2.7170761367274605
rmsprop,0.005,True,0,4,False,13.549441070250987,2.7352440119629047
rmsprop,0.005,True,0,4,True,13.304071063655094,2.715877995682302
rmsprop,0.005,True,0,5,False,13.53059138792674,2.735187740667991
rmsprop,0.005,True,0,5,True,13.322436846748738,2.713388906951472
rmsprop,0.005,True,0,6,False,13.357891398385988,2.733086071907862
rmsprop,0.005,True,0,6,True,13.303852508638952,2.7157594672327283
rmsprop,0.005,True,0,7,False,13.630206951350328,2.7749456095960077
rmsprop,0.005,True,0,7,True,13.352148773032008,2.7279985943304395
rmsprop,0.005,True,0,8,False,13.735220797094659,2.7666266034821216
rmsprop,0.005,True,0,8,True,13.335528930845998,2.7228133115696407
rmsprop,0.005,True,0,9,False,13.404764385438423,2.7199695262337173
rmsprop,0.005,True,0,9,True,13.338095469002516,2.7209160860544115
rmsprop,0.005,True,0,10,False,13.472142814954237,2.769062013821427
rmsprop,0.005,True,0,10,True,13.338648066941733,2.725282763843425
rmsprop,0.005,True,0,11,False,13.38907904419612,2.710620387007443
rmsprop,0.005,True,0,11,True,13.328421676356113,2.7212140272685357
rmsprop,0.005,True,0,12,False,13.406561515888958,2.7557110500661373
rmsprop,0.005,True,0,12,True,13.328670261909117,2.7249463418237005
rmsprop,0.005,True,0,13,False,13.763394700871052,2.7712870958145754
rmsprop,0.005,True,0,13,True,13.34179342942406,2.7275659626574127
rmsprop,0.005,True,0,14,False,13.473306383389268,2.7530050471825414
rmsprop,0.005,True,0,14,True,13.346348705569822,2.7286529513292432
rmsprop,0.005,True,0,15,False,13.269903062273135,2.69837646668083
rmsprop,0.005,True,0,15,True,13.330900477590761,2.7246652231423565
rmsprop,0.005,True,2,1,False,13.408559755003573,2.717779990182944
rmsprop,0.005,True,2,1,True,13.408559755003573,2.717779990182944
rmsprop,0.005,True,2,2,False,13.364587933119154,2.7136688929317327
rmsprop,0.005,True,2,2,True,13.338177991846754,2.7107258781605283
rmsprop,0.005,True,2,3,False,13.380137797183835,2.715921741341159
rmsprop,0.005,True,2,3,True,13.352472847755363,2.7116411550151462
rmsprop,0.005,True,2,4,False,13.311014708755751,2.6854603952606007
rmsprop,0.005,True,2,4,True,13.297311556965436,2.704814739511366
rmsprop,0.005,True,2,5,False,13.870489482643807,2.776415728748401
rmsprop,0.005,True,2,5,True,13.32705084580353,2.710684648810739
rmsprop,0.005,True,2,6,False,13.535521762199314,2.7864352083494373
rmsprop,0.005,True,2,6,True,13.316466269405643,2.7125882874792264
rmsprop,0.005,True,2,7,False,13.374468944557396,2.702605319247047
rmsprop,0.005,True,2,7,True,13.327508750564226,2.711667878771297
rmsprop,0.005,True,2,8,False,13.605084821624562,2.7517951742724125
rmsprop,0.005,True,2,8,True,13.313457042370192,2.7109196032980796
rmsprop,0.005,True,2,9,False,13.403848690025967,2.7343763921264714
rmsprop,0.005,True,2,9,True,13.32459707860633,2.714467363947405
rmsprop,0.005,True,2,10,False,13.36527353876526,2.7199399700576974
rmsprop,0.005,True,2,10,True,13.322525507073854,2.713655533717273
rmsprop,0.005,True,2,11,False,13.639119248400817,2.791688411226756
rmsprop,0.005,True,2,11,True,13.337090959453489,2.717964468128366
rmsprop,0.005,True,2,12,False,13.346133267389236,2.7191976380613783
rmsprop,0.005,True,2,12,True,13.32642032746997,2.7159017523273694
rmsprop,0.005,True,2,13,False,13.266699881608302,2.6994420676072033
rmsprop,0.005,True,2,13,True,13.312142797900442,2.7120991762282594
rmsprop,0.005,True,2,14,False,13.351287243522501,2.7126744964098988
rmsprop,0.005,True,2,14,True,13.312752547674705,2.7119808873810163
rmsprop,0.005,True,2,15,False,13.327333872058421,2.717300834802878
rmsprop,0.005,True,2,15,True,13.306608177271302,2.7110740548334435
rmsprop,0.005,True,3,1,False,13.612699422228868,2.740069799815557
rmsprop,0.005,True,3,1,True,13.612699422228868,2.740069799815557
rmsprop,0.005,True,3,2,False,13.408073218018343,2.71557837130595
rmsprop,0.005,True,3,2,True,13.47003896784311,2.7241141796024513
rmsprop,0.005,True,3,3,False,13.284788187826113,2.699106160510717
rmsprop,0.005,True,3,3,True,13.377450787253546,2.7128820289342883
rmsprop,0.005,True,3,4,False,13.535758212432093,2.7144040673228504
rmsprop,0.005,True,3,4,True,13.354030208327135,2.709933895910431
rmsprop,0.005,True,3,5,False,13.614829706036446,2.749622147466512
rmsprop,0.005,True,3,5,True,13.381207104619547,2.7148581398614167
rmsprop,0.005,True,3,6,False,13.393182970306356,2.7464074672405965
rmsprop,0.005,True,3,6,True,13.328005019419987,2.7136512933192285
rmsprop,0.005,True,3,7,False,13.441232286915913,2.747174052949852
rmsprop,0.005,True,3,7,True,13.345882149098296,2.719780304587796
rmsprop,0.005,True,3,8,False,13.685402681677074,2.763669821110586
rmsprop,0.005,True,3,8,True,13.332656001289406,2.7184639535389548
rmsprop,0.005,True,3,9,False,13.437448445112915,2.6938892468987032
rmsprop,0.005,True,3,9,True,13.330417229790285,2.7141994172245343
rmsprop,0.005,True,3,10,False,13.331372771171981,2.7130165405138724
rmsprop,0.005,True,3,10,True,13.31534020799778,2.7124531005123345
rmsprop,0.005,True,3,11,False,13.498293232304176,2.7531917614864123
rmsprop,0.005,True,3,11,True,13.31974877961726,2.7138698481740713
rmsprop,0.005,True,3,12,False,13.318322430720563,2.70036023291917
rmsprop,0.005,True,3,12,True,13.31037733778636,2.7111875848852964
rmsprop,0.005,True,3,13,False,13.426223983913147,2.740612595063937
rmsprop,0.005,True,3,13,True,13.318501157027148,2.713147226011485
rmsprop,0.005,True,3,14,False,13.359271790233775,2.723102991968411
rmsprop,0.005,True,3,14,True,13.3108650158428,2.713073808438745
rmsprop,0.005,True,3,15,False,13.267073878310574,2.704757581263636
rmsprop,0.005,True,3,15,True,13.30268769873421,2.7119038960730824
rmsprop,0.005,True,1,1,False,13.347676762358338,2.7135494607918966
rmsprop,0.005,True,1,1,True,13.347676762358338,2.7135494607918966
rmsprop,0.005,True,1,2,False,13.246991923591795,2.693141084062206
rmsprop,0.005,True,1,2,True,13.259035436063101,2.6982993270322506
rmsprop,0.005,True,1,3,False,13.31844919077442,2.714423321731228
rmsprop,0.005,True,1,3,True,13.266755372931554,2.7014627762735315
rmsprop,0.005,True,1,4,False,13.401450079015547,2.69661569982776
rmsprop,0.005,True,1,4,True,13.254742797538597,2.69678852769908
rmsprop,0.005,True,1,5,False,13.886537241767938,2.831023110430015
rmsprop,0.005,True,1,5,True,13.27311711316206,2.7017276541056416
rmsprop,0.005,True,1,6,False,13.243766709913386,2.689392173490249
rmsprop,0.005,True,1,6,True,13.246884300673297,2.696139977991404
rmsprop,0.005,True,1,7,False,13.267341479889987,2.691684772766368
rmsprop,0.005,True,1,7,True,13.245174307462532,2.694493779748179
rmsprop,0.005,True,1,8,False,13.547147533307905,2.732496539808709
rmsprop,0.005,True,1,8,True,13.235530779662938,2.693505156050649
rmsprop,0.005,True,1,9,False,13.299212624503173,2.682470715001956
rmsprop,0.005,True,1,9,True,13.231171339449233,2.6899596266691157
rmsprop,0.005,True,1,10,False,13.323586271544913,2.7036745489350884
rmsprop,0.005,True,1,10,True,13.237078305076489,2.6910446354037174
rmsprop,0.005,True,1,11,False,13.623048163653833,2.7549360543527546
rmsprop,0.005,True,1,11,True,13.25197969629991,2.694402443432095
rmsprop,0.005,True,1,12,False,13.335686406866733,2.71788695905651
rmsprop,0.005,True,1,12,True,13.253529434574576,2.6962559941882565
rmsprop,0.005,True,1,13,False,13.334807159638746,2.6951095223896786
rmsprop,0.005,True,1,13,True,13.256129719418823,2.69551027573348
rmsprop,0.005,True,1,14,False,13.56188251172245,2.7360914854694918
rmsprop,0.005,True,1,14,True,13.266989480665515,2.6979707656961454
rmsprop,0.005,True,1,15,False,13.291638971889588,2.6997993048886686
rmsprop,0.005,True,1,15,True,13.26284726865731,2.6974780448678204
rmsprop,0.005,True,,0,True,13.357676408325188,2.7121949487135892
rmsprop,0.005,True,,1,True,13.301572518145317,2.711677699920567
rmsprop,0.005,True,,2,True,13.285144767641695,2.707401122765339
rmsprop,0.005,True,,3,True,13.382470067140707,2.6978666645636253
rmsprop,0.005,True,,4,True,13.646470761857403,2.760207118349273
rmsprop,0.005,True,,5,True,13.340997437510012,2.7355129982631703
rmsprop,0.005,True,,6,True,13.36669114004923,2.7205222941499936
rmsprop,0.005,True,,7,True,13.637474781665663,2.7539144070328874
rmsprop,0.005,True,,8,True,13.319267053864527,2.6972307268769025
rmsprop,0.005,True,,9,True,13.320820600687806,2.714870183575385
rmsprop,0.005,True,,10,True,13.473347882038112,2.745214489452459
rmsprop,0.005,True,,11,True,13.30289752908407,2.7148475590829224
rmsprop,0.005,True,,12,True,13.35052909645014,2.7156307226945096
rmsprop,0.005,True,,13,True,13.361460940780399,2.7226401371853575
rmsprop,0.005,True,,14,True,13.262008347568294,2.701508524268845
rmsprop,0.005,True,,,True,13.291534065324448,2.7105264072488526
