input_len,n_samples,combinations,num,epoch,ensemble,smape,mase*
18,14000000,2,0,1,False,13.315319200046092,2.70794525513721
18,14000000,2,0,1,True,13.315319200046092,2.70794525513721
18,14000000,2,0,2,False,13.461347333370506,2.742874116541523
18,14000000,2,0,2,True,13.286692293058747,2.70954735916838
18,14000000,2,0,3,False,13.452165739767754,2.724424613719025
18,14000000,2,0,3,True,13.300664548663617,2.7117326790392196
18,14000000,2,0,4,False,13.323847544082486,2.6918582429494995
18,14000000,2,0,4,True,13.222241098720641,2.692728565679476
18,14000000,2,0,5,False,13.506090105841741,2.73142096526023
18,14000000,2,0,5,True,13.21959325230151,2.6887732893118628
18,14000000,2,0,6,False,13.748988730509707,2.790030379034196
18,14000000,2,0,6,True,13.240334390769553,2.694982947891465
18,14000000,2,0,7,False,13.582793878275393,2.7368021417410606
18,14000000,2,0,7,True,13.25220073914656,2.6941767577673
18,14000000,2,0,8,False,13.69270500958287,2.773609488165943
18,14000000,2,0,8,True,13.272021835862713,2.6969343349909476
18,14000000,2,0,9,False,13.719661311719237,2.768338622209496
18,14000000,2,0,9,True,13.296768863223612,2.700424084495765
18,14000000,2,0,10,False,13.714290007571586,2.772425140230517
18,14000000,2,0,10,True,13.303644958112697,2.701157152958027
18,14000000,2,0,11,False,13.846216717238558,2.7929517340256593
18,14000000,2,0,11,True,13.32813497750691,2.7049135511720195
18,14000000,2,0,12,False,13.87154071764224,2.806705764880893
18,14000000,2,0,12,True,13.33793005139025,2.7068103308315794
18,14000000,2,0,13,False,13.875023378741265,2.7766718185014008
18,14000000,2,0,13,True,13.35362841331327,2.708035087349743
18,14000000,2,0,14,False,13.973754933615675,2.818305310928328
18,14000000,2,0,14,True,13.368451589358308,2.710626000213554
18,14000000,2,0,15,False,13.920956527303082,2.7921532258288178
18,14000000,2,0,15,True,13.386207634951566,2.7125951551288257
18,14000000,2,1,1,False,13.314174307006464,2.6982735218531784
18,14000000,2,1,1,True,13.314174307006464,2.6982735218531784
18,14000000,2,1,2,False,13.317264218473873,2.6931887099871963
18,14000000,2,1,2,True,13.236431659352302,2.683634129945465
18,14000000,2,1,3,False,13.430532136711658,2.703983305702834
18,14000000,2,1,3,True,13.259185349822497,2.683411689303044
18,14000000,2,1,4,False,13.599593521688467,2.760948518994201
18,14000000,2,1,4,True,13.24970336478358,2.6873586276331487
18,14000000,2,1,5,False,13.651034168295471,2.7654055004874523
18,14000000,2,1,5,True,13.26468142816585,2.693991350529636
18,14000000,2,1,6,False,13.650001758151268,2.7601113843970326
18,14000000,2,1,6,True,13.267397503626599,2.6933654810519685
18,14000000,2,1,7,False,13.71905778641897,2.7801979440287896
18,14000000,2,1,7,True,13.299028542394993,2.6993246738263514
18,14000000,2,1,8,False,13.767893963853368,2.7905871808299416
18,14000000,2,1,8,True,13.317455707790112,2.7029376419150815
18,14000000,2,1,9,False,13.771281468356408,2.784466050218419
18,14000000,2,1,9,True,13.33985492187367,2.7070470207317583
18,14000000,2,1,10,False,13.851342963342368,2.7971145859922464
18,14000000,2,1,10,True,13.346690174068044,2.708794261816263
18,14000000,2,1,11,False,13.818154101352258,2.7925471406735807
18,14000000,2,1,11,True,13.36183222340792,2.7129098969637018
18,14000000,2,1,12,False,13.986615928481728,2.8246924284248585
18,14000000,2,1,12,True,13.376215918318382,2.716144301623417
18,14000000,2,1,13,False,13.978510127071022,2.832245450736075
18,14000000,2,1,13,True,13.399124170100038,2.7203122023784974
18,14000000,2,1,14,False,14.032863646977578,2.826372387259165
18,14000000,2,1,14,True,13.414289093171629,2.7232844932730376
18,14000000,2,1,15,False,13.886335746982732,2.7884925912768903
18,14000000,2,1,15,True,13.423254008752249,2.7241931090141014
18,14000000,2,2,1,False,13.417171284464041,2.714788390969952
18,14000000,2,2,1,True,13.417171284464041,2.714788390969952
18,14000000,2,2,2,False,13.242241613971444,2.6670745639388227
18,14000000,2,2,2,True,13.252105233833158,2.6768603980793153
18,14000000,2,2,3,False,13.542165503944787,2.7433965064492205
18,14000000,2,2,3,True,13.283589284713491,2.689326114835854
18,14000000,2,2,4,False,13.478362237492549,2.712287616579184
18,14000000,2,2,4,True,13.252961120483823,2.682529420409601
18,14000000,2,2,5,False,13.849666165972613,2.8124101401342148
18,14000000,2,2,5,True,13.304589382041321,2.696514937684247
18,14000000,2,2,6,False,13.678919191178066,2.783625105947692
18,14000000,2,2,6,True,13.30658552811102,2.7021727458653952
18,14000000,2,2,7,False,13.704658263920255,2.776391918925048
18,14000000,2,2,7,True,13.328464391598184,2.706093346135862
18,14000000,2,2,8,False,13.707551452309815,2.76098432057601
18,14000000,2,2,8,True,13.3264140207194,2.7035636391229545
18,14000000,2,2,9,False,13.731300550445727,2.767051134726411
18,14000000,2,2,9,True,13.343056615764205,2.705384333894384
18,14000000,2,2,10,False,13.886217379679081,2.796147101329838
18,14000000,2,2,10,True,13.352866665966559,2.7066370960600064
18,14000000,2,2,11,False,13.846459610912456,2.786611999584687
18,14000000,2,2,11,True,13.373059193526013,2.708921015602671
18,14000000,2,2,12,False,13.77672003637406,2.7541887070697344
18,14000000,2,2,12,True,13.373058060166041,2.7070546400690603
18,14000000,2,2,13,False,13.803878063988938,2.773251546546471
18,14000000,2,2,13,True,13.378869829512611,2.706952667903406
18,14000000,2,2,14,False,13.827499755506297,2.777913741288465
18,14000000,2,2,14,True,13.38730126381703,2.70754270348508
18,14000000,2,2,15,False,13.83844605642802,2.768487736286872
18,14000000,2,2,15,True,13.396173712024162,2.7081693333317953
18,14000000,2,3,1,False,13.457696110258317,2.731605269488056
18,14000000,2,3,1,True,13.457696110258317,2.731605269488056
18,14000000,2,3,2,False,13.42711796477456,2.7229847290724343
18,14000000,2,3,2,True,13.372844354639854,2.7172983296573667
18,14000000,2,3,3,False,13.492894926967187,2.739221403367435
18,14000000,2,3,3,True,13.36577914619586,2.7145115773770225
18,14000000,2,3,4,False,13.57091202363364,2.7458005408682804
18,14000000,2,3,4,True,13.33065007199245,2.709329103948954
18,14000000,2,3,5,False,13.816492359500298,2.816590733757711
18,14000000,2,3,5,True,13.33907795309287,2.7149514206633976
18,14000000,2,3,6,False,13.799228917830462,2.790667933355521
18,14000000,2,3,6,True,13.34380194857311,2.7164077064132024
18,14000000,2,3,7,False,13.719351247583091,2.767042035426659
18,14000000,2,3,7,True,13.352469897404552,2.715876153765964
18,14000000,2,3,8,False,13.820972814305746,2.8184320021713933
18,14000000,2,3,8,True,13.372269452942193,2.721173206555541
18,14000000,2,3,9,False,13.826125337910621,2.789307174585691
18,14000000,2,3,9,True,13.4002089125742,2.7239444335438594
18,14000000,2,3,10,False,13.886317456965983,2.793742951200748
18,14000000,2,3,10,True,13.403287128107719,2.722986767584825
18,14000000,2,3,11,False,13.73842621825462,2.7516380568140684
18,14000000,2,3,11,True,13.40759398587069,2.7211940677077755
18,14000000,2,3,12,False,13.860431920445208,2.781371222728303
18,14000000,2,3,12,True,13.414531539919569,2.7210061723756733
18,14000000,2,3,13,False,14.0024619992953,2.8300021451989728
18,14000000,2,3,13,True,13.436455297855066,2.725400163129895
18,14000000,2,3,14,False,13.99519014866676,2.8213417487369936
18,14000000,2,3,14,True,13.45015138086171,2.72759821988119
18,14000000,2,3,15,False,13.971104865251803,2.806684994325065
18,14000000,2,3,15,True,13.461082503848539,2.7288563144978437
18,14000000,2,4,1,False,13.362141367448434,2.6998160281568966
18,14000000,2,4,1,True,13.362141367448434,2.6998160281568966
18,14000000,2,4,2,False,13.351173999166981,2.70966686843112
18,14000000,2,4,2,True,13.294157051184406,2.6934507318272067
18,14000000,2,4,3,False,13.360148152571748,2.6988452518679096
18,14000000,2,4,3,True,13.258698713697909,2.689140195342857
18,14000000,2,4,4,False,13.422098828273693,2.706910599143604
18,14000000,2,4,4,True,13.227562660088287,2.6822154016176714
18,14000000,2,4,5,False,13.49700426689812,2.707971973143336
18,14000000,2,4,5,True,13.211558066476764,2.6758129508483504
18,14000000,2,4,6,False,13.743034986808674,2.779038579478705
18,14000000,2,4,6,True,13.228098830457132,2.679087650020694
18,14000000,2,4,7,False,13.629490636322751,2.7540411664531574
18,14000000,2,4,7,True,13.251475933776089,2.682278302944799
18,14000000,2,4,8,False,13.67725974621107,2.7523492803942
18,14000000,2,4,8,True,13.258212085161052,2.6831669189676384
18,14000000,2,4,9,False,13.74123799124602,2.7571950769196234
18,14000000,2,4,9,True,13.284207895464867,2.6864578242408603
18,14000000,2,4,10,False,13.882147740104639,2.781643882959699
18,14000000,2,4,10,True,13.30563232760767,2.689510785956477
18,14000000,2,4,11,False,13.854329532445467,2.7772147685193964
18,14000000,2,4,11,True,13.332070987129997,2.6933286024980254
18,14000000,2,4,12,False,14.07253362436405,2.843878092380474
18,14000000,2,4,12,True,13.355643166376161,2.6980423490164083
18,14000000,2,4,13,False,13.924863599963757,2.80137368283653
18,14000000,2,4,13,True,13.375303856528435,2.702152560640783
18,14000000,2,4,14,False,13.884252105947098,2.7919442594812716
18,14000000,2,4,14,True,13.386185104800205,2.703986774056529
18,14000000,2,4,15,False,14.024223406190359,2.809680170125926
18,14000000,2,4,15,True,13.404219061681728,2.707449725162509
18,14000000,2,5,1,False,13.269002463396657,2.6827541810946633
18,14000000,2,5,1,True,13.269002463396657,2.6827541810946633
18,14000000,2,5,2,False,13.352755985397462,2.7207683186990193
18,14000000,2,5,2,True,13.24673172177734,2.689605229279985
18,14000000,2,5,3,False,13.40027909361078,2.7036339964303258
18,14000000,2,5,3,True,13.252439464665246,2.6929900119191212
18,14000000,2,5,4,False,13.546972318996172,2.731946341318538
18,14000000,2,5,4,True,13.24001811187476,2.6856501617452446
18,14000000,2,5,5,False,13.624990405765026,2.756623344637706
18,14000000,2,5,5,True,13.253327385746596,2.6887208678234726
18,14000000,2,5,6,False,13.678311387695127,2.7619759717768293
18,14000000,2,5,6,True,13.242594553867598,2.6872638514750786
18,14000000,2,5,7,False,13.906160091554884,2.7889852352764795
18,14000000,2,5,7,True,13.27824986402511,2.6937311166708335
18,14000000,2,5,8,False,13.793407623276048,2.7706519651679247
18,14000000,2,5,8,True,13.289229853588273,2.6953452560544626
18,14000000,2,5,9,False,13.713391975472527,2.766077397095975
18,14000000,2,5,9,True,13.310832597190362,2.697724624565991
18,14000000,2,5,10,False,13.861794495331315,2.7939385186436274
18,14000000,2,5,10,True,13.325652314179122,2.6995535922565557
18,14000000,2,5,11,False,13.932635583840339,2.801761290288304
18,14000000,2,5,11,True,13.351052569633497,2.7034808191355553
18,14000000,2,5,12,False,13.91083584031128,2.7936171659481803
18,14000000,2,5,12,True,13.364013309209993,2.7056298019381395
18,14000000,2,5,13,False,14.013745215719583,2.843860241595512
18,14000000,2,5,13,True,13.38802585534376,2.710390648651255
18,14000000,2,5,14,False,13.967599751463135,2.803761831678366
18,14000000,2,5,14,True,13.402884045047134,2.712623556844837
18,14000000,2,5,15,False,13.974951432604378,2.8138830559923913
18,14000000,2,5,15,True,13.422296224018675,2.7162646710991236
18,14000000,2,6,1,False,13.347413954569207,2.708941597794067
18,14000000,2,6,1,True,13.347413954569207,2.708941597794067
18,14000000,2,6,2,False,13.315839789234445,2.693908396119264
18,14000000,2,6,2,True,13.249394205471264,2.6890191838792536
18,14000000,2,6,3,False,13.460481685375743,2.7160500434248567
18,14000000,2,6,3,True,13.263871600493568,2.6902911896042436
18,14000000,2,6,4,False,13.396300095408725,2.7027979731686496
18,14000000,2,6,4,True,13.233599594885382,2.681797099451752
18,14000000,2,6,5,False,13.639806988384024,2.763884909066653
18,14000000,2,6,5,True,13.248882285668651,2.685914013489358
18,14000000,2,6,6,False,13.496820948955609,2.726850223341428
18,14000000,2,6,6,True,13.228113223359717,2.683027354490403
18,14000000,2,6,7,False,13.712259496904876,2.780484029731365
18,14000000,2,6,7,True,13.248951020536145,2.687874175960992
18,14000000,2,6,8,False,13.74179618932258,2.760680105802606
18,14000000,2,6,8,True,13.266522524197784,2.689298260940247
18,14000000,2,6,9,False,13.686085392844335,2.7587712926839556
18,14000000,2,6,9,True,13.297013287760299,2.6929680019400712
18,14000000,2,6,10,False,13.714022262575176,2.7508593093092983
18,14000000,2,6,10,True,13.308782461793792,2.6933100326330717
18,14000000,2,6,11,False,13.786532443269596,2.778041475535827
18,14000000,2,6,11,True,13.329614479471353,2.6964314231991624
18,14000000,2,6,12,False,13.943286648373965,2.815287617878147
18,14000000,2,6,12,True,13.352899752253332,2.700622427450456
18,14000000,2,6,13,False,13.872101057645814,2.795579631589759
18,14000000,2,6,13,True,13.373689740957252,2.70482316896772
18,14000000,2,6,14,False,13.998045640242049,2.8339776531194776
18,14000000,2,6,14,True,13.390727096484877,2.70858773280449
18,14000000,2,6,15,False,13.911654553139611,2.800966420015367
18,14000000,2,6,15,True,13.405452778253732,2.711294690611328
18,14000000,2,7,1,False,13.37731122614622,2.7066461767706484
18,14000000,2,7,1,True,13.37731122614622,2.7066461767706484
18,14000000,2,7,2,False,13.535131158404072,2.751125258277073
18,14000000,2,7,2,True,13.390155035450416,2.7179227217128856
18,14000000,2,7,3,False,13.559327800940158,2.7506407727441617
18,14000000,2,7,3,True,13.407015405698548,2.726307294940333
18,14000000,2,7,4,False,13.525466164374274,2.7245971286050508
18,14000000,2,7,4,True,13.354542495252671,2.7103946016357847
18,14000000,2,7,5,False,13.659430714273967,2.775854966224006
18,14000000,2,7,5,True,13.366096977382972,2.7151403890409647
18,14000000,2,7,6,False,13.551774293372334,2.729856945958349
18,14000000,2,7,6,True,13.32415738852444,2.7042671042680726
18,14000000,2,7,7,False,13.679200636273096,2.7749841178687467
18,14000000,2,7,7,True,13.333033125190292,2.706732336766279
18,14000000,2,7,8,False,13.687074288017747,2.772991815440244
18,14000000,2,7,8,True,13.330421374636817,2.705972139040148
18,14000000,2,7,9,False,13.844590726643876,2.8151685971121325
18,14000000,2,7,9,True,13.363841363847428,2.7131200003273532
18,14000000,2,7,10,False,13.70227093310734,2.761004370748085
18,14000000,2,7,10,True,13.35847657494416,2.711001018853683
18,14000000,2,7,11,False,13.950455490077724,2.819029663841354
18,14000000,2,7,11,True,13.383054583551312,2.7163226341826934
18,14000000,2,7,12,False,13.984620426438076,2.818660385770894
18,14000000,2,7,12,True,13.395943689725447,2.7186472803475685
18,14000000,2,7,13,False,13.837702127900192,2.7642443208585807
18,14000000,2,7,13,True,13.405361176058827,2.7179814171400385
18,14000000,2,7,14,False,13.860729023761587,2.78627554892522
18,14000000,2,7,14,True,13.407071696083785,2.717922053687362
18,14000000,2,7,15,False,14.119339452070381,2.8391219659053313
18,14000000,2,7,15,True,13.427913588404362,2.7214746350193466
18,14000000,2,8,1,False,13.557850482183827,2.7908212543606368
18,14000000,2,8,1,True,13.557850482183827,2.7908212543606368
18,14000000,2,8,2,False,13.501896686152925,2.7483265940128585
18,14000000,2,8,2,True,13.468574836441407,2.757814489379041
18,14000000,2,8,3,False,13.2906424411204,2.680221834916005
18,14000000,2,8,3,True,13.354472973611777,2.7227629027410103
18,14000000,2,8,4,False,13.717007355723451,2.780548555186974
18,14000000,2,8,4,True,13.355896052368431,2.720554779223701
18,14000000,2,8,5,False,13.672935361989579,2.7561154436504576
18,14000000,2,8,5,True,13.342063897048114,2.713727820455749
18,14000000,2,8,6,False,13.772439118451935,2.7988871937623894
18,14000000,2,8,6,True,13.353091434480021,2.7167419757759093
18,14000000,2,8,7,False,13.682828336127049,2.7657769498634686
18,14000000,2,8,7,True,13.356575012478507,2.7148771265123526
18,14000000,2,8,8,False,13.714224323667374,2.7622644753451815
18,14000000,2,8,8,True,13.348412789729384,2.7099851593207327
18,14000000,2,8,9,False,13.906586617078657,2.803875243166675
18,14000000,2,8,9,True,13.376235155244554,2.714877292476918
18,14000000,2,8,10,False,13.82986101937866,2.7879494580002864
18,14000000,2,8,10,True,13.382458793482025,2.713931954467625
18,14000000,2,8,11,False,13.95473451637795,2.81973196093591
18,14000000,2,8,11,True,13.409059403511678,2.718082972724779
18,14000000,2,8,12,False,14.022126862415462,2.8333923835105628
18,14000000,2,8,12,True,13.429271212193163,2.7216317232409817
18,14000000,2,8,13,False,13.91269052002541,2.790837930618375
18,14000000,2,8,13,True,13.448025395972675,2.7234851327482863
18,14000000,2,8,14,False,14.008045201105675,2.8268894359407146
18,14000000,2,8,14,True,13.459958183731803,2.7261932297240254
18,14000000,2,8,15,False,14.011027077766444,2.8133484326396543
18,14000000,2,8,15,True,13.47285434630574,2.727962991514383
18,14000000,2,9,1,False,13.321084729766804,2.700476063107354
18,14000000,2,9,1,True,13.321084729766804,2.700476063107354
18,14000000,2,9,2,False,13.383454986068005,2.7144039369090636
18,14000000,2,9,2,True,13.294240238067871,2.696368542668491
18,14000000,2,9,3,False,13.324112665511308,2.691732227231991
18,14000000,2,9,3,True,13.2512575754912,2.687549122838587
18,14000000,2,9,4,False,13.552415586945013,2.7320230472625693
18,14000000,2,9,4,True,13.24187621416649,2.6843125875025295
18,14000000,2,9,5,False,13.442010977633027,2.7057140349701085
18,14000000,2,9,5,True,13.231038545513682,2.679184471861083
18,14000000,2,9,6,False,13.663396905497843,2.768424063648235
18,14000000,2,9,6,True,13.236998289722282,2.681772254642607
18,14000000,2,9,7,False,13.75969627471626,2.769062215426716
18,14000000,2,9,7,True,13.261251962523847,2.684986645022087
18,14000000,2,9,8,False,13.82151109848355,2.7940730058521606
18,14000000,2,9,8,True,13.283559930765515,2.690184612358599
18,14000000,2,9,9,False,13.804095913061538,2.7833163342851472
18,14000000,2,9,9,True,13.304163876164226,2.6943735917457596
18,14000000,2,9,10,False,13.94816079409355,2.7871252363147265
18,14000000,2,9,10,True,13.322817447835059,2.697645081488073
18,14000000,2,9,11,False,13.968660218437389,2.809426563101917
18,14000000,2,9,11,True,13.360644875930179,2.7043342401942643
18,14000000,2,9,12,False,14.046674288306036,2.831892705558551
18,14000000,2,9,12,True,13.390751810277093,2.708913881263718
18,14000000,2,9,13,False,13.95409205496875,2.7984191978944093
18,14000000,2,9,13,True,13.415100822863735,2.7131875293249195
18,14000000,2,9,14,False,13.887630977502635,2.7816795608867544
18,14000000,2,9,14,True,13.422878633791365,2.7135607096108547
18,14000000,2,9,15,False,13.948296627009533,2.7774009935369453
18,14000000,2,9,15,True,13.436349522526145,2.714402562576349
18,14000000,2,,0,True,13.305871670664708,2.703895489297626
18,14000000,2,,1,True,13.320999559029284,2.7071206579506826
18,14000000,2,,2,True,13.2711619160453,2.692530404730515
18,14000000,2,,3,True,13.273623314977815,2.6928795176382656
18,14000000,2,,4,True,13.321336683356117,2.7065320757359768
18,14000000,2,,5,True,13.351270489282355,2.715978949195296
18,14000000,2,,6,True,13.351130028498442,2.710383512215527
18,14000000,2,,7,True,13.356577915054759,2.710443896397747
18,14000000,2,,8,True,13.370448283193967,2.71163194475292
18,14000000,2,,9,True,13.389311652206233,2.709879678678057
18,14000000,2,,10,True,13.417573444720471,2.7188476366315983
18,14000000,2,,11,True,13.457174492463759,2.727889147668938
18,14000000,2,,12,True,13.424178211659635,2.7186305008545797
18,14000000,2,,13,True,13.440718092498676,2.722884869327048
18,14000000,2,,14,True,13.420152302340634,2.7134795335160256
18,14000000,2,,,True,13.26800365727165,2.692623280924564
18,1400000,2,0,1,False,13.6253010230115,2.7927834304666423
18,1400000,2,0,1,True,13.6253010230115,2.7927834304666423
18,1400000,2,0,2,False,13.646618863138853,2.800197687458888
18,1400000,2,0,2,True,13.579125756404869,2.7913093666970443
18,1400000,2,0,3,False,13.38063475547072,2.7192760112721155
18,1400000,2,0,3,True,13.520036339109225,2.7722133694405184
18,1400000,2,0,4,False,13.571536265734904,2.7794009563310555
18,1400000,2,0,4,True,13.520447453322646,2.774226525325991
18,1400000,2,0,5,False,13.587923852292224,2.7864625889220176
18,1400000,2,0,5,True,13.516732381446419,2.773548501954991
18,1400000,2,0,6,False,13.567622702527064,2.740462608863528
18,1400000,2,0,6,True,13.504830493502466,2.7688759291721623
18,1400000,2,0,7,False,13.570256977663664,2.7540532564768627
18,1400000,2,0,7,True,13.49238386803511,2.7652088065542424
18,1400000,2,0,8,False,13.425718841162077,2.732856483953295
18,1400000,2,0,8,True,13.467341699188347,2.7582229100230498
18,1400000,2,0,9,False,13.30466695770041,2.687483975615072
18,1400000,2,0,9,True,13.441880451091327,2.749909973591316
18,1400000,2,0,10,False,13.29083295526812,2.6820705160914713
18,1400000,2,0,10,True,13.418808703746354,2.742245665958112
18,1400000,2,0,11,False,13.261113415703157,2.6757461342143483
18,1400000,2,0,11,True,13.395632361248692,2.734850670915702
18,1400000,2,0,12,False,13.320997271460685,2.697434214574954
18,1400000,2,0,12,True,13.369540469935387,2.7283860408347342
18,1400000,2,0,13,False,13.237539922053372,2.6711577566356017
18,1400000,2,0,13,True,13.338099621199467,2.7203098538908494
18,1400000,2,0,14,False,13.306245997422726,2.6861272815094166
18,1400000,2,0,14,True,13.307774321939295,2.7107433053307086
18,1400000,2,0,15,False,13.290558645641614,2.6879845468791004
18,1400000,2,0,15,True,13.284985789915764,2.7035188189909176
18,1400000,2,1,1,False,13.444142072870573,2.7289824371301905
18,1400000,2,1,1,True,13.444142072870573,2.7289824371301905
18,1400000,2,1,2,False,13.343816002765786,2.706668015205072
18,1400000,2,1,2,True,13.334774244468042,2.7123147896323094
18,1400000,2,1,3,False,13.413313153513277,2.7297906023130656
18,1400000,2,1,3,True,13.350144919383087,2.7111628400649113
18,1400000,2,1,4,False,13.647594218157055,2.7980506956780156
18,1400000,2,1,4,True,13.380067667261201,2.721677934360787
18,1400000,2,1,5,False,13.682912905389568,2.7749707953567517
18,1400000,2,1,5,True,13.434342144216558,2.7377240120711357
18,1400000,2,1,6,False,13.67073917693961,2.7931741166969677
18,1400000,2,1,6,True,13.471544816507441,2.7510517460585633
18,1400000,2,1,7,False,13.526583866416583,2.7452520698517953
18,1400000,2,1,7,True,13.465343448960677,2.747566631945114
18,1400000,2,1,8,False,13.289351193855582,2.698010419608403
18,1400000,2,1,8,True,13.43076349015335,2.739298531876925
18,1400000,2,1,9,False,13.41418988770102,2.7266523311663615
18,1400000,2,1,9,True,13.410846490593784,2.7361693623747567
18,1400000,2,1,10,False,13.722260559767292,2.816432650484874
18,1400000,2,1,10,True,13.392311632124864,2.735210943932809
18,1400000,2,1,11,False,13.280711294575605,2.6877646591630056
18,1400000,2,1,11,True,13.354715982770168,2.72695709211555
18,1400000,2,1,12,False,13.387240329672755,2.7134561393966394
18,1400000,2,1,12,True,13.33965206229132,2.7223442806197435
18,1400000,2,1,13,False,13.370701460460266,2.724548445587676
18,1400000,2,1,13,True,13.325069250751636,2.7205076243345414
18,1400000,2,1,14,False,13.483336279867586,2.747652052374704
18,1400000,2,1,14,True,13.312508598044742,2.717576534487489
18,1400000,2,1,15,False,13.29056629893498,2.6939767877379315
18,1400000,2,1,15,True,13.292989227031654,2.712185269107112
18,1400000,2,2,1,False,13.587873791281485,2.7786495373612325
18,1400000,2,2,1,True,13.587873791281485,2.7786495373612325
18,1400000,2,2,2,False,13.471164909337313,2.7336255462511265
18,1400000,2,2,2,True,13.508534588373424,2.7502817637791974
18,1400000,2,2,3,False,13.496690382779732,2.7589568000343627
18,1400000,2,2,3,True,13.516317942306632,2.7602805565535817
18,1400000,2,2,4,False,13.339563840970483,2.7062282881393687
18,1400000,2,2,4,True,13.42018747392285,2.7355601459094623
18,1400000,2,2,5,False,13.42051231076106,2.72857645517785
18,1400000,2,2,5,True,13.387181210134273,2.728374639926077
18,1400000,2,2,6,False,13.473558675665629,2.7099164075277007
18,1400000,2,2,6,True,13.378954776006305,2.7235115631392484
18,1400000,2,2,7,False,13.349600818438805,2.7005549748903763
18,1400000,2,2,7,True,13.357117305036786,2.718176750589432
18,1400000,2,2,8,False,13.48852856732671,2.7435465735276603
18,1400000,2,2,8,True,13.354872303362237,2.7196134779894776
18,1400000,2,2,9,False,13.589920343933532,2.751804314518757
18,1400000,2,2,9,True,13.368539174128642,2.723189456623043
18,1400000,2,2,10,False,13.483256607521206,2.7342351290179616
18,1400000,2,2,10,True,13.372127516071709,2.7218650462872764
18,1400000,2,2,11,False,13.279175409022372,2.675316445122662
18,1400000,2,2,11,True,13.349831463840838,2.715661467788792
18,1400000,2,2,12,False,13.36534700024457,2.7064147444027693
18,1400000,2,2,12,True,13.337418982920054,2.712234050897234
18,1400000,2,2,13,False,13.66589077099366,2.7891929851793638
18,1400000,2,2,13,True,13.344130595759301,2.713928083491218
18,1400000,2,2,14,False,13.374531201329633,2.7122786088837416
18,1400000,2,2,14,True,13.333449532863405,2.711096956803257
18,1400000,2,2,15,False,13.521559920699842,2.7634337387855465
18,1400000,2,2,15,True,13.331504489840862,2.711352524447576
18,1400000,2,3,1,False,13.732223598596017,2.8429944724961005
18,1400000,2,3,1,True,13.732223598596017,2.8429944724961005
18,1400000,2,3,2,False,13.462831219948812,2.736803617039214
18,1400000,2,3,2,True,13.52462818705653,2.7786288454511365
18,1400000,2,3,3,False,13.497528730139557,2.7465048298680887
18,1400000,2,3,3,True,13.491988566310003,2.7555240685852445
18,1400000,2,3,4,False,13.417176975530724,2.7150283245302655
18,1400000,2,3,4,True,13.451174028870193,2.74228027487565
18,1400000,2,3,5,False,13.60413396680262,2.771126276801014
18,1400000,2,3,5,True,13.469477357901813,2.748813793632847
18,1400000,2,3,6,False,13.56918264528826,2.756947879007265
18,1400000,2,3,6,True,13.459355987248465,2.7494948575639055
18,1400000,2,3,7,False,13.508345421389343,2.75923545763485
18,1400000,2,3,7,True,13.461986665157141,2.7517027009112494
18,1400000,2,3,8,False,13.280028262215613,2.668219646926587
18,1400000,2,3,8,True,13.44113964137759,2.7423269435163617
18,1400000,2,3,9,False,13.319762565328451,2.706742058383391
18,1400000,2,3,9,True,13.429874047945024,2.738287169090352
18,1400000,2,3,10,False,13.396967259506072,2.7089080870822935
18,1400000,2,3,10,True,13.39691487479763,2.7317700281965895
18,1400000,2,3,11,False,13.220305369507997,2.673896434743644
18,1400000,2,3,11,True,13.362701571674249,2.7235232160233545
18,1400000,2,3,12,False,13.330746323097745,2.7061828176301925
18,1400000,2,3,12,True,13.339502033519473,2.718940932954409
18,1400000,2,3,13,False,13.699107168162135,2.82188892788276
18,1400000,2,3,13,True,13.344308508596901,2.7216642154589175
18,1400000,2,3,14,False,13.411006095359491,2.728035550715517
18,1400000,2,3,14,True,13.323267818003918,2.7174348746886885
18,1400000,2,3,15,False,13.3863205684785,2.708528772565863
18,1400000,2,3,15,True,13.310251545538401,2.713164215328625
18,1400000,2,4,1,False,13.27725533414006,2.688582883548511
18,1400000,2,4,1,True,13.27725533414006,2.688582883548511
18,1400000,2,4,2,False,13.281508127541292,2.6954007980889103
18,1400000,2,4,2,True,13.236010315230354,2.6836564484994456
18,1400000,2,4,3,False,13.375528973446734,2.719936026157921
18,1400000,2,4,3,True,13.267593042277772,2.692453061543377
18,1400000,2,4,4,False,13.345432762138234,2.7131237278362548
18,1400000,2,4,4,True,13.27656660563316,2.698178068259016
18,1400000,2,4,5,False,13.229474564636062,2.6716692067211874
18,1400000,2,4,5,True,13.245530829660746,2.6887976955825814
18,1400000,2,4,6,False,13.704436657829254,2.7872589327066772
18,1400000,2,4,6,True,13.26208682736794,2.6948520372746
18,1400000,2,4,7,False,13.457918187520695,2.739794292705985
18,1400000,2,4,7,True,13.282738943954008,2.700902286229877
18,1400000,2,4,8,False,13.490481388528249,2.723711814411981
18,1400000,2,4,8,True,13.285927730831935,2.7015689843458834
18,1400000,2,4,9,False,13.30401313685301,2.704713563631902
18,1400000,2,4,9,True,13.284511846487533,2.7024618269741207
18,1400000,2,4,10,False,13.359542722580615,2.7028273569040038
18,1400000,2,4,10,True,13.280877675560255,2.70109425070189
18,1400000,2,4,11,False,13.46327696492222,2.743546662459329
18,1400000,2,4,11,True,13.29207062191884,2.704059123446495
18,1400000,2,4,12,False,13.412290219447684,2.7474003617906475
18,1400000,2,4,12,True,13.29458343849397,2.7059421799808114
18,1400000,2,4,13,False,13.530244969242926,2.7709820060848447
18,1400000,2,4,13,True,13.301805579865052,2.708175705739932
18,1400000,2,4,14,False,13.391984468016052,2.723875709442684
18,1400000,2,4,14,True,13.294229844625375,2.707317006254239
18,1400000,2,4,15,False,13.372488054564068,2.7055107786962376
18,1400000,2,4,15,True,13.289124956326052,2.704775817582633
18,1400000,2,5,1,False,13.35109204842217,2.7080514791111847
18,1400000,2,5,1,True,13.35109204842217,2.7080514791111847
18,1400000,2,5,2,False,13.39211440648445,2.716213994907129
18,1400000,2,5,2,True,13.297386604688754,2.703973085010136
18,1400000,2,5,3,False,13.47881861839474,2.721885809341827
18,1400000,2,5,3,True,13.34873864268431,2.710241567629301
18,1400000,2,5,4,False,13.555366797074514,2.7603782697226418
18,1400000,2,5,4,True,13.376047212404485,2.719623171685254
18,1400000,2,5,5,False,13.537325705874142,2.754968184690094
18,1400000,2,5,5,True,13.40749612501839,2.7274182469221593
18,1400000,2,5,6,False,13.64263460167532,2.750270695081271
18,1400000,2,5,6,True,13.403720675185804,2.7266743308117447
18,1400000,2,5,7,False,13.387599180633774,2.699937842342596
18,1400000,2,5,7,True,13.39823490818769,2.7218831924396705
18,1400000,2,5,8,False,13.280053773749446,2.690056877171326
18,1400000,2,5,8,True,13.36423974906332,2.714672938812405
18,1400000,2,5,9,False,13.453584984093652,2.7487106763543596
18,1400000,2,5,9,True,13.361242727442363,2.7167514660001975
18,1400000,2,5,10,False,13.319736941162365,2.689748288448131
18,1400000,2,5,10,True,13.341942032191854,2.7111100658333998
18,1400000,2,5,11,False,13.592885571872806,2.765363266597214
18,1400000,2,5,11,True,13.34081814421888,2.71185186870068
18,1400000,2,5,12,False,13.563424009897762,2.7763042031028484
18,1400000,2,5,12,True,13.334668291402517,2.712632534334951
18,1400000,2,5,13,False,13.318013927089495,2.683499068797565
18,1400000,2,5,13,True,13.317435734833802,2.7086796453707023
18,1400000,2,5,14,False,13.388301396727941,2.727380800300692
18,1400000,2,5,14,True,13.307725633990804,2.7078374932649476
18,1400000,2,5,15,False,13.362710390692863,2.696497919443675
18,1400000,2,5,15,True,13.300160763918624,2.7052232023271183
18,1400000,2,6,1,False,13.779992169403762,2.8473837615946254
18,1400000,2,6,1,True,13.779992169403762,2.8473837615946254
18,1400000,2,6,2,False,13.533911197742254,2.7761029190514335
18,1400000,2,6,2,True,13.621113768224411,2.807660872429892
18,1400000,2,6,3,False,13.52149110102451,2.761181165434593
18,1400000,2,6,3,True,13.56187908336782,2.7876566425179696
18,1400000,2,6,4,False,13.358650308948512,2.6837925097611697
18,1400000,2,6,4,True,13.489093922551517,2.7637757801845053
18,1400000,2,6,5,False,13.501657057928737,2.7515222488030813
18,1400000,2,6,5,True,13.473248750263389,2.7556360961190345
18,1400000,2,6,6,False,13.684713431588468,2.7260983561479337
18,1400000,2,6,6,True,13.44287539777045,2.743979752386849
18,1400000,2,6,7,False,13.48721889823436,2.7425486998342983
18,1400000,2,6,7,True,13.429059872240112,2.739711416330372
18,1400000,2,6,8,False,13.471679489819646,2.7257681708375396
18,1400000,2,6,8,True,13.415216014985436,2.7352126563334487
18,1400000,2,6,9,False,13.477465771887962,2.7358331091721886
18,1400000,2,6,9,True,13.413436760730685,2.733689060006302
18,1400000,2,6,10,False,13.340427192573836,2.7081259767650874
18,1400000,2,6,10,True,13.396260491889143,2.731139528008207
18,1400000,2,6,11,False,13.369490924269016,2.697506050588845
18,1400000,2,6,11,True,13.381572145654212,2.7269065257396177
18,1400000,2,6,12,False,13.334580984285008,2.701826658414662
18,1400000,2,6,12,True,13.360535459180085,2.722554251855489
18,1400000,2,6,13,False,13.286980281819758,2.6789279268301014
18,1400000,2,6,13,True,13.345019050969743,2.7175660980876124
18,1400000,2,6,14,False,13.473137890642645,2.722936992387634
18,1400000,2,6,14,True,13.33212383280623,2.714067234742307
18,1400000,2,6,15,False,13.379745677474673,2.71133086746482
18,1400000,2,6,15,True,13.322040336896496,2.7116426331836188
18,1400000,2,7,1,False,13.578954096444548,2.7743125881671062
18,1400000,2,7,1,True,13.578954096444548,2.7743125881671062
18,1400000,2,7,2,False,13.365011992567004,2.7242615186039765
18,1400000,2,7,2,True,13.443381408904061,2.745574452019148
18,1400000,2,7,3,False,13.383630036617411,2.7165936255966496
18,1400000,2,7,3,True,13.393828514782568,2.733625595068801
18,1400000,2,7,4,False,13.588818645409688,2.78050138181572
18,1400000,2,7,4,True,13.393932945966478,2.7359177738884464
18,1400000,2,7,5,False,13.470806911465747,2.725046521796451
18,1400000,2,7,5,True,13.388525397712558,2.727969738921087
18,1400000,2,7,6,False,13.875774534474532,2.8211161349543126
18,1400000,2,7,6,True,13.41515004322517,2.735006145590602
18,1400000,2,7,7,False,13.685534968820706,2.788101208357347
18,1400000,2,7,7,True,13.439093339309709,2.741687482782705
18,1400000,2,7,8,False,13.415774265769937,2.7186979246979357
18,1400000,2,7,8,True,13.42177344000581,2.7362716646431298
18,1400000,2,7,9,False,13.404969688931766,2.7037555592873237
18,1400000,2,7,9,True,13.398768949430874,2.7293105720626443
18,1400000,2,7,10,False,13.42631613645793,2.729074221313598
18,1400000,2,7,10,True,13.378764018596586,2.7283116252888533
18,1400000,2,7,11,False,13.533376516699143,2.7672786726422802
18,1400000,2,7,11,True,13.373417290896942,2.729325971148836
18,1400000,2,7,12,False,13.431863143373981,2.731097342025028
18,1400000,2,7,12,True,13.35982327697443,2.7275103797766236
18,1400000,2,7,13,False,13.425766557451846,2.731778313266581
18,1400000,2,7,13,True,13.348871440624444,2.7258270953630026
18,1400000,2,7,14,False,13.284995527544744,2.678988871926785
18,1400000,2,7,14,True,13.329258700977665,2.719966178799001
18,1400000,2,7,15,False,13.32231916262555,2.7081940731834058
18,1400000,2,7,15,True,13.317340293528748,2.718103957664118
18,1400000,2,8,1,False,13.44992605323489,2.716526202786098
18,1400000,2,8,1,True,13.44992605323489,2.716526202786098
18,1400000,2,8,2,False,13.527659049995481,2.7663490154775543
18,1400000,2,8,2,True,13.409167924869719,2.724111414371559
18,1400000,2,8,3,False,13.617733987394605,2.7850203261128885
18,1400000,2,8,3,True,13.490826759322653,2.7560440765990952
18,1400000,2,8,4,False,13.334625540537024,2.7004174643353487
18,1400000,2,8,4,True,13.376037307066058,2.7228578088304287
18,1400000,2,8,5,False,13.556393833713189,2.7376437208397406
18,1400000,2,8,5,True,13.391824460238464,2.7303416911755334
18,1400000,2,8,6,False,13.622491660109318,2.7579074660130707
18,1400000,2,8,6,True,13.405220540942747,2.732619543744655
18,1400000,2,8,7,False,13.607853389097478,2.7700095786216155
18,1400000,2,8,7,True,13.426634593755933,2.737992662663411
18,1400000,2,8,8,False,13.292916331168913,2.688977955296732
18,1400000,2,8,8,True,13.378935593530148,2.724958263186678
18,1400000,2,8,9,False,13.312823665379305,2.699918708988765
18,1400000,2,8,9,True,13.360147704057354,2.7196475140275274
18,1400000,2,8,10,False,13.497117249712284,2.7337228678062178
18,1400000,2,8,10,True,13.352997103549953,2.719877448136505
18,1400000,2,8,11,False,13.41465009076508,2.717185383228723
18,1400000,2,8,11,True,13.337223974336991,2.7162655087350784
18,1400000,2,8,12,False,13.247778375799282,2.6773801421367938
18,1400000,2,8,12,True,13.316413630722323,2.7105923000868404
18,1400000,2,8,13,False,13.283342208383544,2.672342827228841
18,1400000,2,8,13,True,13.303075461004354,2.7049996166406616
18,1400000,2,8,14,False,13.532286694170894,2.75626737433078
18,1400000,2,8,14,True,13.28952309265699,2.7040560309982946
18,1400000,2,8,15,False,13.438721465508666,2.742497737349417
18,1400000,2,8,15,True,13.284874440971722,2.7047220789356596
18,1400000,2,9,1,False,13.55028141866838,2.772977874598202
18,1400000,2,9,1,True,13.55028141866838,2.772977874598202
18,1400000,2,9,2,False,13.417586405895953,2.737547039031151
18,1400000,2,9,2,True,13.46139262278294,2.751550362158377
18,1400000,2,9,3,False,13.472236660309834,2.7452170252852475
18,1400000,2,9,3,True,13.432723648092512,2.7459999883379043
18,1400000,2,9,4,False,13.362941082480779,2.7169872656300464
18,1400000,2,9,4,True,13.408765926507334,2.7370688650003725
18,1400000,2,9,5,False,13.52227442230024,2.7713488026371107
18,1400000,2,9,5,True,13.420492587627596,2.739960489089255
18,1400000,2,9,6,False,13.628657243570117,2.736506052057185
18,1400000,2,9,6,True,13.409795150998448,2.736842456999026
18,1400000,2,9,7,False,13.5057412676421,2.7493792500948397
18,1400000,2,9,7,True,13.399201354808893,2.733716465187457
18,1400000,2,9,8,False,13.271604907903663,2.6767774964874422
18,1400000,2,9,8,True,13.377176293437552,2.727751579385925
18,1400000,2,9,9,False,13.30849482121504,2.684632075770469
18,1400000,2,9,9,True,13.35630234204419,2.722309794607365
18,1400000,2,9,10,False,13.30630875846492,2.68003165264629
18,1400000,2,9,10,True,13.342229110004043,2.7162297587865205
18,1400000,2,9,11,False,13.62301425703834,2.791198025994138
18,1400000,2,9,11,True,13.353736998455782,2.719189399594229
18,1400000,2,9,12,False,13.678082282978076,2.7791572442455976
18,1400000,2,9,12,True,13.35520777714554,2.7193480711570257
18,1400000,2,9,13,False,13.396327851449197,2.7151366143739093
18,1400000,2,9,13,True,13.348345464325075,2.7164259771612174
18,1400000,2,9,14,False,13.35980142827469,2.712022226199205
18,1400000,2,9,14,True,13.327288131168523,2.7117445465015795
18,1400000,2,9,15,False,13.290486412557591,2.698135906485697
18,1400000,2,9,15,True,13.307172418115842,2.7078701676313277
18,1400000,2,,0,True,13.490301265869476,2.7561944888875436
18,1400000,2,,1,True,13.389747649042613,2.729328618042904
18,1400000,2,,2,True,13.420070331273086,2.735500818036643
18,1400000,2,,3,True,13.3773790648142,2.720852188291141
18,1400000,2,,4,True,13.491113618124112,2.7494918565917543
18,1400000,2,,5,True,13.57040697338211,2.7503344919570516
18,1400000,2,,6,True,13.44764355534286,2.7365535282642903
18,1400000,2,,7,True,13.290705509523074,2.696043340827512
18,1400000,2,,8,True,13.30117437704236,2.7028956944227316
18,1400000,2,,9,True,13.29929579647429,2.698056338223688
18,1400000,2,,10,True,13.314713262854386,2.7012359653294293
18,1400000,2,,11,True,13.334567356588463,2.710293905095739
18,1400000,2,,12,True,13.324400695394395,2.7065899085986076
18,1400000,2,,13,True,13.325275852755324,2.7104418071818555
18,1400000,2,,14,True,13.300364491774394,2.7003751122616726
18,1400000,2,,,True,13.293068251849965,2.7078716484176324
18,140000,2,0,1,False,15.111475246160142,3.0339743647332806
18,140000,2,0,1,True,15.111475246160142,3.0339743647332806
18,140000,2,0,2,False,14.204860725272017,2.8646917150505735
18,140000,2,0,2,True,14.527726651276442,2.9300273315758196
18,140000,2,0,3,False,13.682272285327516,2.7484508056620314
18,140000,2,0,3,True,14.090431131283772,2.84497960080669
18,140000,2,0,4,False,13.7884547451993,2.8120074883292077
18,140000,2,0,4,True,13.85250448543487,2.8060806077578087
18,140000,2,0,5,False,13.394830779181008,2.6920519967262497
18,140000,2,0,5,True,13.658757812405417,2.7643469973933614
18,140000,2,0,6,False,13.486427651919692,2.750520926415745
18,140000,2,0,6,True,13.600983777595815,2.7573088871969507
18,140000,2,0,7,False,13.436187122191907,2.701198416614933
18,140000,2,0,7,True,13.560215823727022,2.745841192748398
18,140000,2,0,8,False,13.547872481729,2.752790730957712
18,140000,2,0,8,True,13.512008782003234,2.7377231284421795
18,140000,2,0,9,False,13.500211957842817,2.745917063054439
18,140000,2,0,9,True,13.47946445884146,2.733371439306657
18,140000,2,0,10,False,13.365367809925793,2.679970109000029
18,140000,2,0,10,True,13.451275190182926,2.724644728096833
18,140000,2,0,11,False,13.465705204372837,2.749227362760643
18,140000,2,0,11,True,13.448898446811503,2.7266198903546113
18,140000,2,0,12,False,13.420960117557152,2.736977836662442
18,140000,2,0,12,True,13.441436046642625,2.727411904220789
18,140000,2,0,13,False,13.332162700205407,2.7089274254017486
18,140000,2,0,13,True,13.429133308228074,2.7255384497609483
18,140000,2,0,14,False,13.51696087781696,2.7742678220633192
18,140000,2,0,14,True,13.431778214806574,2.7287244949471976
18,140000,2,0,15,False,13.321989022222697,2.7087553214214086
18,140000,2,0,15,True,13.420839959466434,2.7265592970121197
18,140000,2,1,1,False,14.932922585025677,2.9792168931419045
18,140000,2,1,1,True,14.932922585025677,2.9792168931419045
18,140000,2,1,2,False,14.188071312987443,2.8667269072439368
18,140000,2,1,2,True,14.423199392491156,2.9004039979285063
18,140000,2,1,3,False,13.687174548871734,2.768202667321732
18,140000,2,1,3,True,14.052450372097304,2.843338289612594
18,140000,2,1,4,False,13.522175080408884,2.7095138177458558
18,140000,2,1,4,True,13.787292596169987,2.7868257825714076
18,140000,2,1,5,False,13.612547295040619,2.7740409871973615
18,140000,2,1,5,True,13.641998014743129,2.7630534407964467
18,140000,2,1,6,False,13.628634348804166,2.796843665580277
18,140000,2,1,6,True,13.59071683647324,2.7586792566004736
18,140000,2,1,7,False,13.589698471864958,2.7835348842987204
18,140000,2,1,7,True,13.557577607448886,2.755384173962526
18,140000,2,1,8,False,13.33759861108821,2.689757351750209
18,140000,2,1,8,True,13.51783513370418,2.7469528662699343
18,140000,2,1,9,False,13.335750915086328,2.7050217105614185
18,140000,2,1,9,True,13.491593835862748,2.742892309487586
18,140000,2,1,10,False,13.539205862645412,2.7705692440490006
18,140000,2,1,10,True,13.482681153063794,2.7433790583624997
18,140000,2,1,11,False,13.414197858469455,2.7370160764195774
18,140000,2,1,11,True,13.463372881601668,2.7405585221883317
18,140000,2,1,12,False,13.290734680758876,2.7070382584296193
18,140000,2,1,12,True,13.438604955544147,2.7356060615142717
18,140000,2,1,13,False,13.50125423108489,2.773355629555923
18,140000,2,1,13,True,13.443335339024483,2.7402243693696926
18,140000,2,1,14,False,13.438902829995667,2.7415796350620565
18,140000,2,1,14,True,13.43310564068355,2.7391050238046666
18,140000,2,1,15,False,13.357750036173131,2.720946276828439
18,140000,2,1,15,True,13.41705303377034,2.735675667192574
18,140000,2,2,1,False,15.018055734387664,3.002992772558531
18,140000,2,2,1,True,15.018055734387664,3.002992772558531
18,140000,2,2,2,False,14.12980798717625,2.8519227950249593
18,140000,2,2,2,True,14.449884970615102,2.9068328126758334
18,140000,2,2,3,False,13.941995649190888,2.823655440839535
18,140000,2,2,3,True,14.094137934542722,2.8492078807844337
18,140000,2,2,4,False,13.861489049247707,2.850913544999892
18,140000,2,2,4,True,13.91758675637408,2.8297299594635357
18,140000,2,2,5,False,13.701755073557111,2.7890655386448193
18,140000,2,2,5,True,13.812640843942033,2.813263106149116
18,140000,2,2,6,False,13.488226039011073,2.7284404220145846
18,140000,2,2,6,True,13.718568973233012,2.7922107324685035
18,140000,2,2,7,False,13.429064799231442,2.713557966671336
18,140000,2,2,7,True,13.641898295505134,2.7747164796266035
18,140000,2,2,8,False,13.791621443778357,2.8400175169696764
18,140000,2,2,8,True,13.630545017894509,2.7752629289208666
18,140000,2,2,9,False,13.358474791266822,2.675372720789823
18,140000,2,2,9,True,13.58188022353899,2.761019659107499
18,140000,2,2,10,False,13.36586875415601,2.6859249297845227
18,140000,2,2,10,True,13.534045242838214,2.7480802847499146
18,140000,2,2,11,False,13.387479931334262,2.7208519475001767
18,140000,2,2,11,True,13.50539634757042,2.7422875793164465
18,140000,2,2,12,False,13.271668102736378,2.6814312010060632
18,140000,2,2,12,True,13.459833498318057,2.7308374804785784
18,140000,2,2,13,False,13.290994573085781,2.674450262587582
18,140000,2,2,13,True,13.424903808586887,2.7210683562900924
18,140000,2,2,14,False,13.552339983414257,2.762990195491294
18,140000,2,2,14,True,13.428572250814451,2.723252244403658
18,140000,2,2,15,False,13.342730505890147,2.7071282249157678
18,140000,2,2,15,True,13.412262189155083,2.719604706229145
18,140000,2,3,1,False,15.22955281696009,3.0727338022954354
18,140000,2,3,1,True,15.22955281696009,3.0727338022954354
18,140000,2,3,2,False,14.085442601663324,2.825513253826436
18,140000,2,3,2,True,14.509742278392796,2.9262207779481453
18,140000,2,3,3,False,13.843242555797145,2.775468278460501
18,140000,2,3,3,True,14.056769374490361,2.830177420942577
18,140000,2,3,4,False,13.56794813353227,2.7256780163717824
18,140000,2,3,4,True,13.827485601307885,2.7872847305525212
18,140000,2,3,5,False,13.375184515112846,2.695375645057214
18,140000,2,3,5,True,13.663488184172584,2.7557581223311773
18,140000,2,3,6,False,13.435121629576647,2.720847223687471
18,140000,2,3,6,True,13.551027494610247,2.738661018444331
18,140000,2,3,7,False,13.59311365778526,2.7533721834371705
18,140000,2,3,7,True,13.504602124803641,2.7303794494522187
18,140000,2,3,8,False,13.53357754166291,2.7530336578339307
18,140000,2,3,8,True,13.483506910261074,2.729665166220869
18,140000,2,3,9,False,13.3908938612066,2.7039756386479
18,140000,2,3,9,True,13.450294281763712,2.7234635157075764
18,140000,2,3,10,False,13.347055640262559,2.6985283247431924
18,140000,2,3,10,True,13.429478042786831,2.7187374017814974
18,140000,2,3,11,False,13.443422320676552,2.739358327248355
18,140000,2,3,11,True,13.427124993501725,2.720135641576072
18,140000,2,3,12,False,13.32116168179901,2.688266824780803
18,140000,2,3,12,True,13.412398480626031,2.7159770006779107
18,140000,2,3,13,False,13.431571367911861,2.73037698192958
18,140000,2,3,13,True,13.412018850456551,2.7167196144787127
18,140000,2,3,14,False,13.357600154796772,2.716204109896904
18,140000,2,3,14,True,13.39964121629547,2.714807169995577
18,140000,2,3,15,False,13.231320395533931,2.685520867329373
18,140000,2,3,15,True,13.382040756224692,2.7110647539654043
18,140000,2,4,1,False,15.03252295129906,3.0223779559854775
18,140000,2,4,1,True,15.03252295129906,3.0223779559854775
18,140000,2,4,2,False,14.046196114862221,2.82557029400335
18,140000,2,4,2,True,14.403597550384019,2.904446748149434
18,140000,2,4,3,False,13.660491433767499,2.744119508371102
18,140000,2,4,3,True,13.9656708194852,2.8173279692307225
18,140000,2,4,4,False,13.558828175456668,2.7328166491281984
18,140000,2,4,4,True,13.763162779567992,2.776805542239749
18,140000,2,4,5,False,13.386924652542593,2.692188452955474
18,140000,2,4,5,True,13.612484041253932,2.7436433448106627
18,140000,2,4,6,False,13.326179811778045,2.6826525519885585
18,140000,2,4,6,True,13.523901267241628,2.726941062810353
18,140000,2,4,7,False,13.452296027274251,2.7202695524532805
18,140000,2,4,7,True,13.479736059395204,2.720943997325023
18,140000,2,4,8,False,13.48826676140776,2.71334431375583
18,140000,2,4,8,True,13.449293493732958,2.713134519853862
18,140000,2,4,9,False,13.537886736767048,2.7756417436927396
18,140000,2,4,9,True,13.4365960998317,2.7157979766300993
18,140000,2,4,10,False,13.335495288163322,2.6918847719411887
18,140000,2,4,10,True,13.40895344567061,2.710221563355134
18,140000,2,4,11,False,13.464192397068254,2.7388924246145963
18,140000,2,4,11,True,13.401230515461553,2.7106255777159607
18,140000,2,4,12,False,13.520286414996296,2.759904244361286
18,140000,2,4,12,True,13.409398972525029,2.7149418556259257
18,140000,2,4,13,False,13.426704186944585,2.727996317644307
18,140000,2,4,13,True,13.41037921274264,2.7162715765714256
18,140000,2,4,14,False,13.454526314552531,2.733016203818584
18,140000,2,4,14,True,13.408340350746316,2.7165165222176633
18,140000,2,4,15,False,13.458797549169702,2.7458579814514974
18,140000,2,4,15,True,13.410217092456504,2.718969006613805
18,140000,2,5,1,False,14.886808999223055,2.9760313121688826
18,140000,2,5,1,True,14.886808999223055,2.9760313121688826
18,140000,2,5,2,False,14.497568819624965,2.9852812424360664
18,140000,2,5,2,True,14.53601684065209,2.9460715898431804
18,140000,2,5,3,False,13.715760712670926,2.7572086951308963
18,140000,2,5,3,True,14.147416254333459,2.871973939623733
18,140000,2,5,4,False,13.80063978044738,2.832251415618036
18,140000,2,5,4,True,13.911219363138803,2.8353849988915854
18,140000,2,5,5,False,13.4518795075703,2.7313485789865557
18,140000,2,5,5,True,13.68739124678908,2.781876730551631
18,140000,2,5,6,False,13.376764044247242,2.687255032636691
18,140000,2,5,6,True,13.604783992814214,2.7612401917247853
18,140000,2,5,7,False,13.406013516403787,2.7134392977173634
18,140000,2,5,7,True,13.545959448834543,2.7484762352176553
18,140000,2,5,8,False,13.620780495473031,2.7947689709968646
18,140000,2,5,8,True,13.523048574506765,2.749007360742491
18,140000,2,5,9,False,13.32942138748495,2.706814396140006
18,140000,2,5,9,True,13.470564928475302,2.7378892397201313
18,140000,2,5,10,False,13.267080499780223,2.6758905031330165
18,140000,2,5,10,True,13.428629591650068,2.7276151768266477
18,140000,2,5,11,False,13.34390637947229,2.71922666955477
18,140000,2,5,11,True,13.407767234449421,2.7240727461288823
18,140000,2,5,12,False,13.412084397509608,2.7525063201910394
18,140000,2,5,12,True,13.401559921417805,2.7259359177924734
18,140000,2,5,13,False,13.413073171179006,2.7407817904862206
18,140000,2,5,13,True,13.397280838826449,2.7266160454929915
18,140000,2,5,14,False,13.29337046506648,2.698296194337705
18,140000,2,5,14,True,13.378641745583787,2.7227023908354377
18,140000,2,5,15,False,13.40232333611793,2.740054303890699
18,140000,2,5,15,True,13.375884775092816,2.724135551451545
18,140000,2,6,1,False,15.15781367451454,3.057286278256925
18,140000,2,6,1,True,15.15781367451454,3.057286278256925
18,140000,2,6,2,False,14.022901633220373,2.829483356346107
18,140000,2,6,2,True,14.459646896611336,2.923092736273428
18,140000,2,6,3,False,13.567820112308791,2.7179782772402223
18,140000,2,6,3,True,13.948116525032935,2.818574559770937
18,140000,2,6,4,False,13.554888866553883,2.7281467538997473
18,140000,2,6,4,True,13.698079713945292,2.7653046193240938
18,140000,2,6,5,False,13.414944185898399,2.7038005615223684
18,140000,2,6,5,True,13.540016112836781,2.7280721723362436
18,140000,2,6,6,False,13.420702910801209,2.7009620707936417
18,140000,2,6,6,True,13.503650748966137,2.7204147915237815
18,140000,2,6,7,False,13.541998114380792,2.7488610123965436
18,140000,2,6,7,True,13.494468752424455,2.722151200869406
18,140000,2,6,8,False,13.335269976483456,2.68791692734947
18,140000,2,6,8,True,13.446380573779244,2.713661553816853
18,140000,2,6,9,False,13.31202011173399,2.6932338712579833
18,140000,2,6,9,True,13.409063393816218,2.708245174270222
18,140000,2,6,10,False,13.281481153137593,2.6860154142668664
18,140000,2,6,10,True,13.38523465844883,2.704098311574764
18,140000,2,6,11,False,13.514917694585899,2.7513667396091583
18,140000,2,6,11,True,13.390833222560428,2.706954568838646
18,140000,2,6,12,False,13.46775559268009,2.75204498917094
18,140000,2,6,12,True,13.390612729497601,2.710143844285132
18,140000,2,6,13,False,13.484431764952282,2.7528151387679474
18,140000,2,6,13,True,13.393553492438834,2.7132652168955067
18,140000,2,6,14,False,13.278143308365435,2.6846926898750336
18,140000,2,6,14,True,13.373905283953633,2.7090364236400513
18,140000,2,6,15,False,13.470064140776977,2.762399184056109
18,140000,2,6,15,True,13.374100963525624,2.712000843508112
18,140000,2,7,1,False,14.945816627039447,2.995416082214347
18,140000,2,7,1,True,14.945816627039447,2.995416082214347
18,140000,2,7,2,False,14.057784835590844,2.8261789782960944
18,140000,2,7,2,True,14.361930875897798,2.891335840100115
18,140000,2,7,3,False,13.72050958342664,2.773057948964812
18,140000,2,7,3,True,13.978390533470447,2.8218154037571486
18,140000,2,7,4,False,13.563785290740334,2.7298510575570147
18,140000,2,7,4,True,13.77591039032055,2.784296965936288
18,140000,2,7,5,False,13.444269812000364,2.7139286294690836
18,140000,2,7,5,True,13.632381957875731,2.756550109116685
18,140000,2,7,6,False,13.503347242240721,2.730279700953382
18,140000,2,7,6,True,13.557211503703899,2.741521424053467
18,140000,2,7,7,False,13.382496485985866,2.6923099346425277
18,140000,2,7,7,True,13.499456383633184,2.7277804566490973
18,140000,2,7,8,False,13.399545434555252,2.696018934381711
18,140000,2,7,8,True,13.467207689776824,2.7203537843061034
18,140000,2,7,9,False,13.708258578273847,2.803273038687285
18,140000,2,7,9,True,13.47002925156559,2.724397004318037
18,140000,2,7,10,False,13.35971894369457,2.7055784387032036
18,140000,2,7,10,True,13.453302013742665,2.721033556878236
18,140000,2,7,11,False,13.372899793564617,2.6978421692954218
18,140000,2,7,11,True,13.441109433666272,2.7176272713221787
18,140000,2,7,12,False,13.33454299052254,2.7009008194820225
18,140000,2,7,12,True,13.420931989752209,2.714421594618051
18,140000,2,7,13,False,13.399748741111292,2.6999960035392356
18,140000,2,7,13,True,13.4120963063946,2.7115332250874093
18,140000,2,7,14,False,13.31863567338275,2.685785557979476
18,140000,2,7,14,True,13.397190114804369,2.7079558003528095
18,140000,2,7,15,False,13.443074844659513,2.7300340893378396
18,140000,2,7,15,True,13.39187776131265,2.7075468558171027
18,140000,2,8,1,False,15.44828664209795,3.1348379374103623
18,140000,2,8,1,True,15.44828664209795,3.1348379374103623
18,140000,2,8,2,False,14.255095552901505,2.883886178152654
18,140000,2,8,2,True,14.72450545083143,2.989099927538885
18,140000,2,8,3,False,13.83591874397336,2.808221737549917
18,140000,2,8,3,True,14.19647812015867,2.882460184406454
18,140000,2,8,4,False,13.520609285652634,2.73229526609762
18,140000,2,8,4,True,13.917705687772923,2.8300963687556764
18,140000,2,8,5,False,13.383236386793808,2.6961968927701734
18,140000,2,8,5,True,13.722671444472946,2.7883213990550124
18,140000,2,8,6,False,13.462152194747256,2.7156824277085967
18,140000,2,8,6,True,13.595210948132411,2.757340919345922
18,140000,2,8,7,False,13.540958066564645,2.7475379526164323
18,140000,2,8,7,True,13.52785717685783,2.741057064148747
18,140000,2,8,8,False,13.579156304239255,2.7764326671490727
18,140000,2,8,8,True,13.507734200644018,2.7406674784594878
18,140000,2,8,9,False,13.842565809337714,2.849211221149644
18,140000,2,8,9,True,13.522036893666808,2.7477507687959144
18,140000,2,8,10,False,13.395050803314515,2.6945458672203078
18,140000,2,8,10,True,13.495708459726151,2.7395812732136884
18,140000,2,8,11,False,13.42148812081076,2.720114965246705
18,140000,2,8,11,True,13.479030245108742,2.734693039451312
18,140000,2,8,12,False,13.57111383457077,2.7716648406705406
18,140000,2,8,12,True,13.487362703392535,2.7388563598622215
18,140000,2,8,13,False,13.37266360804594,2.7072820421565487
18,140000,2,8,13,True,13.47745481463666,2.7362870583135543
18,140000,2,8,14,False,13.351288871226261,2.690780638983787
18,140000,2,8,14,True,13.460621541406866,2.7313100996105617
18,140000,2,8,15,False,13.378813772274684,2.7162967111455183
18,140000,2,8,15,True,13.449618723507632,2.7291114716765956
18,140000,2,9,1,False,14.9331797376156,2.9849190501480733
18,140000,2,9,1,True,14.9331797376156,2.9849190501480733
18,140000,2,9,2,False,14.105721361958377,2.834907114649342
18,140000,2,9,2,True,14.380894429426363,2.888650446414009
18,140000,2,9,3,False,13.794727481095737,2.8017212070466053
18,140000,2,9,3,True,14.00646989222118,2.828247113633048
18,140000,2,9,4,False,13.46299622226877,2.6967423433606483
18,140000,2,9,4,True,13.790454985266516,2.7847507022870936
18,140000,2,9,5,False,13.714228479866959,2.8050933092678623
18,140000,2,9,5,True,13.68515150208839,2.771512674649327
18,140000,2,9,6,False,13.337402924216843,2.6849031874087905
18,140000,2,9,6,True,13.572479733554465,2.7476326881774487
18,140000,2,9,7,False,13.352468459681816,2.6758635076005146
18,140000,2,9,7,True,13.494584115551744,2.7281252264024625
18,140000,2,9,8,False,13.76149308472224,2.7910381150548407
18,140000,2,9,8,True,13.500642490408206,2.7306670362825125
18,140000,2,9,9,False,13.414943870353346,2.7162023195755007
18,140000,2,9,9,True,13.476797868010907,2.7256284215903843
18,140000,2,9,10,False,13.484950445927533,2.7531185769704773
18,140000,2,9,10,True,13.461323811394806,2.726928601040086
18,140000,2,9,11,False,13.339759471404248,2.6872173917501443
18,140000,2,9,11,True,13.428375015268681,2.7182235087121183
18,140000,2,9,12,False,13.346886188474292,2.7035367811083293
18,140000,2,9,12,True,13.40584545660363,2.71330865971846
18,140000,2,9,13,False,13.287595105483264,2.6847890617720127
18,140000,2,9,13,True,13.381586854822384,2.707048460372017
18,140000,2,9,14,False,13.513889044207136,2.7590692087466198
18,140000,2,9,14,True,13.39424548000626,2.712809040440974
18,140000,2,9,15,False,13.44838313190302,2.7273615553288724
18,140000,2,9,15,True,13.400266543871753,2.71454194794915
18,140000,2,,0,True,15.028186179926191,3.016016337436553
18,140000,2,,1,True,14.121156450301338,2.84804342411091
18,140000,2,,2,True,13.711576893381146,2.766448816061961
18,140000,2,,3,True,13.540581185543681,2.7328765936549475
18,140000,2,,4,True,13.419388926193601,2.7104718633694516
18,140000,2,,5,True,13.409015888036057,2.710173505679658
18,140000,2,,6,True,13.441540814567967,2.7193705380359714
18,140000,2,,7,True,13.496727779353574,2.7437931481246016
18,140000,2,,8,True,13.41614185674866,2.7231125496551365
18,140000,2,,9,True,13.315572852973675,2.6900904279569513
18,140000,2,,10,True,13.398023598985395,2.722214171526289
18,140000,2,,11,True,13.380603582672023,2.721786119541529
18,140000,2,,12,True,13.377701634562966,2.7174639332503983
18,140000,2,,13,True,13.358505986565099,2.7150642783727696
18,140000,2,,14,True,13.363342562906313,2.7198138301219044
18,140000,2,,,True,13.40329814579707,2.718963202784005
