dataset,aug_perc,num,epoch,ensemble,smape,mase*
235k,0.5,0,1,False,13.328489618072924,2.7247114661899983
235k,0.5,0,1,True,13.328489618072924,2.7247114661899983
235k,0.5,0,2,False,13.294148222545703,2.707553165466452
235k,0.5,0,2,True,13.283546102539907,2.7125433958419123
235k,0.5,0,3,False,13.250987290636507,2.703923137109444
235k,0.5,0,3,True,13.267947422510373,2.7080284482538923
235k,0.5,0,4,False,13.225048643256791,2.6886347029762105
235k,0.5,0,4,True,13.2489714248315,2.7020855032069138
235k,0.5,0,5,False,13.196510000155323,2.685345990913452
235k,0.5,0,5,True,13.232474112366129,2.6983518781109312
235k,0.5,0,6,False,13.172188202579552,2.680398943147782
235k,0.5,0,6,True,13.218560846607879,2.6945507726583093
235k,0.5,0,7,False,13.240516240275266,2.6767602446070344
235k,0.5,0,7,True,13.212280377087307,2.6915058736343633
235k,0.5,0,8,False,13.19274224872455,2.6865329471069646
235k,0.5,0,8,True,13.206041540444776,2.689895798006646
235k,0.5,0,9,False,13.316967690825187,2.7223058322123608
235k,0.5,0,9,True,13.21290278508994,2.6919259402682356
235k,0.5,0,10,False,13.229554807900552,2.691196163775621
235k,0.5,0,10,True,13.210996391348733,2.6913991120180003
235k,0.5,0,11,False,13.282717873180667,2.718066559152723
235k,0.5,0,11,True,13.21266397922645,2.6925900562648555
235k,0.5,0,12,False,13.301040771912819,2.688803673538999
235k,0.5,0,12,True,13.21384888287506,2.6913559283165296
235k,0.5,0,13,False,13.269354893383037,2.7104263015270855
235k,0.5,0,13,True,13.217688012592228,2.692405736787539
235k,0.5,0,14,False,13.237761435756715,2.701672297338531
235k,0.5,0,14,True,13.218462947094773,2.692881151206165
235k,0.5,0,15,False,13.211005916852116,2.696669306419284
235k,0.5,0,15,True,13.214508069135935,2.692532118364721
235k,0.5,1,1,False,13.405000865192507,2.727232187325475
235k,0.5,1,1,True,13.405000865192507,2.727232187325475
235k,0.5,1,2,False,13.462229208575643,2.7565437186504638
235k,0.5,1,2,True,13.412396742772083,2.7375012093975455
235k,0.5,1,3,False,13.447675027325747,2.757358074684837
235k,0.5,1,3,True,13.42684495477841,2.747371837612556
235k,0.5,1,4,False,13.497483628806988,2.7715329679799465
235k,0.5,1,4,True,13.433853040747199,2.750575383743538
235k,0.5,1,5,False,13.499624359600302,2.7791364559333402
235k,0.5,1,5,True,13.445892665873071,2.7560608537985476
235k,0.5,1,6,False,13.346346484285256,2.7217488802217717
235k,0.5,1,6,True,13.426881342651312,2.749836270055359
235k,0.5,1,7,False,13.28887640276669,2.70848463488215
235k,0.5,1,7,True,13.406396828833508,2.743742656319536
235k,0.5,1,8,False,13.360844466290922,2.726680113337123
235k,0.5,1,8,True,13.389960296596502,2.7380826299386323
235k,0.5,1,9,False,13.298402484801823,2.712381237435357
235k,0.5,1,9,True,13.370189570740575,2.7317637476689822
235k,0.5,1,10,False,13.320097449144455,2.7196020060082846
235k,0.5,1,10,True,13.358209024611547,2.7288760466966577
235k,0.5,1,11,False,13.327704257421257,2.7168991911804885
235k,0.5,1,11,True,13.348624467617944,2.72576898140353
235k,0.5,1,12,False,13.28042065862342,2.699909990583941
235k,0.5,1,12,True,13.33834521466283,2.722662235939792
235k,0.5,1,13,False,13.333165610858082,2.7164726288265824
235k,0.5,1,13,True,13.3337120617171,2.7210381422776875
235k,0.5,1,14,False,13.33583684202444,2.723058819027699
235k,0.5,1,14,True,13.332753104747784,2.7210464099423337
235k,0.5,1,15,False,13.282899127104532,2.7082276679453274
235k,0.5,1,15,True,13.327638405989694,2.7197644798368557
235k,0.5,2,1,False,13.371899974917289,2.7283313092895196
235k,0.5,2,1,True,13.371899974917289,2.7283313092895196
235k,0.5,2,2,False,13.506981053264843,2.758531717927003
235k,0.5,2,2,True,13.39723377912746,2.7395773449465173
235k,0.5,2,3,False,13.405000637385745,2.747537986532873
235k,0.5,2,3,True,13.367391093416689,2.7388000345591053
235k,0.5,2,4,False,13.301179496551226,2.71086373375838
235k,0.5,2,4,True,13.338265325450966,2.730472288655266
235k,0.5,2,5,False,13.516698900872964,2.7368289686384917
235k,0.5,2,5,True,13.358672418157484,2.731465212289713
235k,0.5,2,6,False,13.339138476411124,2.720576523605688
235k,0.5,2,6,True,13.33306721796068,2.7250379539436502
235k,0.5,2,7,False,13.297740877982779,2.708583033937764
235k,0.5,2,7,True,13.328591141283459,2.7232366279272036
235k,0.5,2,8,False,13.272927482303313,2.703827150689198
235k,0.5,2,8,True,13.315239127185095,2.719060470501709
235k,0.5,2,9,False,13.434256342665481,2.7683618363277276
235k,0.5,2,9,True,13.320354567065003,2.72259064350782
235k,0.5,2,10,False,13.283307307651548,2.7076683620390507
235k,0.5,2,10,True,13.308135636283682,2.718877533502911
235k,0.5,2,11,False,13.390797334696556,2.7443217359324703
235k,0.5,2,11,True,13.314324485120576,2.721319846061054
235k,0.5,2,12,False,13.312911720576855,2.6983716382455567
235k,0.5,2,12,True,13.309881868839168,2.7182888381511523
235k,0.5,2,13,False,13.263732289026079,2.6977449733801064
235k,0.5,2,13,True,13.304201470508579,2.7153181536810935
235k,0.5,2,14,False,13.266040954274278,2.702813954535418
235k,0.5,2,14,True,13.297667542228101,2.713583442433832
235k,0.5,2,15,False,13.291453152693267,2.7078553286923737
235k,0.5,2,15,True,13.2950562985314,2.7122004167831633
235k,0.5,3,1,False,20.917913402432514,4.23646770248882
235k,0.5,3,1,True,20.917913402432514,4.23646770248882
235k,0.5,3,2,False,20.91676266626089,4.236119826880115
235k,0.5,3,2,True,20.917337689936623,4.2362936551613295
235k,0.5,3,3,False,20.915150144112143,4.235683183554578
235k,0.5,3,3,True,20.916607859709792,4.236082169188959
235k,0.5,3,4,False,20.915496345029368,4.23564204862463
235k,0.5,3,4,True,20.91629250139487,4.235985231451525
235k,0.5,3,5,False,20.914764260544953,4.235388507322892
235k,0.5,3,5,True,20.915977444393626,4.235888371569429
235k,0.5,3,6,False,20.913924395848813,4.235117328315934
235k,0.5,3,6,True,20.915667779755175,4.235749688072312
235k,0.5,3,7,False,20.911848340352662,4.234601767971961
235k,0.5,3,7,True,20.914941904316592,4.235496943646969
235k,0.5,3,8,False,20.911257857965307,4.234388133818907
235k,0.5,3,8,True,20.91448593428975,4.235352122220065
235k,0.5,3,9,False,20.909502667665187,4.233945179467703
235k,0.5,3,9,True,20.913609391891395,4.235092002592818
235k,0.5,3,10,False,20.908782373121984,4.23371272912789
235k,0.5,3,10,True,20.913059235763704,4.234921740165218
235k,0.5,3,11,False,20.908446543591385,4.233560773646175
235k,0.5,3,11,True,20.912690448280152,4.23480115431976
235k,0.5,3,12,False,20.906889921554203,4.233168563125806
235k,0.5,3,12,True,20.912166085158717,4.234670179699095
235k,0.5,3,13,False,20.90614761525121,4.232942641525656
235k,0.5,3,13,True,20.91164870609625,4.23454114669458
235k,0.5,3,14,False,20.905518435308206,4.232742756096347
235k,0.5,3,14,True,20.911103190046056,4.234371593146639
235k,0.5,3,15,False,20.904891259942524,4.232546399318467
235k,0.5,3,15,True,20.910557777625183,4.2342020664431885
235k,0.5,4,1,False,21.205006235829465,4.321569445076611
235k,0.5,4,1,True,21.205006235829465,4.321569445076611
235k,0.5,4,2,False,21.200757901013585,4.320323071934186
235k,0.5,4,2,True,21.20287826013932,4.3209452629828515
235k,0.5,4,3,False,21.19677610303396,4.319144487664583
235k,0.5,4,3,True,21.200757901013585,4.320323071934186
235k,0.5,4,4,False,21.19303194930251,4.31802631320088
235k,0.5,4,4,True,21.198764292039584,4.319733037934083
235k,0.5,4,5,False,21.18813176846393,4.31670926850675
235k,0.5,4,5,True,21.19677610303396,4.319144487664583
235k,0.5,4,6,False,21.184134666422462,4.315577996723938
235k,0.5,4,6,True,21.194505010064862,4.318482426194364
235k,0.5,4,7,False,21.181399735761005,4.314695850315193
235k,0.5,4,7,True,21.19223977213034,4.317821914744136
235k,0.5,4,8,False,21.17816116366981,4.313737698454047
235k,0.5,4,8,True,21.19022356790077,4.317270836096261
235k,0.5,4,9,False,21.175095131112364,4.31282780801171
235k,0.5,4,9,True,21.188215488755702,4.31672202955512
235k,0.5,4,10,False,21.17207363496017,4.311940279400185
235k,0.5,4,10,True,21.186527198084054,4.316245247674005
235k,0.5,4,11,False,21.16894169909416,4.311048302214194
235k,0.5,4,11,True,21.184843123302862,4.315769634132312
235k,0.5,4,12,False,21.166084170610144,4.310222255384358
235k,0.5,4,12,True,21.18311709469261,4.315231684701649
235k,0.5,4,13,False,21.163606691110875,4.309480972599681
235k,0.5,4,13,True,21.181399735761005,4.314695850315193
235k,0.5,4,14,False,21.161024271356236,4.308733941022193
235k,0.5,4,14,True,21.179778721186143,4.314216338467023
235k,0.5,4,15,False,21.159206583345057,4.3081431515567274
235k,0.5,4,15,True,21.17816116366981,4.313737698454047
235k,0.5,5,1,False,13.337826776176207,2.714237488068019
235k,0.5,5,1,True,13.337826776176207,2.714237488068019
235k,0.5,5,2,False,13.283945245856078,2.7256034782801395
235k,0.5,5,2,True,13.249840524797095,2.7129561718755903
235k,0.5,5,3,False,13.180896874399284,2.6832095465201795
235k,0.5,5,3,True,13.241614748029205,2.7069922796222303
235k,0.5,5,4,False,13.20634044201955,2.6942616879706147
235k,0.5,5,4,True,13.215230394431005,2.6989371031479163
235k,0.5,5,5,False,13.23447967094602,2.7105211447054387
235k,0.5,5,5,True,13.222533067240647,2.7022329635985356
235k,0.5,5,6,False,13.354491033149602,2.724806217743503
235k,0.5,5,6,True,13.223385782743238,2.70555527128705
235k,0.5,5,7,False,13.212935340714315,2.711136574442096
235k,0.5,5,7,True,13.213244530664408,2.705654368110581
235k,0.5,5,8,False,13.346786802710191,2.7418826321299496
235k,0.5,5,8,True,13.217968024706709,2.707733149775573
235k,0.5,5,9,False,13.21467078875067,2.6837182979133334
235k,0.5,5,9,True,13.214329683657677,2.7044584783623713
235k,0.5,5,10,False,13.235140728612931,2.718847164983082
235k,0.5,5,10,True,13.211025817844531,2.705591982789243
235k,0.5,5,11,False,13.194772546402673,2.6906284832445575
235k,0.5,5,11,True,13.206615543169907,2.7036063260744703
235k,0.5,5,12,False,13.266872462666326,2.717499198865194
235k,0.5,5,12,True,13.209419517272716,2.7044820718844567
235k,0.5,5,13,False,13.276531015341629,2.698078289542921
235k,0.5,5,13,True,13.20857621136332,2.7029296784944323
235k,0.5,5,14,False,13.17814127259315,2.681615951159786
235k,0.5,5,14,True,13.200856631487653,2.6994136143932845
235k,0.5,5,15,False,13.186556965507924,2.6931691571664143
235k,0.5,5,15,True,13.193840238818165,2.6969843286103927
235k,0.5,6,1,False,13.508331190265343,2.7288640619506985
235k,0.5,6,1,True,13.508331190265343,2.7288640619506985
235k,0.5,6,2,False,13.589840853098936,2.774987572747726
235k,0.5,6,2,True,13.51370746640161,2.741809971723915
235k,0.5,6,3,False,13.595136730984354,2.775608024997858
235k,0.5,6,3,True,13.572795013993373,2.765289935246104
235k,0.5,6,4,False,13.543749728724034,2.759582347388609
235k,0.5,6,4,True,13.55349350912705,2.761795896048944
235k,0.5,6,5,False,13.447937269349753,2.7263121118544142
235k,0.5,6,5,True,13.53238058744325,2.755512044858981
235k,0.5,6,6,False,13.464471244434872,2.7431960723750417
235k,0.5,6,6,True,13.512509115326724,2.750806091031221
235k,0.5,6,7,False,13.492628247520068,2.755974705197105
235k,0.5,6,7,True,13.513314811496011,2.75270491904055
235k,0.5,6,8,False,13.436636359665755,2.7388754350116025
235k,0.5,6,8,True,13.489648263080511,2.7480043450282032
235k,0.5,6,9,False,13.420229042082317,2.7267267263588333
235k,0.5,6,9,True,13.471129729154839,2.7428711449554535
235k,0.5,6,10,False,13.48741291497231,2.761919627286047
235k,0.5,6,10,True,13.466478658355737,2.7445594902328887
235k,0.5,6,11,False,13.472462018566631,2.7521381561601417
235k,0.5,6,11,True,13.462992344281702,2.7450545943045332
235k,0.5,6,12,False,13.67265487616002,2.823204552840643
235k,0.5,6,12,True,13.460931794460878,2.7462714720294037
235k,0.5,6,13,False,13.334518034278053,2.7030375990018283
235k,0.5,6,13,True,13.45044804671216,2.7432660873614267
235k,0.5,6,14,False,13.463219543384467,2.753268924054492
235k,0.5,6,14,True,13.447601143619977,2.743327464766642
235k,0.5,6,15,False,13.464447273598553,2.75360720971854
235k,0.5,6,15,True,13.446698485056228,2.7437294442356532
235k,0.5,7,1,False,14.119592076381478,2.81252826558128
235k,0.5,7,1,True,14.119592076381478,2.81252826558128
235k,0.5,7,2,False,14.081266340514711,2.804876277902949
235k,0.5,7,2,True,14.08717584866225,2.8059229173209896
235k,0.5,7,3,False,14.048062105760824,2.805692099399506
235k,0.5,7,3,True,14.065721056567819,2.8036593361778555
235k,0.5,7,4,False,13.965655184658424,2.7868279638991234
235k,0.5,7,4,True,14.038704609348024,2.8006955306254184
235k,0.5,7,5,False,13.955346409127648,2.781039716154073
235k,0.5,7,5,True,14.023068223336459,2.7973369864604574
235k,0.5,7,6,False,13.952176568905264,2.779920851627332
235k,0.5,7,6,True,13.996273184752363,2.790748299450456
235k,0.5,7,7,False,13.98633464676234,2.799125788958893
235k,0.5,7,7,True,13.983385409758188,2.7891698451204006
235k,0.5,7,8,False,15.709351061762316,2.967473831625135
235k,0.5,7,8,True,13.985653771218708,2.7922745913430007
235k,0.5,7,9,False,15.708790987301455,2.9373415872236768
235k,0.5,7,9,True,13.974303934841462,2.7896890071020466
235k,0.5,7,10,False,15.67861794029569,2.9576383598442493
235k,0.5,7,10,True,13.971181012621914,2.7896534818409426
235k,0.5,7,11,False,15.623272064857524,2.971581168885417
235k,0.5,7,11,True,13.975059090970706,2.7917730485736447
235k,0.5,7,12,False,15.5165614527362,2.976230182910401
235k,0.5,7,12,True,13.977557321503404,2.7934560073678982
235k,0.5,7,13,False,15.669105795249571,2.9935382774230335
235k,0.5,7,13,True,13.984103951671502,2.796240312076337
235k,0.5,7,14,False,15.599407368184693,2.979361991656275
235k,0.5,7,14,True,14.34582594904094,2.8386909129229783
235k,0.5,7,15,False,15.457001121063021,2.9427430851622676
235k,0.5,7,15,True,15.223736054716467,2.9173329151557983
235k,0.5,8,1,False,13.344705550409593,2.720974812002101
235k,0.5,8,1,True,13.344705550409593,2.720974812002101
235k,0.5,8,2,False,13.3656231186744,2.726347844242456
235k,0.5,8,2,True,13.351952223546057,2.7229498700025307
235k,0.5,8,3,False,13.56674786525659,2.796839091021199
235k,0.5,8,3,True,13.37064008448031,2.7292264991141564
235k,0.5,8,4,False,13.333834850553211,2.7090766508410433
235k,0.5,8,4,True,13.358573087484165,2.7236800233090857
235k,0.5,8,5,False,13.464066900654613,2.760523966934701
235k,0.5,8,5,True,13.374417285654992,2.7287586611144867
235k,0.5,8,6,False,13.411979774420798,2.744386793596405
235k,0.5,8,6,True,13.391103766089854,2.7360028631644635
235k,0.5,8,7,False,13.339564958474032,2.7141089008523
235k,0.5,8,7,True,13.373438601169477,2.7289561084021745
235k,0.5,8,8,False,13.39854660346972,2.732922446737821
235k,0.5,8,8,True,13.378335051632726,2.7307502166118423
235k,0.5,8,9,False,13.385573170741397,2.733746263597103
235k,0.5,8,9,True,13.383200579096178,2.7324030369359744
235k,0.5,8,10,False,13.355878746343492,2.7124041616766843
235k,0.5,8,10,True,13.369996617623842,2.727805690880689
235k,0.5,8,11,False,13.340695876292175,2.717754664299647
235k,0.5,8,11,True,13.36227005408024,2.7250135370786155
235k,0.5,8,12,False,13.367518137982778,2.730105158065899
235k,0.5,8,12,True,13.360953544094734,2.7255659968322536
235k,0.5,8,13,False,13.317339564186103,2.7124208415648616
235k,0.5,8,13,True,13.355040214223742,2.7234107456816163
235k,0.5,8,14,False,13.34416267045666,2.720269718386422
235k,0.5,8,14,True,13.352003919251406,2.722671059453537
235k,0.5,8,15,False,13.371999290102805,2.7323220245516118
235k,0.5,8,15,True,13.352482806971262,2.7231665630542823
235k,0.5,9,1,False,20.926317912157163,4.239773380758567
235k,0.5,9,1,True,20.926317912157163,4.239773380758567
235k,0.5,9,2,False,20.91172844315781,4.2364151943465345
235k,0.5,9,2,True,20.91883669976065,4.2380383783309155
235k,0.5,9,3,False,20.922056875446778,4.238204387434752
235k,0.5,9,3,True,20.926281277943605,4.239779280387358
235k,0.5,9,4,False,20.914610794453264,4.236328348394372
235k,0.5,9,4,True,20.920636320175394,4.238115471365906
235k,0.5,9,5,False,20.908404735857843,4.234746874215013
235k,0.5,9,5,True,20.915250870298127,4.236539533430787
235k,0.5,9,6,False,20.911230899919634,4.235067341869897
235k,0.5,9,6,True,20.916265473724387,4.236804547923132
235k,0.5,9,7,False,20.904535935292596,4.233414639537064
235k,0.5,9,7,True,20.914598063498516,4.236333350732756
235k,0.5,9,8,False,20.897722277864617,4.231778145172631
235k,0.5,9,8,True,20.912516346450357,4.235802018962749
235k,0.5,9,9,False,20.89352829222994,4.2307031036317
235k,0.5,9,9,True,20.910451077553326,4.235275609314145
235k,0.5,9,10,False,20.896534503153706,4.231103185728214
235k,0.5,9,10,True,20.906647480117815,4.234128705461209
235k,0.5,9,11,False,20.890930129418624,4.229768455040316
235k,0.5,9,11,True,20.903060838535566,4.233058101733481
235k,0.5,9,12,False,20.89049126481311,4.229499376683154
235k,0.5,9,12,True,20.90244058105015,4.232895288679937
235k,0.5,9,13,False,20.89164015004629,4.229572363713691
235k,0.5,9,13,True,20.901754081964352,4.2326992029604655
235k,0.5,9,14,False,20.890105833724974,4.229108313107155
235k,0.5,9,14,True,20.901588334767865,4.232677117462999
235k,0.5,9,15,False,20.88849949209881,4.228641641539234
235k,0.5,9,15,True,20.90135706592624,4.232639390198312
235k,0.5,10,1,False,13.579139374816567,2.776547456442874
235k,0.5,10,1,True,13.579139374816567,2.776547456442874
235k,0.5,10,2,False,13.553184731752502,2.7692526315708825
235k,0.5,10,2,True,13.56207407224717,2.7719093067805938
235k,0.5,10,3,False,13.421311657146722,2.7390827135150455
235k,0.5,10,3,True,13.542913523381317,2.7650822761226546
235k,0.5,10,4,False,13.491071315311904,2.768541770429462
235k,0.5,10,4,True,13.47172859045576,2.7615112311024026
235k,0.5,10,5,False,13.35932849792896,2.71849029327365
235k,0.5,10,5,True,13.439853878317765,2.751809802983865
235k,0.5,10,6,False,13.556490523575473,2.792993952871286
235k,0.5,10,6,True,13.455176343155756,2.758158483929553
235k,0.5,10,7,False,13.371147427546747,2.7309264599693326
235k,0.5,10,7,True,13.436232985069038,2.7517963299177306
235k,0.5,10,8,False,13.401414219570695,2.7404382100293856
235k,0.5,10,8,True,13.423095138228398,2.7473620548674593
235k,0.5,10,9,False,13.453050980826065,2.756758828709957
235k,0.5,10,9,True,13.42520857137799,2.7483639171358
235k,0.5,10,10,False,13.370186108111197,2.720276189513789
235k,0.5,10,10,True,13.413183897852724,2.744193610256575
235k,0.5,10,11,False,13.322704401805192,2.7057056551691385
235k,0.5,10,11,True,13.401881195704766,2.7401085378845726
235k,0.5,10,12,False,13.362556786327229,2.730620053313502
235k,0.5,10,12,True,13.395486397138717,2.7383007890158892
235k,0.5,10,13,False,13.411160832631072,2.7489952304364627
235k,0.5,10,13,True,13.395106896426762,2.7388182528157676
235k,0.5,10,14,False,13.327551381538678,2.7036703890508758
235k,0.5,10,14,True,13.387690083644955,2.73590459832199
235k,0.5,10,15,False,13.414761634732209,2.752125100446644
235k,0.5,10,15,True,13.388569171651183,2.7370730450194496
235k,0.5,11,1,False,13.438121737733868,2.7528776877238985
235k,0.5,11,1,True,13.438121737733868,2.7528776877238985
235k,0.5,11,2,False,13.5516952388575,2.766794531820891
235k,0.5,11,2,True,13.473403367992582,2.756457532590141
235k,0.5,11,3,False,13.449506567345315,2.740057465277646
235k,0.5,11,3,True,13.42694110435974,2.7463311739175844
235k,0.5,11,4,False,13.541190181409121,2.789689710187897
235k,0.5,11,4,True,13.437009008481063,2.752689395721101
235k,0.5,11,5,False,13.40037856789793,2.7400963061377297
235k,0.5,11,5,True,13.429767639734793,2.7503321256625317
235k,0.5,11,6,False,13.465934955373722,2.7669143843930013
235k,0.5,11,6,True,13.43267395786933,2.7532571703279256
235k,0.5,11,7,False,13.473750531942539,2.7684393769692184
235k,0.5,11,7,True,13.43351585332597,2.7544716503976696
235k,0.5,11,8,False,13.379839072061019,2.738919505374038
235k,0.5,11,8,True,13.42637797940689,2.752790994761337
235k,0.5,11,9,False,13.426206538282289,2.7463080366225268
235k,0.5,11,9,True,13.41886354809996,2.7510968328890275
235k,0.5,11,10,False,13.291936863079606,2.710431042345629
235k,0.5,11,10,True,13.400205067616866,2.7462045021331027
235k,0.5,11,11,False,13.495627465235758,2.7652141004722885
235k,0.5,11,11,True,13.400205412719085,2.746433501411969
235k,0.5,11,12,False,13.432457866502526,2.7468550760571553
235k,0.5,11,12,True,13.39444720257982,2.7448019214738943
235k,0.5,11,13,False,13.365794058668195,2.7378797784492703
235k,0.5,11,13,True,13.387427661874003,2.743459809589404
235k,0.5,11,14,False,13.384586522778116,2.7222631658877345
235k,0.5,11,14,True,13.381820424595098,2.741497916630208
235k,0.5,11,15,False,13.32181697289542,2.723834391640352
235k,0.5,11,15,True,13.376122736421479,2.7402071175158174
235k,0.5,12,1,False,13.183318165438756,2.67847641291076
235k,0.5,12,1,True,13.183318165438756,2.67847641291076
235k,0.5,12,2,False,13.288649367774212,2.7161076572088123
235k,0.5,12,2,True,13.22399800558636,2.693912128515199
235k,0.5,12,3,False,13.333983900739382,2.741726583934306
235k,0.5,12,3,True,13.257899871992405,2.708621818402726
235k,0.5,12,4,False,13.257747030127039,2.7176786551079366
235k,0.5,12,4,True,13.250545917865209,2.7112644835693454
235k,0.5,12,5,False,13.239623872013563,2.7028103502051013
235k,0.5,12,5,True,13.236883871757483,2.705974765995009
235k,0.5,12,6,False,13.255092809143402,2.7061495553748984
235k,0.5,12,6,True,13.230047654867121,2.703799978221577
235k,0.5,12,7,False,13.247745201921964,2.710655697344631
235k,0.5,12,7,True,13.234449247342129,2.705967457287207
235k,0.5,12,8,False,13.300917065108937,2.7287743556892448
235k,0.5,12,8,True,13.238436373320537,2.707442634725792
235k,0.5,12,9,False,13.284980883799003,2.722926614531841
235k,0.5,12,9,True,13.238873176964587,2.7081967199686696
235k,0.5,12,10,False,13.299720722494813,2.7337441538106595
235k,0.5,12,10,True,13.24192081436864,2.7100656574094963
235k,0.5,12,11,False,13.290247357404589,2.691934026889507
235k,0.5,12,11,True,13.235437664647389,2.707149922937318
235k,0.5,12,12,False,13.20903379821707,2.6914154536910835
235k,0.5,12,12,True,13.229157760128897,2.7051770788642697
235k,0.5,12,13,False,13.29558021630321,2.7323748059486443
235k,0.5,12,13,True,13.232399374002124,2.707089066386477
235k,0.5,12,14,False,13.187798744951314,2.6903976550449893
235k,0.5,12,14,True,13.225096950244573,2.704596591952257
235k,0.5,12,15,False,13.256877828816023,2.7187462957816253
235k,0.5,12,15,True,13.227291991619895,2.7059293996966782
235k,0.5,13,1,False,21.153567782897202,4.306366628991399
235k,0.5,13,1,True,21.153567782897202,4.306366628991399
235k,0.5,13,2,False,21.146553047542493,4.30453189840069
235k,0.5,13,2,True,21.15004823268604,4.305445622385184
235k,0.5,13,3,False,21.143775011224665,4.303529634781346
235k,0.5,13,3,True,21.148567645250687,4.305037392362712
235k,0.5,13,4,False,21.13936856963664,4.30223473819457
235k,0.5,13,4,True,21.146104218292678,4.304266572434331
235k,0.5,13,5,False,21.1353886225035,4.301042709317442
235k,0.5,13,5,True,21.14365518056652,4.303499624679475
235k,0.5,13,6,False,21.129667002765967,4.299532276954196
235k,0.5,13,6,True,21.14124836870369,4.302795294875629
235k,0.5,13,7,False,21.125767204151195,4.298393635747502
235k,0.5,13,7,True,21.138848599507146,4.302092819404948
235k,0.5,13,8,False,21.125464601959607,4.297976883709868
235k,0.5,13,8,True,21.136578948122633,4.301433973444931
235k,0.5,13,9,False,21.119213934418834,4.296411916283978
235k,0.5,13,9,True,21.13431491429635,4.300776664013147
235k,0.5,13,10,False,21.11644110343596,4.295545842343034
235k,0.5,13,10,True,21.132400285502516,4.300250999164828
235k,0.5,13,11,False,21.112541514257916,4.294477221562108
235k,0.5,13,11,True,21.13049727707198,4.2997283880234765
235k,0.5,13,12,False,21.110450886530852,4.293777340158942
235k,0.5,13,12,True,21.129267478520866,4.299355161500234
235k,0.5,13,13,False,21.107263892381816,4.292878209137648
235k,0.5,13,13,True,21.12803991356899,4.298982415481752
235k,0.5,13,14,False,21.104692572936298,4.292114876466197
235k,0.5,13,14,True,21.124650842898305,4.29796001823753
235k,0.5,13,15,False,21.10227398379743,4.291396570489254
235k,0.5,13,15,True,21.121279330166526,4.29694188345789
235k,0.5,14,1,False,13.29657268056119,2.7104745651620603
235k,0.5,14,1,True,13.29657268056119,2.7104745651620603
235k,0.5,14,2,False,13.276587984805898,2.716813901604941
235k,0.5,14,2,True,13.27305081618514,2.7113786173063774
235k,0.5,14,3,False,13.278414430091539,2.702354957699131
235k,0.5,14,3,True,13.270037360061462,2.7068332256349814
235k,0.5,14,4,False,13.278400692973939,2.6964120126212117
235k,0.5,14,4,True,13.26182805818255,2.701674227675506
235k,0.5,14,5,False,13.244398456023958,2.7088466490866665
235k,0.5,14,5,True,13.24777811346091,2.7011430520076463
235k,0.5,14,6,False,13.208867426854036,2.6886329465692613
235k,0.5,14,6,True,13.231333600564389,2.696010550398668
235k,0.5,14,7,False,13.220956203148427,2.690653607212306
235k,0.5,14,7,True,13.220191166029245,2.693713144777327
235k,0.5,14,8,False,13.215413953587474,2.687627194219424
235k,0.5,14,8,True,13.215621823880776,2.692316169255388
235k,0.5,14,9,False,13.196556101958581,2.692841359013713
235k,0.5,14,9,True,13.20915773149995,2.6915036583734233
235k,0.5,14,10,False,13.29937640875918,2.7095845497928734
235k,0.5,14,10,True,13.213294318502587,2.6925606488280107
235k,0.5,14,11,False,13.22485499455311,2.6944663515663207
235k,0.5,14,11,True,13.21211907562533,2.6924984918021817
235k,0.5,14,12,False,13.212959319030341,2.6923359974751633
235k,0.5,14,12,True,13.209426579147053,2.6920467097052554
235k,0.5,14,13,False,13.275547661683367,2.716298849474659
235k,0.5,14,13,True,13.210873777932756,2.6929130814486215
235k,0.5,14,14,False,13.225819488309657,2.700840255359332
235k,0.5,14,14,True,13.210481107830708,2.693070612669018
235k,0.5,14,15,False,13.23090429426879,2.693665490222818
235k,0.5,14,15,True,13.210565906378573,2.6927462747133757
235k,0.5,15,1,False,20.92427696857464,4.238340158684624
235k,0.5,15,1,True,20.92427696857464,4.238340158684624
235k,0.5,15,2,False,20.922750824821076,4.237907861767931
235k,0.5,15,2,True,20.923513395322555,4.238123883091212
235k,0.5,15,3,False,20.922507507559466,4.237736896093682
235k,0.5,15,3,True,20.923061710546587,4.237987760800984
235k,0.5,15,4,False,20.918992499497573,4.236912760153414
235k,0.5,15,4,True,20.922352965696057,4.237774874580015
235k,0.5,15,5,False,20.91972103268181,4.2369444332994775
235k,0.5,15,5,True,20.921823792999557,4.237608238727443
235k,0.5,15,6,False,20.917383851218638,4.236365078823305
235k,0.5,15,6,True,20.921080976458907,4.237406295564168
235k,0.5,15,7,False,20.917559026294413,4.236294302679254
235k,0.5,15,7,True,20.92055637675074,4.237264137814262
235k,0.5,15,8,False,20.91554929224125,4.23578866990955
235k,0.5,15,8,True,20.919477313087533,4.236940575574484
235k,0.5,15,9,False,20.914389092904596,4.235458187187527
235k,0.5,15,9,True,20.918382445435956,4.236612888095944
235k,0.5,15,10,False,20.913141634930106,4.235114269555663
235k,0.5,15,10,True,20.918142113242034,4.236543648438293
235k,0.5,15,11,False,20.91367068596058,4.235130716947543
235k,0.5,15,11,True,20.91809069649373,4.236524346173992
235k,0.5,15,12,False,20.91233351707383,4.234775910507565
235k,0.5,15,12,True,20.91728304140837,4.236277419800265
235k,0.5,15,13,False,20.910957524468618,4.234417712538671
235k,0.5,15,13,True,20.916292754586504,4.235980323199141
235k,0.5,15,14,False,20.910383399929394,4.23422367617647
235k,0.5,15,14,True,20.916172519306183,4.235949748450884
235k,0.5,15,15,False,20.908837145190454,4.233838849920321
235k,0.5,15,15,True,20.91570688845965,4.2358253705361655
235k,0.5,16,1,False,13.381731842083923,2.752673328216566
235k,0.5,16,1,True,13.381731842083923,2.752673328216566
235k,0.5,16,2,False,13.284299447930172,2.7002824010761572
235k,0.5,16,2,True,13.292253194770991,2.717632986538917
235k,0.5,16,3,False,13.292957333423677,2.7125131330804173
235k,0.5,16,3,True,13.270695404726204,2.706031055595806
235k,0.5,16,4,False,13.163357067451074,2.687749205819855
235k,0.5,16,4,True,13.242157442821982,2.7019963893858225
235k,0.5,16,5,False,13.434066727598912,2.781356410644461
235k,0.5,16,5,True,13.24711883474189,2.706860980017355
235k,0.5,16,6,False,13.202342624725192,2.7009088282005207
235k,0.5,16,6,True,13.230075639351426,2.7058757562928233
235k,0.5,16,7,False,13.284806180371454,2.7263116651461208
235k,0.5,16,7,True,13.233642064341984,2.7081102390821123
235k,0.5,16,8,False,13.30721472611873,2.7058377924944508
235k,0.5,16,8,True,13.232414661326787,2.706598889439432
235k,0.5,16,9,False,13.1233096264756,2.6791039625804527
235k,0.5,16,9,True,13.213207243561898,2.702086730520087
235k,0.5,16,10,False,13.290723019000824,2.702982789687209
235k,0.5,16,10,True,13.211991627391827,2.7014866996189384
235k,0.5,16,11,False,13.277966579623616,2.732836648616612
235k,0.5,16,11,True,13.214427517726254,2.7040094570545747
235k,0.5,16,12,False,13.207705627858745,2.7122088442607124
235k,0.5,16,12,True,13.211996343917935,2.705012072000276
235k,0.5,16,13,False,13.206888025510075,2.682180710256328
235k,0.5,16,13,True,13.202860148426222,2.701939355820659
235k,0.5,16,14,False,13.341754324000602,2.732830044865261
235k,0.5,16,14,True,13.208489384402688,2.7040991831930823
235k,0.5,16,15,False,13.383620380191442,2.7453990599383427
235k,0.5,16,15,True,13.216082261344287,2.7067355205077726
235k,0.5,17,1,False,13.281898878892996,2.7114979117058517
235k,0.5,17,1,True,13.281898878892996,2.7114979117058517
235k,0.5,17,2,False,13.323588755747418,2.710012874815024
235k,0.5,17,2,True,13.287349256941008,2.708715134261725
235k,0.5,17,3,False,13.282089339023155,2.723820331185425
235k,0.5,17,3,True,13.277100507200954,2.7115158364837084
235k,0.5,17,4,False,13.25947940456517,2.7223074445855246
235k,0.5,17,4,True,13.23511669134052,2.7089189550671424
235k,0.5,17,5,False,13.240580198596518,2.716726908126207
235k,0.5,17,5,True,13.221965919420148,2.7096043151756195
235k,0.5,17,6,False,13.16829494457447,2.6843755689216073
235k,0.5,17,6,True,13.20235868444472,2.7027266438355
235k,0.5,17,7,False,13.142307669949462,2.6857959516779344
235k,0.5,17,7,True,13.17767864805583,2.6971701136404307
235k,0.5,17,8,False,13.253382070358626,2.716747121567912
235k,0.5,17,8,True,13.17631194200392,2.6979975860251373
235k,0.5,17,9,False,13.180868523508614,2.6843865302214676
235k,0.5,17,9,True,13.172564831529085,2.695237575399674
235k,0.5,17,10,False,13.212545264206867,2.7054237127681864
235k,0.5,17,10,True,13.172527489115758,2.6960747013272117
235k,0.5,17,11,False,13.199258004987248,2.6956348834379282
235k,0.5,17,11,True,13.171784491593792,2.6951520538177083
235k,0.5,17,12,False,13.14454668769451,2.68502807654106
235k,0.5,17,12,True,13.162548447320537,2.6928124850916166
235k,0.5,17,13,False,13.197480915355369,2.6962493404037993
235k,0.5,17,13,True,13.16195437337447,2.692535590319831
235k,0.5,17,14,False,13.137975366786067,2.6796394846557927
235k,0.5,17,14,True,13.154673735404522,2.6902889211766774
235k,0.5,17,15,False,13.12686780038905,2.6728266749906333
235k,0.5,17,15,True,13.149770644047361,2.688174991506472
235k,0.5,18,1,False,21.21586893008273,4.3246899803621845
235k,0.5,18,1,True,21.21586893008273,4.3246899803621845
235k,0.5,18,2,False,21.210596001768838,4.32293132127378
235k,0.5,18,2,True,21.213205400243112,4.323803523988647
235k,0.5,18,3,False,21.20073152287216,4.320320005194165
235k,0.5,18,3,True,21.208410831833625,4.322375765172399
235k,0.5,18,4,False,21.196381495195602,4.318808318149981
235k,0.5,18,4,True,21.205704598183317,4.321635400237776
235k,0.5,18,5,False,21.187987230948746,4.316549771541494
235k,0.5,18,5,True,21.203038553358578,4.320906354970248
235k,0.5,18,6,False,21.180750026833568,4.314552690477201
235k,0.5,18,6,True,21.19862892500954,4.31957201183187
235k,0.5,18,7,False,21.176622162144703,4.313184678279118
235k,0.5,18,7,True,21.194434972283695,4.3182952222669035
235k,0.5,18,8,False,21.169210198912747,4.311220790454391
235k,0.5,18,8,True,21.191170373482723,4.317409096788767
235k,0.5,18,9,False,21.164756510809262,4.309852868039882
235k,0.5,18,9,True,21.187927460512004,4.31652903593419
235k,0.5,18,10,False,21.162417697873014,4.308929580190739
235k,0.5,18,10,True,21.184971638462162,4.315707892868721
235k,0.5,18,11,False,21.157275108292197,4.307488908318236
235k,0.5,18,11,True,21.182032415808486,4.314891380585446
235k,0.5,18,12,False,21.150882431986616,4.305834897121933
235k,0.5,18,12,True,21.178862500961905,4.313925929739759
235k,0.5,18,13,False,21.148432047460275,4.304971414018684
235k,0.5,18,13,True,21.17570974671749,4.312964844419041
235k,0.5,18,14,False,21.14377177730148,4.3037037295131
235k,0.5,18,14,True,21.173223387545594,4.312286608182678
235k,0.5,18,15,False,21.141628491005235,4.302950100789589
235k,0.5,18,15,True,21.170759226450272,4.311614341966648
235k,0.5,19,1,False,20.835731689681555,4.210035244085665
235k,0.5,19,1,True,20.835731689681555,4.210035244085665
235k,0.5,19,2,False,20.833681463100728,4.209406946109384
235k,0.5,19,2,True,20.834703976203212,4.209720502303292
235k,0.5,19,3,False,20.824862212598674,4.207309343178977
235k,0.5,19,3,True,20.83560207497056,4.210000251321826
235k,0.5,19,4,False,20.82488223848785,4.207148786229237
235k,0.5,19,4,True,20.830204069847774,4.208562851029568
235k,0.5,19,5,False,20.823512664145657,4.206699056551211
235k,0.5,19,5,True,20.82515116042769,4.207185947354497
235k,0.5,19,6,False,20.821346010401474,4.206087090069804
235k,0.5,19,6,True,20.824761580108063,4.207078230157645
235k,0.5,19,7,False,20.81854203456753,4.205347997119321
235k,0.5,19,7,True,20.824372471425573,4.206970653133029
235k,0.5,19,8,False,20.817768140614174,4.205056831728229
235k,0.5,19,8,True,20.82334911484854,4.206676773779811
235k,0.5,19,9,False,20.81981641764796,4.205392396871788
235k,0.5,19,9,True,20.822791289929484,4.206503536629757
235k,0.5,19,10,False,20.81406255639505,4.204039647133791
235k,0.5,19,10,True,20.822064869747592,4.206294277790553
235k,0.5,19,11,False,20.810069938512555,4.203089835613542
235k,0.5,19,11,True,20.821465043439893,4.2061290543781755
235k,0.5,19,12,False,20.81277557417102,4.203574776802303
235k,0.5,19,12,True,20.820505040094005,4.205866180413807
235k,0.5,19,13,False,20.80939934102109,4.202768353085111
235k,0.5,19,13,True,20.819547746541154,4.205604123683627
235k,0.5,19,14,False,20.816780224446568,4.204301969765666
235k,0.5,19,14,True,20.819525807098366,4.205568502968906
235k,0.5,19,15,False,20.814233449809123,4.203673341583911
235k,0.5,19,15,True,20.819509277253257,4.205534337324922
235k,0.5,20,1,False,20.917376440238876,4.236729533189689
235k,0.5,20,1,True,20.917376440238876,4.236729533189689
235k,0.5,20,2,False,20.914755748417967,4.2360465195647174
235k,0.5,20,2,True,20.916064020758846,4.236387360147415
235k,0.5,20,3,False,20.91661004715043,4.236276146328935
235k,0.5,20,3,True,20.916708873388192,4.2365200813595285
235k,0.5,20,4,False,20.910816157482564,4.234959077314778
235k,0.5,20,4,True,20.914783878431404,4.235985585309232
235k,0.5,20,5,False,20.91014333772214,4.234683725650913
235k,0.5,20,5,True,20.912833544654426,4.235430752739218
235k,0.5,20,6,False,20.908272085858883,4.2341730531980355
235k,0.5,20,6,True,20.911590132113933,4.235092745572714
235k,0.5,20,7,False,20.908171942677317,4.234023698864087
235k,0.5,20,7,True,20.91066248589384,4.234837390592235
235k,0.5,20,8,False,20.908161019495733,4.233899138763987
235k,0.5,20,8,True,20.91093661952397,4.234904362349876
235k,0.5,20,9,False,20.908047363159728,4.233760325448431
235k,0.5,20,9,True,20.911211358535603,4.234971532822963
235k,0.5,20,10,False,20.903483300104167,4.232724782179852
235k,0.5,20,10,True,20.91025434089009,4.2346833327044395
235k,0.5,20,11,False,20.90232530310909,4.232383717886279
235k,0.5,20,11,True,20.909308802872715,4.234397746110942
235k,0.5,20,12,False,20.90335217665039,4.232488017794799
235k,0.5,20,12,True,20.90874319021507,4.234208735931795
235k,0.5,20,13,False,20.901592638020247,4.232034860998858
235k,0.5,20,13,True,20.90817903244675,4.234020130729629
235k,0.5,20,14,False,20.899467515216937,4.231513437775126
235k,0.5,20,14,True,20.906920191989375,4.233642188597025
235k,0.5,20,15,False,20.89948868150559,4.231428673265359
235k,0.5,20,15,True,20.90607592657756,4.233378402868061
235k,0.5,21,1,False,21.14435281950853,4.303893543302185
235k,0.5,21,1,True,21.14435281950853,4.303893543302185
235k,0.5,21,2,False,21.142970284381295,4.303327683806428
235k,0.5,21,2,True,21.14365429568914,4.30360867836216
235k,0.5,21,3,False,21.138970773344848,4.302287921935633
235k,0.5,21,3,True,21.141482629097673,4.302961057300369
235k,0.5,21,4,False,21.137282692693447,4.301685511920734
235k,0.5,21,4,True,21.14073128094007,4.302746312290551
235k,0.5,21,5,False,21.134824278206644,4.300950657859694
235k,0.5,21,5,True,21.139985691962636,4.302533204169925
235k,0.5,21,6,False,21.132277364489955,4.300210132973668
235k,0.5,21,6,True,21.13860109665047,4.302100894074137
235k,0.5,21,7,False,21.12909812445847,4.299362358684556
235k,0.5,21,7,True,21.137220490123585,4.301669564756895
235k,0.5,21,8,False,21.127434816143932,4.298805983573997
235k,0.5,21,8,True,21.135829443278055,4.301257865177773
235k,0.5,21,9,False,21.125291551843187,4.298170910643031
235k,0.5,21,9,True,21.13444075084514,4.300846751339963
235k,0.5,21,10,False,21.122773029383467,4.297475694509959
235k,0.5,21,10,True,21.133251066773617,4.300505111643854
235k,0.5,21,11,False,21.120389206189895,4.2968157387915635
235k,0.5,21,11,True,21.132063556281484,4.3001639843571535
235k,0.5,21,12,False,21.118498515685534,4.296256485570462
235k,0.5,21,12,True,21.130877089314655,4.299837540043749
235k,0.5,21,13,False,21.11650866389279,4.295688226848109
235k,0.5,21,13,True,21.129695460028437,4.299512413820803
235k,0.5,21,14,False,21.11489463028706,4.29519800722842
235k,0.5,21,14,True,21.128518427598493,4.299146545147249
235k,0.5,21,15,False,21.113221809231714,4.294706396502323
235k,0.5,21,15,True,21.1273439371735,4.29878132373237
235k,0.5,22,1,False,13.35800772720376,2.7486870566423542
235k,0.5,22,1,True,13.35800772720376,2.7486870566423542
235k,0.5,22,2,False,13.223488606689255,2.690673830630413
235k,0.5,22,2,True,13.247108321328978,2.7106376225373614
235k,0.5,22,3,False,13.252692322186787,2.7047882909193515
235k,0.5,22,3,True,13.209599380083427,2.69702921998754
235k,0.5,22,4,False,13.304670006620281,2.7070629046861967
235k,0.5,22,4,True,13.219868970842796,2.6992315735289596
235k,0.5,22,5,False,13.297778852224315,2.7196815232621105
235k,0.5,22,5,True,13.253548342645168,2.7070471710610415
235k,0.5,22,6,False,13.241648365657142,2.683504285157389
235k,0.5,22,6,True,13.227382751721363,2.698173446158196
235k,0.5,22,7,False,13.187921158895398,2.6920350863855433
235k,0.5,22,7,True,13.214207142193496,2.695012917295223
235k,0.5,22,8,False,13.414796536517386,2.738590768665587
235k,0.5,22,8,True,13.220965487456331,2.6988875838841317
235k,0.5,22,9,False,13.168702274450053,2.683479864409202
235k,0.5,22,9,True,13.200157860527618,2.6931988343933315
235k,0.5,22,10,False,13.145778850072103,2.679176261530908
235k,0.5,22,10,True,13.184762300200346,2.6902465651686414
235k,0.5,22,11,False,13.120735604496842,2.6727193308127277
235k,0.5,22,11,True,13.171719669930475,2.6878103375240556
235k,0.5,22,12,False,13.259826254898597,2.7225589129043763
235k,0.5,22,12,True,13.173458227238623,2.6899225125365245
235k,0.5,22,13,False,13.168091739316898,2.6873786023080575
235k,0.5,22,13,True,13.168390794365155,2.688955955446815
235k,0.5,22,14,False,13.170377023043976,2.697624728471236
235k,0.5,22,14,True,13.16578867938621,2.689048334280156
235k,0.5,22,15,False,13.296026270329719,2.717883387551095
235k,0.5,22,15,True,13.168982537553442,2.690407685937359
235k,0.5,23,1,False,21.13502058305641,4.3012758966767315
235k,0.5,23,1,True,21.13502058305641,4.3012758966767315
235k,0.5,23,2,False,21.12083457347122,4.297525473025596
235k,0.5,23,2,True,21.127878183270454,4.2993870807185735
235k,0.5,23,3,False,21.117031218788274,4.2958572903535615
235k,0.5,23,3,True,21.12595951136013,4.298829729817637
235k,0.5,23,4,False,21.10888806398671,4.2934230278573855
235k,0.5,23,4,True,21.12081381969547,4.297176830953725
235k,0.5,23,5,False,21.100261319619147,4.290953121659434
235k,0.5,23,5,True,21.115794331675634,4.295559154748298
235k,0.5,23,6,False,21.091414539689,4.288496867733565
235k,0.5,23,6,True,21.112044398880027,4.294409954308376
235k,0.5,23,7,False,21.085294565507574,4.286633917177709
235k,0.5,23,7,True,21.10832479985465,4.293268485981327
235k,0.5,23,8,False,21.077234432288865,4.28444004246066
235k,0.5,23,8,True,21.103909085078058,4.292005666189402
235k,0.5,23,9,False,21.07413145618779,4.2832798096218525
235k,0.5,23,9,True,21.099521195560385,4.290750279983525
235k,0.5,23,10,False,21.068517128698236,4.281665312962207
235k,0.5,23,10,True,21.095772433929167,4.289707130725728
235k,0.5,23,11,False,21.062693466210117,4.280050789847347
235k,0.5,23,11,True,21.09204919059554,4.288670765033284
235k,0.5,23,12,False,21.06063338025773,4.279225361628184
235k,0.5,23,12,True,21.088146385828647,4.287513048697371
235k,0.5,23,13,False,21.058862336985786,4.278499651016116
235k,0.5,23,13,True,21.08426512370917,4.286360731922412
235k,0.5,23,14,False,21.049275317352908,4.276225343092479
235k,0.5,23,14,True,21.081585471392458,4.28562530016497
235k,0.5,23,15,False,21.04753343566936,4.275557412567267
235k,0.5,23,15,True,21.078933731430393,4.284896978075145
235k,0.5,24,1,False,21.418763690800706,4.382671715843602
235k,0.5,24,1,True,21.418763690800706,4.382671715843602
235k,0.5,24,2,False,21.40716913607441,4.379492265592593
235k,0.5,24,2,True,21.412952842504286,4.381078155787313
235k,0.5,24,3,False,21.396704927773854,4.376567768795582
235k,0.5,24,3,True,21.4073777844579,4.379548682956361
235k,0.5,24,4,False,21.385653666179955,4.373591101369331
235k,0.5,24,4,True,21.40172664998125,4.377977163564297
235k,0.5,24,5,False,21.378610643563647,4.371378495838255
235k,0.5,24,5,True,21.396312342409615,4.376469036905056
235k,0.5,24,6,False,21.36873515242224,4.3687089918351125
235k,0.5,24,6,True,21.39147490601116,4.375159534795022
235k,0.5,24,7,False,21.36150044145418,4.366559679198368
235k,0.5,24,7,True,21.386671647208534,4.373858916749908
235k,0.5,24,8,False,21.355348944010156,4.364659084148605
235k,0.5,24,8,True,21.382194362630305,4.372500423183191
235k,0.5,24,9,False,21.348816875133018,4.36273420473718
235k,0.5,24,9,True,21.377760522325598,4.371153096289471
235k,0.5,24,10,False,21.340782650160605,4.360571353705596
235k,0.5,24,10,True,21.373662604003407,4.370040993065214
235k,0.5,24,11,False,21.333445579805463,4.358577961905866
235k,0.5,24,11,True,21.36958527366029,4.368934391383895
235k,0.5,24,12,False,21.327348801866965,4.356849397414298
235k,0.5,24,12,True,21.365529423760552,4.367743662664883
235k,0.5,24,13,False,21.323150314458523,4.35550676094305
235k,0.5,24,13,True,21.36150044145418,4.366559679198368
235k,0.5,24,14,False,21.3174933784975,4.353930249973305
235k,0.5,24,14,True,21.35840930658707,4.365605241964486
235k,0.5,24,15,False,21.311343002780514,4.352297709314214
235k,0.5,24,15,True,21.355348944010156,4.364659084148605
235k,0.5,25,1,False,21.27312852250912,4.341404175479917
235k,0.5,25,1,True,21.27312852250912,4.341404175479917
235k,0.5,25,2,False,21.268951737887612,4.34011022291594
235k,0.5,25,2,True,21.271033237533068,4.3407555034161724
235k,0.5,25,3,False,21.26446184232172,4.338778553750055
235k,0.5,25,3,True,21.268951737887612,4.34011022291594
235k,0.5,25,4,False,21.259398501304883,4.337363430433997
235k,0.5,25,4,True,21.266686612803156,4.339438984012917
235k,0.5,25,5,False,21.254116898883073,4.335928366477448
235k,0.5,25,5,True,21.26392130767403,4.338632281291294
235k,0.5,25,6,False,21.25134726994152,4.334965132050909
235k,0.5,25,6,True,21.261631833979102,4.337992322974226
235k,0.5,25,7,False,21.24705140928301,4.333746053419947
235k,0.5,25,7,True,21.259346559031894,4.337353464596284
235k,0.5,25,8,False,21.24250858452191,4.332501871553203
235k,0.5,25,8,True,21.25719716046075,4.3367628907321265
235k,0.5,25,9,False,21.23858693374289,4.3313878332987725
235k,0.5,25,9,True,21.255054319058182,4.3361739652436135
235k,0.5,25,10,False,21.23512623673675,4.330379182817081
235k,0.5,25,10,True,21.25293057260408,4.335498268979156
235k,0.5,25,11,False,21.231090326871588,4.3292860437008045
235k,0.5,25,11,True,21.25082245955864,4.334827025156833
235k,0.5,25,12,False,21.228978356280148,4.328559400012865
235k,0.5,25,12,True,21.24882261115186,4.334256090052018
235k,0.5,25,13,False,21.226444541784954,4.327773562618583
235k,0.5,25,13,True,21.246825906109812,4.333686017352111
235k,0.5,25,14,False,21.22305330014073,4.326845440179735
235k,0.5,25,14,True,21.24475726735302,4.333117796578556
235k,0.5,25,15,False,21.219683201637064,4.325936502675832
235k,0.5,25,15,True,21.242694210892907,4.33255109752933
235k,0.5,26,1,False,13.543145124816938,2.7766966636408044
235k,0.5,26,1,True,13.543145124816938,2.7766966636408044
235k,0.5,26,2,False,13.463809178580911,2.7465437295778825
235k,0.5,26,2,True,13.463823011784244,2.7518960450849854
235k,0.5,26,3,False,13.294724331151293,2.694749558360481
235k,0.5,26,3,True,13.403157175093357,2.7278402969781106
235k,0.5,26,4,False,13.451334860843414,2.733877478753812
235k,0.5,26,4,True,13.39974231134816,2.7259758650981594
235k,0.5,26,5,False,13.398100554110341,2.731526343033822
235k,0.5,26,5,True,13.390151356883662,2.7226900787483665
235k,0.5,26,6,False,13.425200590605622,2.753468747385603
235k,0.5,26,6,True,13.386935575852247,2.7262358066587047
235k,0.5,26,7,False,13.445878089512702,2.757970896912168
235k,0.5,26,7,True,13.39575589117263,2.7320224335833756
235k,0.5,26,8,False,13.347134385850918,2.7172625816306355
235k,0.5,26,8,True,13.37405922264872,2.7262909536861106
235k,0.5,26,9,False,13.4086338993694,2.7378140865157614
235k,0.5,26,9,True,13.372636215904695,2.726896850703988
235k,0.5,26,10,False,13.357734401467031,2.731619381004162
235k,0.5,26,10,True,13.36693381552285,2.727412224754081
235k,0.5,26,11,False,13.297970796624016,2.7061164677265848
235k,0.5,26,11,True,13.356117572242237,2.7245597953542346
235k,0.5,26,12,False,13.279137942451417,2.703430613611073
235k,0.5,26,12,True,13.347559750724118,2.7221621221783634
235k,0.5,26,13,False,13.304153654928278,2.7129306804540385
235k,0.5,26,13,True,13.342052867173152,2.720777534568237
235k,0.5,26,14,False,13.368735558990638,2.740882533380972
235k,0.5,26,14,True,13.343502435932743,2.722306269147852
235k,0.5,26,15,False,13.311072999221954,2.720910355042341
235k,0.5,26,15,True,13.34153391234821,2.722583284264772
235k,0.5,27,1,False,13.212973855638152,2.692999070101338
235k,0.5,27,1,True,13.212973855638152,2.692999070101338
235k,0.5,27,2,False,13.29947349766469,2.727988817516333
235k,0.5,27,2,True,13.242244715452083,2.707286831257296
235k,0.5,27,3,False,13.247429734240963,2.7137363407252524
235k,0.5,27,3,True,13.254499598613773,2.7139862903895513
235k,0.5,27,4,False,13.302554142119469,2.720994547463689
235k,0.5,27,4,True,13.25888208616768,2.715313672126718
235k,0.5,27,5,False,13.33495784732092,2.7418224879373208
235k,0.5,27,5,True,13.274885677207509,2.720778395871587
235k,0.5,27,6,False,13.214856409424403,2.7041791580557493
235k,0.5,27,6,True,13.257504290709809,2.7166767506899916
235k,0.5,27,7,False,13.253375972097487,2.7164062007205656
235k,0.5,27,7,True,13.250489259635332,2.715537722697446
235k,0.5,27,8,False,13.265435966640316,2.720263551129266
235k,0.5,27,8,True,13.246312644381632,2.7157528842903353
235k,0.5,27,9,False,13.188575550373292,2.6909392451330416
235k,0.5,27,9,True,13.239503537477791,2.7130172523494247
235k,0.5,27,10,False,13.210945893781215,2.698607310985136
235k,0.5,27,10,True,13.23355083611195,2.7115187989593794
235k,0.5,27,11,False,13.249229191840925,2.715080632439867
235k,0.5,27,11,True,13.231669728379826,2.7110438140426
235k,0.5,27,12,False,13.198902793377792,2.688714180249162
235k,0.5,27,12,True,13.223557933434073,2.708361823707738
235k,0.5,27,13,False,13.155719891103528,2.677596618470863
235k,0.5,27,13,True,13.216647581827385,2.7058284422268217
235k,0.5,27,14,False,13.234217082840669,2.7086759419208657
235k,0.5,27,14,True,13.21306229305068,2.705121724657
235k,0.5,27,15,False,13.223883741332495,2.7016342264274695
235k,0.5,27,15,True,13.210596023542903,2.704119223557729
235k,0.5,28,1,False,21.0372078185725,4.272987941634792
235k,0.5,28,1,True,21.0372078185725,4.272987941634792
235k,0.5,28,2,False,21.02024751307175,4.268591077063429
235k,0.5,28,2,True,21.02864105726379,4.270763906831293
235k,0.5,28,3,False,21.0195364328264,4.267492720844137
235k,0.5,28,3,True,21.029448476862996,4.270910420505483
235k,0.5,28,4,False,21.008589100772838,4.264481063324412
235k,0.5,28,4,True,21.022280820980455,4.268647641478507
235k,0.5,28,5,False,21.00424118505364,4.262885345734032
235k,0.5,28,5,True,21.01529635097658,4.266433646943924
235k,0.5,28,6,False,20.994465931108753,4.260272697467155
235k,0.5,28,6,True,21.01275886656351,4.26567675900179
235k,0.5,28,7,False,20.987111810533687,4.258218946040185
235k,0.5,28,7,True,21.009268924114437,4.264657016236172
235k,0.5,28,8,False,20.983184720257967,4.256910639286634
235k,0.5,28,8,True,21.00466315490098,4.263217134296001
235k,0.5,28,9,False,20.980208122960086,4.255847783942621
235k,0.5,28,9,True,21.00009675401421,4.261787199631213
235k,0.5,28,10,False,20.974494162726693,4.254276654105715
235k,0.5,28,10,True,20.99749679910863,4.26108613148912
235k,0.5,28,11,False,20.970078219693594,4.253009389927161
235k,0.5,28,11,True,20.994936749366016,4.260395763586255
235k,0.5,28,12,False,20.968516899549027,4.25235926849226
235k,0.5,28,12,True,20.992585084393806,4.259719007692147
235k,0.5,28,13,False,20.966864052405707,4.25172545154763
235k,0.5,28,13,True,20.99026157260757,4.25904986910288
235k,0.5,28,14,False,20.961850925865498,4.250433506349363
235k,0.5,28,14,True,20.987122923134315,4.258090682816866
235k,0.5,28,15,False,20.957792133830544,4.249367237511394
235k,0.5,28,15,True,20.983834170503634,4.257089091011659
235k,0.5,29,1,False,13.233454536545313,2.692350914851794
235k,0.5,29,1,True,13.233454536545313,2.692350914851794
235k,0.5,29,2,False,13.228827796909139,2.6956798272811024
235k,0.5,29,2,True,13.217313571987113,2.6919513610897834
235k,0.5,29,3,False,13.363596070097962,2.721500921645773
235k,0.5,29,3,True,13.24133449478434,2.696495530616253
235k,0.5,29,4,False,13.326641318378119,2.741615438307963
235k,0.5,29,4,True,13.2458015970588,2.705611711380588
235k,0.5,29,5,False,13.259271326365672,2.7032940210215344
235k,0.5,29,5,True,13.23829505059205,2.701189968549977
235k,0.5,29,6,False,13.24402514252162,2.6814018428756126
235k,0.5,29,6,True,13.232701975803602,2.6961529802137423
235k,0.5,29,7,False,13.238834692818834,2.6976930550677305
235k,0.5,29,7,True,13.229600999677032,2.6957279977631865
235k,0.5,29,8,False,13.242277566367378,2.7116475385276875
235k,0.5,29,8,True,13.223150655956426,2.6972093880883246
235k,0.5,29,9,False,13.323800501211233,2.7098431887439443
235k,0.5,29,9,True,13.234330621229303,2.6990064430276886
235k,0.5,29,10,False,13.317985056122993,2.734477696126176
235k,0.5,29,10,True,13.238140852423726,2.7010524699399565
235k,0.5,29,11,False,13.154154267790712,2.680575241925946
235k,0.5,29,11,True,13.224765449283122,2.698338007825975
235k,0.5,29,12,False,13.191230875902844,2.6996732454008567
235k,0.5,29,12,True,13.217561122662428,2.6985191200413867
235k,0.5,29,13,False,13.105906101395927,2.6731567020899325
235k,0.5,29,13,True,13.205507942074629,2.6960750136552494
235k,0.5,29,14,False,13.202806065045348,2.7012886730445405
235k,0.5,29,14,True,13.20156813212493,2.696260084187303
235k,0.5,29,15,False,13.256754894890225,2.709252945249819
235k,0.5,29,15,True,13.204654563246507,2.6969602389649205
235k,0.5,30,1,False,13.415848092105318,2.742887334685769
235k,0.5,30,1,True,13.415848092105318,2.742887334685769
235k,0.5,30,2,False,13.265359710401299,2.684911216928919
235k,0.5,30,2,True,13.274231379351376,2.6982860181351715
235k,0.5,30,3,False,13.318753274657091,2.7314790943140617
235k,0.5,30,3,True,13.319299916857924,2.721309693199581
235k,0.5,30,4,False,13.317377158326815,2.719896072884431
235k,0.5,30,4,True,13.293892746087515,2.7141355205802737
235k,0.5,30,5,False,13.384580418724774,2.7406812814809545
235k,0.5,30,5,True,13.3056249673141,2.7185481250766204
235k,0.5,30,6,False,13.358130586801451,2.7468471391143265
235k,0.5,30,6,True,13.304747702190323,2.7211090337302504
235k,0.5,30,7,False,13.27886672471284,2.682911255340166
235k,0.5,30,7,True,13.293583405812443,2.7146455498137803
235k,0.5,30,8,False,13.35419898043271,2.7049486905249585
235k,0.5,30,8,True,13.28797394654344,2.7104190290935697
235k,0.5,30,9,False,13.229595535912614,2.6913534272229236
235k,0.5,30,9,True,13.278255752024595,2.7074952529245455
235k,0.5,30,10,False,13.295768562249616,2.7195937039267593
235k,0.5,30,10,True,13.276082193006078,2.7080167609853025
235k,0.5,30,11,False,13.187278976164112,2.6929235446956272
235k,0.5,30,11,True,13.262436081996487,2.7048309104665944
235k,0.5,30,12,False,13.330589766472018,2.720163289839111
235k,0.5,30,12,True,13.266003862898904,2.7065131855432107
235k,0.5,30,13,False,13.160348278699505,2.6837503811349293
235k,0.5,30,13,True,13.251521338490653,2.7034290608760605
235k,0.5,30,14,False,13.263893513165186,2.699536432321473
235k,0.5,30,14,True,13.245268947807384,2.701687355466996
235k,0.5,30,15,False,13.231357867507398,2.710623400197199
235k,0.5,30,15,True,13.238394079941354,2.7012543841094447
235k,0.5,31,1,False,13.253300218122508,2.7033651305019615
235k,0.5,31,1,True,13.253300218122508,2.7033651305019615
235k,0.5,31,2,False,13.323393898096882,2.731806716832668
235k,0.5,31,2,True,13.27632702031063,2.715503658606117
235k,0.5,31,3,False,13.339314752528965,2.7194725157820616
235k,0.5,31,3,True,13.277992977342826,2.712944684516743
235k,0.5,31,4,False,13.24048481028732,2.691360250474674
235k,0.5,31,4,True,13.2563110719503,2.705694775670043
235k,0.5,31,5,False,13.258520236484422,2.7062085765679083
235k,0.5,31,5,True,13.25225280830275,2.705201033689981
235k,0.5,31,6,False,13.224688689303473,2.686147279412749
235k,0.5,31,6,True,13.233270829607505,2.698884777983254
235k,0.5,31,7,False,13.223078520197651,2.701970286792059
235k,0.5,31,7,True,13.225607298678996,2.698487672396989
235k,0.5,31,8,False,13.290699126006484,2.695696793289336
235k,0.5,31,8,True,13.225982456732678,2.6971334886246687
235k,0.5,31,9,False,13.203269675439664,2.6921440950101068
235k,0.5,31,9,True,13.221177967175167,2.6963254092776356
235k,0.5,31,10,False,13.36340922054839,2.734870456660184
235k,0.5,31,10,True,13.226840273669314,2.6983527344464013
235k,0.5,31,11,False,13.226026504099586,2.6915313572316615
235k,0.5,31,11,True,13.223266411564246,2.6970579661958003
235k,0.5,31,12,False,13.212735880276577,2.6823703867278295
235k,0.5,31,12,True,13.219623815801151,2.694881349300907
235k,0.5,31,13,False,13.244155166412225,2.6961807477239472
235k,0.5,31,13,True,13.220832856374216,2.694599369514759
235k,0.5,31,14,False,13.224210057769442,2.6871343171107376
235k,0.5,31,14,True,13.217298719575533,2.6932255970940426
235k,0.5,31,15,False,13.318028236436614,2.708693690932929
235k,0.5,31,15,True,13.22077088725199,2.694021855440715
235k,0.5,32,1,False,13.293195983333364,2.6970220988989815
235k,0.5,32,1,True,13.293195983333364,2.6970220988989815
235k,0.5,32,2,False,13.465197992167406,2.7517696611395177
235k,0.5,32,2,True,13.342102556675211,2.715335962906914
235k,0.5,32,3,False,13.385203564962833,2.752524185061729
235k,0.5,32,3,True,13.36099742437677,2.7306115800830084
235k,0.5,32,4,False,13.32037522419661,2.731748901608575
235k,0.5,32,4,True,13.3265917845586,2.7275979395902823
235k,0.5,32,5,False,13.460682563319027,2.7550750281493253
235k,0.5,32,5,True,13.354841687664592,2.7342266743139514
235k,0.5,32,6,False,13.2457914464477,2.7008387167528576
235k,0.5,32,6,True,13.325510801799396,2.728386431898791
235k,0.5,32,7,False,13.296193444355918,2.723536672689411
235k,0.5,32,7,True,13.317446674694523,2.7279461187428593
235k,0.5,32,8,False,13.276474298202265,2.719136183387004
235k,0.5,32,8,True,13.305469440468968,2.725282007065331
235k,0.5,32,9,False,13.242525795426761,2.7101548985874864
235k,0.5,32,9,True,13.293788740565454,2.7219494056624236
235k,0.5,32,10,False,13.315397565520298,2.7119341607829575
235k,0.5,32,10,True,13.288190145831281,2.719672815915404
235k,0.5,32,11,False,13.242795735342732,2.707275217967327
235k,0.5,32,11,True,13.27859496994512,2.7172561692915496
235k,0.5,32,12,False,13.259198920249503,2.710201366741223
235k,0.5,32,12,True,13.270991334624027,2.7157671656320175
235k,0.5,32,13,False,13.255943535176455,2.7014755699168225
235k,0.5,32,13,True,13.263259982191766,2.7135804162258887
235k,0.5,32,14,False,13.231189745005151,2.7048916933195932
235k,0.5,32,14,True,13.255509203727405,2.7118651436148884
235k,0.5,32,15,False,13.352464994588185,2.7145705995247664
235k,0.5,32,15,True,13.254595180238338,2.7111938561503517
235k,0.5,33,1,False,21.0972711491694,4.289844841607439
235k,0.5,33,1,True,21.0972711491694,4.289844841607439
235k,0.5,33,2,False,21.091496504281405,4.288325842043367
235k,0.5,33,2,True,21.094377391624807,4.289083375902616
235k,0.5,33,3,False,21.090543055480957,4.287765991044876
235k,0.5,33,3,True,21.0940523717435,4.288970171423524
235k,0.5,33,4,False,21.087602733305598,4.286831723443526
235k,0.5,33,4,True,21.09197232774666,4.288288188994139
235k,0.5,33,5,False,21.08152677840007,4.285293875402684
235k,0.5,33,5,True,21.088481568932927,4.287226602034418
235k,0.5,33,6,False,21.07795809613356,4.284265387747095
235k,0.5,33,6,True,21.08675985749838,4.286708796358176
235k,0.5,33,7,False,21.07427454842793,4.283231014190991
235k,0.5,33,7,True,21.084938963596674,4.2861638706829535
235k,0.5,33,8,False,21.072068246528385,4.2825004621466585
235k,0.5,33,8,True,21.083233284260583,4.285717702106213
235k,0.5,33,9,False,21.06958497680976,4.281730538074606
235k,0.5,33,9,True,21.081539302280238,4.285274683928726
235k,0.5,33,10,False,21.066150274268434,4.280786917714382
235k,0.5,33,10,True,21.080191326726585,4.284885736348732
235k,0.5,33,11,False,21.06503951175461,4.2803146282895375
235k,0.5,33,11,True,21.078848609667784,4.284498297245235
235k,0.5,33,12,False,21.06197262122421,4.279469249061038
235k,0.5,33,12,True,21.077430481537792,4.284088301893112
235k,0.5,33,13,False,21.0584310452193,4.278543882936
235k,0.5,33,13,True,21.076018230743784,4.283679985014771
235k,0.5,33,14,False,21.057935062605257,4.278230051498882
235k,0.5,33,14,True,21.074202791403163,4.2831336873337875
235k,0.5,33,15,False,21.054870472935843,4.277422044209008
235k,0.5,33,15,True,21.07239076016125,4.2825883445378725
235k,0.5,34,1,False,20.873907181635857,4.224201400102604
235k,0.5,34,1,True,20.873907181635857,4.224201400102604
235k,0.5,34,2,False,20.874128665461473,4.223949566546501
235k,0.5,34,2,True,20.87399914381453,4.224070114066503
235k,0.5,34,3,False,20.864816429379513,4.221736963595918
235k,0.5,34,3,True,20.87081698343805,4.223204266279423
235k,0.5,34,4,False,20.8676783000051,4.222058541453249
235k,0.5,34,4,True,20.871224699013514,4.223271913350201
235k,0.5,34,5,False,20.863518608509853,4.220946132400161
235k,0.5,34,5,True,20.86940607221788,4.222758741521535
235k,0.5,34,6,False,20.860925683170844,4.220177257430644
235k,0.5,34,6,True,20.866996119956877,4.2220273640386825
235k,0.5,34,7,False,20.85337003102203,4.218413283077481
235k,0.5,34,7,True,20.86461267571504,4.22130317338313
235k,0.5,34,8,False,20.859417441610237,4.219453133034998
235k,0.5,34,8,True,20.864562160128976,4.22126607895134
235k,0.5,34,9,False,20.860891950195793,4.219588252296779
235k,0.5,34,9,True,20.86448723371367,4.221213592147793
235k,0.5,34,10,False,20.853316371805853,4.217826369439319
235k,0.5,34,10,True,20.863674886112452,4.220974063351456
235k,0.5,34,11,False,20.852725265549747,4.217546871915882
235k,0.5,34,11,True,20.862866405346683,4.22073539210894
235k,0.5,34,12,False,20.852810200710856,4.217422102428166
235k,0.5,34,12,True,20.86253323959447,4.22062100505293
235k,0.5,34,13,False,20.851028648976076,4.2169180806039135
235k,0.5,34,13,True,20.861837396352477,4.220406452573743
235k,0.5,34,14,False,20.84963187017834,4.21650643149442
235k,0.5,34,14,True,20.859344196655325,4.2196059457435515
235k,0.5,34,15,False,20.847786431132505,4.216010944450348
235k,0.5,34,15,True,20.85681869088713,4.218800593569318
235k,0.5,35,1,False,21.110243814778055,4.293627929367913
235k,0.5,35,1,True,21.110243814778055,4.293627929367913
235k,0.5,35,2,False,21.09798633821101,4.290573398887283
235k,0.5,35,2,True,21.10404723869309,4.2920812055053865
235k,0.5,35,3,False,21.09808367911409,4.289994199134135
235k,0.5,35,3,True,21.106361353780365,4.292649455865452
235k,0.5,35,4,False,21.089551332888167,4.287730992542756
235k,0.5,35,4,True,21.099761812007824,4.290704395660527
235k,0.5,35,5,False,21.084437007545862,4.286185102395137
235k,0.5,35,5,True,21.09321826011928,4.288772847751753
235k,0.5,35,6,False,21.0771019187116,4.284229419862125
235k,0.5,35,6,True,21.091293313795468,4.288215779410675
235k,0.5,35,7,False,21.07486469524709,4.283319859886733
235k,0.5,35,7,True,21.089412366019804,4.28767060899447
235k,0.5,35,8,False,21.069561949993428,4.281827204751586
235k,0.5,35,8,True,21.0869990778028,4.286955037523854
235k,0.5,35,9,False,21.063193009067216,4.280149490813389
235k,0.5,35,9,True,21.08408975763308,4.2861024915177355
235k,0.5,35,10,False,21.064225248273942,4.2799823181838486
235k,0.5,35,10,True,21.081767220087244,4.285469447774389
235k,0.5,35,11,False,21.0569912717612,4.278173567197624
235k,0.5,35,11,True,21.079461169716847,4.284841348520418
235k,0.5,35,12,False,21.055071849522804,4.277461113558799
235k,0.5,35,12,True,21.076495829477288,4.2839108280335125
235k,0.5,35,13,False,21.048994543695,4.275936837424593
235k,0.5,35,13,True,21.0735484922858,4.282984964665159
235k,0.5,35,14,False,21.045104441004913,4.274872927286554
235k,0.5,35,14,True,21.07121000738098,4.282319120996512
235k,0.5,35,15,False,21.044592879408185,4.274501076463474
235k,0.5,35,15,True,21.069539901783173,4.281836566623921
235k,0.5,36,1,False,20.942800670740596,4.2448694518647025
235k,0.5,36,1,True,20.942800670740596,4.2448694518647025
235k,0.5,36,2,False,20.941214773806763,4.2439291121593214
235k,0.5,36,2,True,20.941950013237392,4.244382727042265
235k,0.5,36,3,False,20.92675760535407,4.240382870541025
235k,0.5,36,3,True,20.933808808127516,4.2420568572059745
235k,0.5,36,4,False,20.929954800617438,4.24053991676715
235k,0.5,36,4,True,20.936813621467692,4.242872355370664
235k,0.5,36,5,False,20.920102539606045,4.238047270730977
235k,0.5,36,5,True,20.932652669798077,4.241753854991559
235k,0.5,36,6,False,20.919398532018697,4.237495778589151
235k,0.5,36,6,True,20.929927382139198,4.24085384562742
235k,0.5,36,7,False,20.92166763237226,4.237623331161345
235k,0.5,36,7,True,20.927599526544,4.24001140930017
235k,0.5,36,8,False,20.905514138838505,4.233924703837759
235k,0.5,36,8,True,20.92423251729428,4.239107668746577
235k,0.5,36,9,False,20.90769902613114,4.2340606965827625
235k,0.5,36,9,True,20.9241550324534,4.2390697789734375
235k,0.5,36,10,False,20.903766790717203,4.232975489624496
235k,0.5,36,10,True,20.91983544682723,4.237757945945915
235k,0.5,36,11,False,20.900784232256115,4.2321133904855905
235k,0.5,36,11,True,20.91553738733421,4.236452062934853
235k,0.5,36,12,False,20.903045306032393,4.232365448471206
235k,0.5,36,12,True,20.91508264804858,4.2362786502802265
235k,0.5,36,13,False,20.89662716056315,4.230826783246685
235k,0.5,36,13,True,20.912676868345837,4.235573334437585
235k,0.5,36,14,False,20.89709046883303,4.230743101507385
235k,0.5,36,14,True,20.91109526956637,4.235106330205939
235k,0.5,36,15,False,20.892260555418435,4.229578673292468
235k,0.5,36,15,True,20.907589839908713,4.234114608478094
235k,0.5,37,1,False,13.24305264423982,2.6793709656935394
235k,0.5,37,1,True,13.24305264423982,2.6793709656935394
235k,0.5,37,2,False,13.232234483750874,2.699809074172636
235k,0.5,37,2,True,13.207402274673658,2.683595414371433
235k,0.5,37,3,False,13.175103308755231,2.684981709987875
235k,0.5,37,3,True,13.172046681942499,2.678910723389506
235k,0.5,37,4,False,13.070796024169884,2.6545164196083286
235k,0.5,37,4,True,13.1302007981606,2.671255983190596
235k,0.5,37,5,False,13.222031806842024,2.7037602489777246
235k,0.5,37,5,True,13.13900796861976,2.677471788242242
235k,0.5,37,6,False,13.228110712209315,2.6801923722576415
235k,0.5,37,6,True,13.135147194423283,2.6730141665088327
235k,0.5,37,7,False,13.288111216807268,2.683572304443193
235k,0.5,37,7,True,13.146587873627695,2.674612533013921
235k,0.5,37,8,False,13.19342697887106,2.683152581260009
235k,0.5,37,8,True,13.149403944916687,2.6744838697232938
235k,0.5,37,9,False,13.145236167156023,2.677509853987332
235k,0.5,37,9,True,13.144675711628244,2.6740587720113975
235k,0.5,37,10,False,13.235469834487885,2.713694820922413
235k,0.5,37,10,True,13.141454275003571,2.6760432746910534
235k,0.5,37,11,False,13.122138280551976,2.6543506271867314
235k,0.5,37,11,True,13.138200211516446,2.673516745188111
235k,0.5,37,12,False,13.194647445732075,2.687092658087129
235k,0.5,37,12,True,13.139505207651862,2.6744709034013625
235k,0.5,37,13,False,13.219407851145203,2.703346954476548
235k,0.5,37,13,True,13.141665210218129,2.675550687230108
235k,0.5,37,14,False,13.167976638984825,2.6890651674308876
235k,0.5,37,14,True,13.142836389787606,2.6773109797197283
235k,0.5,37,15,False,13.302693388530647,2.7047041998923693
235k,0.5,37,15,True,13.149971800811207,2.6795459181466543
235k,0.5,38,1,False,20.84482586533118,4.215195430726038
235k,0.5,38,1,True,20.84482586533118,4.215195430726038
235k,0.5,38,2,False,20.841903074479642,4.214369830153506
235k,0.5,38,2,True,20.84336203771968,4.2147818974486935
235k,0.5,38,3,False,20.837992169104336,4.213350614793222
235k,0.5,38,3,True,20.841903074479642,4.214369830153506
235k,0.5,38,4,False,20.84455404887926,4.214548274749347
235k,0.5,38,4,True,20.842580010771897,4.214524459629724
235k,0.5,38,5,False,20.838064544547326,4.212990937444887
235k,0.5,38,5,True,20.842690042840363,4.2145239770547205
235k,0.5,38,6,False,20.8378832641091,4.212786028032339
235k,0.5,38,6,True,20.840655471471454,4.213833471743008
235k,0.5,38,7,False,20.83988925669304,4.213061842461175
235k,0.5,38,7,True,20.838635387685347,4.213147250469419
235k,0.5,38,8,False,20.83505271832462,4.211884694222296
235k,0.5,38,8,True,20.838419644267148,4.21303702421821
235k,0.5,38,9,False,20.831073395529817,4.21090906781491
235k,0.5,38,9,True,20.837699005665353,4.2128385254473395
235k,0.5,38,10,False,20.83054864255899,4.21067055941899
235k,0.5,38,10,True,20.836944587523316,4.21260533409985
235k,0.5,38,11,False,20.830296488852294,4.21049926107263
235k,0.5,38,11,True,20.83618007402222,4.212368485211295
235k,0.5,38,12,False,20.82962598067183,4.210249545963705
235k,0.5,38,12,True,20.834646565525357,4.211888047078766
235k,0.5,38,13,False,20.829998958740326,4.210229337073069
235k,0.5,38,13,True,20.83415266346768,4.2116925119014
235k,0.5,38,14,False,20.827772531588884,4.209666084654709
235k,0.5,38,14,True,20.833413527526105,4.211474960097169
235k,0.5,38,15,False,20.828471998714985,4.209729508649839
235k,0.5,38,15,True,20.83371236365286,4.211541858963297
235k,0.5,39,1,False,13.362762358439433,2.7501597825694115
235k,0.5,39,1,True,13.362762358439433,2.7501597825694115
235k,0.5,39,2,False,13.207227000091782,2.6901172149378714
235k,0.5,39,2,True,13.253167536020438,2.713064553800801
235k,0.5,39,3,False,13.217479130262737,2.704219252860432
235k,0.5,39,3,True,13.227031744322659,2.703847105244303
235k,0.5,39,4,False,13.330915548031486,2.7365002928357978
235k,0.5,39,4,True,13.246520492985113,2.712383875895037
235k,0.5,39,5,False,13.192821181431185,2.690353853166584
235k,0.5,39,5,True,13.218009526752903,2.701975861201282
235k,0.5,39,6,False,13.234099884418969,2.6844407911907666
235k,0.5,39,6,True,13.198601820020489,2.6950442181922014
235k,0.5,39,7,False,13.252327643056178,2.71899931779452
235k,0.5,39,7,True,13.206097846842441,2.6992302140188658
235k,0.5,39,8,False,13.269068866658145,2.708962579815727
235k,0.5,39,8,True,13.20468315147029,2.6979219808726786
235k,0.5,39,9,False,13.233236026848074,2.70857512092631
235k,0.5,39,9,True,13.20576074262304,2.6990736557403388
235k,0.5,39,10,False,13.334451268473686,2.742873952388165
235k,0.5,39,10,True,13.21847711427335,2.7047776435175592
235k,0.5,39,11,False,13.166131400345634,2.6889400805504913
235k,0.5,39,11,True,13.21119622872036,2.7027794096604265
235k,0.5,39,12,False,13.258416665673666,2.7138782723859167
235k,0.5,39,12,True,13.21467267866985,2.7041301623469853
235k,0.5,39,13,False,13.19306728165608,2.7002817891277395
235k,0.5,39,13,True,13.209083480462697,2.70306389934301
235k,0.5,39,14,False,13.232332269616876,2.703998102194384
235k,0.5,39,14,True,13.208542669861334,2.7030334460993926
235k,0.5,39,15,False,13.176211550039826,2.6984443273821985
235k,0.5,39,15,True,13.204753678595607,2.702605078167104
235k,0.5,40,1,False,21.43354816930792,4.386521382109539
235k,0.5,40,1,True,21.43354816930792,4.386521382109539
235k,0.5,40,2,False,21.406095990783232,4.379052045289667
235k,0.5,40,2,True,21.41974179485843,4.38276464927729
235k,0.5,40,3,False,21.384093405800126,4.372818497994505
235k,0.5,40,3,True,21.407123779942687,4.379330834079507
235k,0.5,40,4,False,21.36346241280672,4.3670517264634885
235k,0.5,40,4,True,21.395548593718914,4.376058976386064
235k,0.5,40,5,False,21.34718533875719,4.362279204052953
235k,0.5,40,5,True,21.384093405800126,4.372818497994505
235k,0.5,40,6,False,21.329680807613062,4.357441029338968
235k,0.5,40,6,True,21.37372056679381,4.369920415739655
235k,0.5,40,7,False,21.31655391638136,4.353581040010204
235k,0.5,40,7,True,21.36346241280672,4.3670517264634885
235k,0.5,40,8,False,21.308748572818693,4.350893037375687
235k,0.5,40,8,True,21.35526310793087,4.3646502322865945
235k,0.5,40,9,False,21.29045840638291,4.346265566924194
235k,0.5,40,9,True,21.34718533875719,4.362279204052953
235k,0.5,40,10,False,21.28431818402812,4.344101566435364
235k,0.5,40,10,True,21.33838717047777,4.359848087997663
235k,0.5,40,11,False,21.27504708184362,4.341423907336653
235k,0.5,40,11,True,21.329680807613062,4.357441029338968
235k,0.5,40,12,False,21.266086991638762,4.338888823022104
235k,0.5,40,12,True,21.323793621136193,4.355684666123618
235k,0.5,40,13,False,21.258005313224565,4.336597822414563
235k,0.5,40,13,True,21.31798234364117,4.35394692084091
235k,0.5,40,14,False,21.25288011869862,4.334957582891974
235k,0.5,40,14,True,21.309560984451267,4.351492911078843
235k,0.5,40,15,False,21.2432417434552,4.332483664816652
235k,0.5,40,15,True,21.301202475794817,4.34905278178357
235k,0.5,41,1,False,20.960693714661204,4.2498131744916
235k,0.5,41,1,True,20.960693714661204,4.2498131744916
235k,0.5,41,2,False,20.95775634487503,4.249010553731029
235k,0.5,41,2,True,20.959223103329787,4.249411369525126
235k,0.5,41,3,False,20.958259480036055,4.248901014990315
235k,0.5,41,3,True,20.959190900574516,4.249365245744893
235k,0.5,41,4,False,20.957038667084163,4.248456224136556
235k,0.5,41,4,True,20.958656413370242,4.249117727408133
235k,0.5,41,5,False,20.953842543237972,4.247620955140731
235k,0.5,41,5,True,20.957901767797058,4.248809799375169
235k,0.5,41,6,False,20.95287639858045,4.247242493578512
235k,0.5,41,6,True,20.95662308189558,4.24842379371195
235k,0.5,41,7,False,20.951322252496823,4.24675417696853
235k,0.5,41,7,True,20.95534674625989,4.248038343582072
235k,0.5,41,8,False,20.947595625567914,4.245838371875196
235k,0.5,41,8,True,20.95448628779046,4.247794529471455
235k,0.5,41,9,False,20.946312268366288,4.245419782329935
235k,0.5,41,9,True,20.95368237092101,4.247566062782938
235k,0.5,41,10,False,20.945992670900846,4.245202225798733
235k,0.5,41,10,True,20.952790912056756,4.247280008928587
235k,0.5,41,11,False,20.94349553283521,4.244555401632305
235k,0.5,41,11,True,20.951753561407347,4.246953693139929
235k,0.5,41,12,False,20.942617992211296,4.244240186498432
235k,0.5,41,12,True,20.950923919999745,4.246696562473177
235k,0.5,41,13,False,20.94201981909023,4.243989296124744
235k,0.5,41,13,True,20.950096240599013,4.246440078298234
235k,0.5,41,14,False,20.94103305491221,4.243666691003852
235k,0.5,41,14,True,20.94970241180187,4.246360121174013
235k,0.5,41,15,False,20.94029828108723,4.243401923082181
235k,0.5,41,15,True,20.94931385634361,4.246281704469593
235k,0.5,42,1,False,13.43243930324116,2.730688555096943
235k,0.5,42,1,True,13.43243930324116,2.730688555096943
235k,0.5,42,2,False,13.59359902647424,2.8062501178790016
235k,0.5,42,2,True,13.441087056476336,2.749966362058328
235k,0.5,42,3,False,13.360565094442208,2.724487629194776
235k,0.5,42,3,True,13.393606941503624,2.7328944641781474
235k,0.5,42,4,False,13.435746635260706,2.7312206795418437
235k,0.5,42,4,True,13.373998127466042,2.7275219880792614
235k,0.5,42,5,False,13.445208552356586,2.7268714403107293
235k,0.5,42,5,True,13.367710689426751,2.7237424382092326
235k,0.5,42,6,False,13.442745748731555,2.7506809797136507
235k,0.5,42,6,True,13.36711370893824,2.724285438148903
235k,0.5,42,7,False,13.431049815434491,2.7556089854123953
235k,0.5,42,7,True,13.371167161598438,2.7262775215685693
235k,0.5,42,8,False,13.444537913993758,2.7552729402155216
235k,0.5,42,8,True,13.38135582603578,2.7316305016697644
235k,0.5,42,9,False,13.372152750317357,2.7160341027398376
235k,0.5,42,9,True,13.37233032356157,2.7263933784560934
235k,0.5,42,10,False,13.323589664373724,2.7108816956515236
235k,0.5,42,10,True,13.36394455158953,2.723444030701982
235k,0.5,42,11,False,13.37502203826593,2.730519302570604
235k,0.5,42,11,True,13.364286410358122,2.724187819086904
235k,0.5,42,12,False,13.294943266430776,2.7102041626926785
235k,0.5,42,12,True,13.355218991015102,2.722862113267706
235k,0.5,42,13,False,13.356690435336553,2.73061127552345
235k,0.5,42,13,True,13.35395397332907,2.7240665686400605
235k,0.5,42,14,False,13.350235775878843,2.7218147179578827
235k,0.5,42,14,True,13.352076058078598,2.7240873744422887
235k,0.5,42,15,False,13.311845972148515,2.7204490438047504
235k,0.5,42,15,True,13.349419506759387,2.724277113449456
235k,0.5,43,1,False,13.340872266963949,2.720036693460117
235k,0.5,43,1,True,13.340872266963949,2.720036693460117
235k,0.5,43,2,False,13.295747364578157,2.7149737539426715
235k,0.5,43,2,True,13.305802528978758,2.715054823530213
235k,0.5,43,3,False,13.23840584491609,2.6999703665191594
235k,0.5,43,3,True,13.272443608576234,2.70936379741189
235k,0.5,43,4,False,13.261121509319812,2.707646524204174
235k,0.5,43,4,True,13.265058488849142,2.707914877162532
235k,0.5,43,5,False,13.337575502671623,2.7363928150305306
235k,0.5,43,5,True,13.270606169586353,2.710974392415263
235k,0.5,43,6,False,13.215833573626085,2.6925531432812053
235k,0.5,43,6,True,13.25565681424153,2.7070942314927877
235k,0.5,43,7,False,13.356543207783039,2.733912462847099
235k,0.5,43,7,True,13.26155766850507,2.709868560318162
235k,0.5,43,8,False,13.269662282640919,2.7203109063525863
235k,0.5,43,8,True,13.259747753620069,2.710414058706583
235k,0.5,43,9,False,13.238068027726127,2.696712860830468
235k,0.5,43,9,True,13.255431926714925,2.708752452247492
235k,0.5,43,10,False,13.24636357697436,2.6985509114965676
235k,0.5,43,10,True,13.250265060273541,2.706919665458044
235k,0.5,43,11,False,13.254574165738806,2.7075060675954763
235k,0.5,43,11,True,13.249193028168557,2.7065972114239507
235k,0.5,43,12,False,13.284182096419249,2.731276718747989
235k,0.5,43,12,True,13.249998817511571,2.7079187417789576
235k,0.5,43,13,False,13.175874721007842,2.6845089643862003
235k,0.5,43,13,True,13.241594806273529,2.7055777948417807
235k,0.5,43,14,False,13.221602711453968,2.698457813125167
235k,0.5,43,14,True,13.237653056308545,2.7044551936227887
235k,0.5,43,15,False,13.210159553098027,2.6973590915732713
235k,0.5,43,15,True,13.234136909412285,2.703424871486767
235k,0.5,44,1,False,20.845868495497374,4.215002763938432
235k,0.5,44,1,True,20.845868495497374,4.215002763938432
235k,0.5,44,2,False,20.8408746992295,4.21384026176655
235k,0.5,44,2,True,20.843349446611892,4.214414761608562
235k,0.5,44,3,False,20.839721400982675,4.213492922115781
235k,0.5,44,3,True,20.840140412305406,4.21359941828746
235k,0.5,44,4,False,20.840823602876156,4.213623275360296
235k,0.5,44,4,True,20.841215060501753,4.2138519915591495
235k,0.5,44,5,False,20.83810327073344,4.212953540610514
235k,0.5,44,5,True,20.839789273285103,4.213480298657237
235k,0.5,44,6,False,20.83599213635564,4.212417795194977
235k,0.5,44,6,True,20.838978769137025,4.213228539053692
235k,0.5,44,7,False,20.834452533512376,4.212006317217095
235k,0.5,44,7,True,20.838170445568895,4.212977477328374
235k,0.5,44,8,False,20.83513093622323,4.212060654304835
235k,0.5,44,8,True,20.83804332696507,4.212938350964131
235k,0.5,44,9,False,20.834975556076124,4.211945892933184
235k,0.5,44,9,True,20.83792741612979,4.2129015609834815
235k,0.5,44,10,False,20.83291700831981,4.211436962506233
235k,0.5,44,10,True,20.83785004313584,4.212887899196798
235k,0.5,44,11,False,20.83319957313224,4.211421017465319
235k,0.5,44,11,True,20.83769851903939,4.212846360699584
235k,0.5,44,12,False,20.831674191777594,4.2110308860425185
235k,0.5,44,12,True,20.837126220125146,4.212686245274771
235k,0.5,44,13,False,20.832276063075174,4.211089364125768
235k,0.5,44,13,True,20.83690707543451,4.2126189897006565
235k,0.5,44,14,False,20.828976722982386,4.2103371551048925
235k,0.5,44,14,True,20.836052380154523,4.212350340151236
235k,0.5,44,15,False,20.82924579331378,4.210331333187639
235k,0.5,44,15,True,20.83520008765162,4.212082465517404
235k,0.5,45,1,False,20.871090993568856,4.222508438889389
235k,0.5,45,1,True,20.871090993568856,4.222508438889389
235k,0.5,45,2,False,20.864703126757906,4.22080713817245
235k,0.5,45,2,True,20.867879635071755,4.221652794482493
235k,0.5,45,3,False,20.86131297289043,4.219779776888953
235k,0.5,45,3,True,20.864676049624084,4.220796830107254
235k,0.5,45,4,False,20.844104543606964,4.215925170902407
235k,0.5,45,4,True,20.86489999781153,4.220911547140895
235k,0.5,45,5,False,20.84845194785218,4.216524517682911
235k,0.5,45,5,True,20.863739907747412,4.220574034039698
235k,0.5,45,6,False,20.846084784341663,4.2157899697722945
235k,0.5,45,6,True,20.85630412562054,4.218619236886721
235k,0.5,45,7,False,20.83930476614144,4.214178918098779
235k,0.5,45,7,True,20.849064236849042,4.216722781417389
235k,0.5,45,8,False,20.842454550817386,4.214611481128596
235k,0.5,45,8,True,20.848428057813845,4.216531599647443
235k,0.5,45,9,False,20.842021809305912,4.214337871620262
235k,0.5,45,9,True,20.848380871534772,4.2164996382790845
235k,0.5,45,10,False,20.840919847747443,4.213942060084403
235k,0.5,45,10,True,20.84828995689598,4.216430226994161
235k,0.5,45,11,False,20.842198697071435,4.214063037787529
235k,0.5,45,11,True,20.848201762753664,4.216361716073668
235k,0.5,45,12,False,20.839390498900922,4.213333521898853
235k,0.5,45,12,True,20.84796983291693,4.2162665419428835
235k,0.5,45,13,False,20.83827127132055,4.212973265306879
235k,0.5,45,13,True,20.84774698183514,4.216174838173917
235k,0.5,45,14,False,20.837178733591745,4.212629068621322
235k,0.5,45,14,True,20.84650124806761,4.2157299638550345
235k,0.5,45,15,False,20.837039306636033,4.212496173277779
235k,0.5,45,15,True,20.845240335777884,4.215277572750334
235k,0.5,46,1,False,21.203175275277317,4.320632982393496
235k,0.5,46,1,True,21.203175275277317,4.320632982393496
235k,0.5,46,2,False,21.194477262706076,4.318161769556755
235k,0.5,46,2,True,21.19881324648252,4.319394124703788
235k,0.5,46,3,False,21.182792445351293,4.315155188593654
235k,0.5,46,3,True,21.194504849386618,4.318224191490442
235k,0.5,46,4,False,21.17850304194065,4.313620989783741
235k,0.5,46,4,True,21.190625174966133,4.317178945932486
235k,0.5,46,5,False,21.173300166276263,4.31195872203499
235k,0.5,46,5,True,21.186802612598534,4.316150605113681
235k,0.5,46,6,False,21.162133149597484,4.309160291278455
235k,0.5,46,6,True,21.181912575383205,4.314692713572662
235k,0.5,46,7,False,21.16016418709878,4.308198497812304
235k,0.5,46,7,True,21.17733954031074,4.313320864452513
235k,0.5,46,8,False,21.153109158301593,4.306275032265972
235k,0.5,46,8,True,21.174120418808123,4.3123707738181
235k,0.5,46,9,False,21.147672893474358,4.304703368506242
235k,0.5,46,9,True,21.17091057900035,4.311422644837086
235k,0.5,46,10,False,21.142985238502707,4.303309830951193
235k,0.5,46,10,True,21.16942746029192,4.311004226332609
235k,0.5,46,11,False,21.13772737240691,4.30183514502457
235k,0.5,46,11,True,21.16799293395773,4.310599353077962
235k,0.5,46,12,False,21.131605230348892,4.300223687362863
235k,0.5,46,12,True,21.16258472127836,4.3090104935691835
235k,0.5,46,13,False,21.13013754476126,4.299548172029904
235k,0.5,46,13,True,21.15765930558755,4.3075530770715975
235k,0.5,46,14,False,21.12837945031102,4.298848408285278
235k,0.5,46,14,True,21.1555952635131,4.3069690527307545
235k,0.5,46,15,False,21.12371833064729,4.297596205338545
235k,0.5,46,15,True,21.153538925504357,4.306386863750401
235k,0.5,47,1,False,13.248714038141737,2.7182062713741204
235k,0.5,47,1,True,13.248714038141737,2.7182062713741204
235k,0.5,47,2,False,13.262643825139135,2.693863463975339
235k,0.5,47,2,True,13.219291058688409,2.70140127847174
235k,0.5,47,3,False,13.359815537214537,2.727744064966038
235k,0.5,47,3,True,13.279743769162922,2.7096474409529354
235k,0.5,47,4,False,13.334861909178217,2.7310573668335962
235k,0.5,47,4,True,13.272267980536835,2.7104045943039576
235k,0.5,47,5,False,13.096448912581817,2.6680781722233995
235k,0.5,47,5,True,13.241274044188799,2.7042460461243136
235k,0.5,47,6,False,13.365528661590293,2.7623193804741906
235k,0.5,47,6,True,13.229181880347642,2.7100455398297547
235k,0.5,47,7,False,13.22805474066461,2.7083276224592816
235k,0.5,47,7,True,13.223673600384783,2.709538051186361
235k,0.5,47,8,False,13.124576700217146,2.673265491281803
235k,0.5,47,8,True,13.209486889340287,2.7052496960175367
235k,0.5,47,9,False,13.131780687505882,2.682999008900892
235k,0.5,47,9,True,13.195417947688137,2.7016982389219457
235k,0.5,47,10,False,13.196091106098963,2.6948935671581635
235k,0.5,47,10,True,13.187055731071279,2.6988157236254446
235k,0.5,47,11,False,13.295797777151027,2.7280432721778003
235k,0.5,47,11,True,13.195730042994999,2.7015663006324435
235k,0.5,47,12,False,13.200050735413855,2.6982744147479507
235k,0.5,47,12,True,13.191330778625991,2.700345437842779
235k,0.5,47,13,False,13.256389373725579,2.71899478987726
235k,0.5,47,13,True,13.193978286644327,2.7014772197161947
235k,0.5,47,14,False,13.21684383117398,2.6919199300162093
235k,0.5,47,14,True,13.190105338244468,2.6994889152170582
235k,0.5,47,15,False,13.239622807435255,2.683354844903176
235k,0.5,47,15,True,13.187375611872298,2.6975576066389735
235k,0.5,48,1,False,13.45872677770326,2.7616313825482535
235k,0.5,48,1,True,13.45872677770326,2.7616313825482535
235k,0.5,48,2,False,13.338011851756571,2.7097365916204113
235k,0.5,48,2,True,13.364616957297498,2.7282290751632763
235k,0.5,48,3,False,13.322291777901402,2.712797561255526
235k,0.5,48,3,True,13.333119009173085,2.713690267343835
235k,0.5,48,4,False,13.343372730050458,2.7138114894001304
235k,0.5,48,4,True,13.327069561664278,2.714963896437234
235k,0.5,48,5,False,13.413489266808629,2.7261815913617986
235k,0.5,48,5,True,13.317720508477482,2.7112037843232204
235k,0.5,48,6,False,13.456405922376282,2.759936835427809
235k,0.5,48,6,True,13.318766858372523,2.717860498263395
235k,0.5,48,7,False,13.407540866724768,2.740280954191474
235k,0.5,48,7,True,13.31791868938555,2.719713123755822
235k,0.5,48,8,False,13.351663673122083,2.7225695862082877
235k,0.5,48,8,True,13.328276759939369,2.72193629606623
235k,0.5,48,9,False,13.378486506659362,2.735417246583969
235k,0.5,48,9,True,13.355632503563257,2.727262965243242
235k,0.5,48,10,False,13.4049895977739,2.7431688272657384
235k,0.5,48,10,True,13.3592855356862,2.7292678368117365
235k,0.5,48,11,False,13.368508286241854,2.730538889116727
235k,0.5,48,11,True,13.3601117692588,2.7296552451632956
235k,0.5,48,12,False,13.336597400663397,2.7216445207268083
235k,0.5,48,12,True,13.35402341429293,2.7278417365801233
235k,0.5,48,13,False,13.313753424260998,2.7182049519128446
235k,0.5,48,13,True,13.348576860532296,2.726593162291416
235k,0.5,48,14,False,13.358456251299794,2.733686134202897
235k,0.5,48,14,True,13.350293233075472,2.7276101798025327
235k,0.5,48,15,False,13.337889378661366,2.727488333320416
235k,0.5,48,15,True,13.35135817704003,2.728299407387403
235k,0.5,49,1,False,29.98939116529682,6.496461066824354
235k,0.5,49,1,True,29.98939116529682,6.496461066824354
235k,0.5,49,2,False,28.8752138643369,6.25665641831542
235k,0.5,49,2,True,29.424836579498685,6.375756267560076
235k,0.5,49,3,False,27.937590292103355,6.04946012255559
235k,0.5,49,3,True,28.8752138643369,6.25665641831542
235k,0.5,49,4,False,27.143400898204735,5.8697400865912455
235k,0.5,49,4,True,28.399989460108326,6.152318492439977
235k,0.5,49,5,False,26.467739689134415,5.713561552473606
235k,0.5,49,5,True,27.937590292103355,6.04946012255559
235k,0.5,49,6,False,25.88928041309452,5.577282161182372
235k,0.5,49,6,True,27.535651264431667,5.95900225104656
235k,0.5,49,7,False,25.392683743848547,5.458203173478284
235k,0.5,49,7,True,27.143400898204735,5.8697400865912455
235k,0.5,49,8,False,24.9646104824139,5.3540305852267815
235k,0.5,49,8,True,26.80157836839507,5.7911344207927895
235k,0.5,49,9,False,24.59502658982893,5.262847349060003
235k,0.5,49,9,True,26.467739689134415,5.713561552473606
235k,0.5,49,10,False,24.274969197240083,5.182855977704063
235k,0.5,49,10,True,26.175336234043343,5.644970263743433
235k,0.5,49,11,False,23.99700218620703,5.112521659961959
235k,0.5,49,11,True,25.88928041309452,5.577282161182372
235k,0.5,49,12,False,23.75430725371882,5.050436981737427
235k,0.5,49,12,True,25.638326241763593,5.517345796777988
235k,0.5,49,13,False,23.542612482350066,4.995722617285295
235k,0.5,49,13,True,25.392683743848547,5.458203173478284
235k,0.5,49,14,False,23.356730874431005,4.947254757926629
235k,0.5,49,14,True,25.176562770615828,5.405789662504963
235k,0.5,49,15,False,23.19373034681444,4.904384679025711
235k,0.5,49,15,True,24.9646104824139,5.3540305852267815
235k,0.5,,0,True,13.373440680913072,2.7069873440321515
235k,0.5,,1,True,13.408691228133847,2.714122637368134
235k,0.5,,2,True,13.362071721850242,2.7068952913077444
235k,0.5,,3,True,13.342299172456865,2.702153869016273
235k,0.5,,4,True,13.343742020214409,2.7029743548464173
235k,0.5,,5,True,13.362871459434224,2.704289316512238
235k,0.5,,6,True,13.344475387669164,2.7035161222771507
235k,0.5,,7,True,13.36039181395727,2.705066488830576
235k,0.5,,8,True,13.35767771740034,2.7031459691439896
235k,0.5,,9,True,13.373465400811266,2.707383709458381
235k,0.5,,10,True,13.384578526684711,2.7044773024932507
235k,0.5,,11,True,13.392695297537951,2.7078308491663323
235k,0.5,,12,True,13.393325910179051,2.707047509088069
235k,0.5,,13,True,13.415182910830959,2.710023987991387
235k,0.5,,14,True,13.444469856879644,2.7172589877339752
235k,0.5,,,True,13.338089154932,2.70464438502003
235k,0.5,-1,,True,13.35304197579394,2.7026745925141236
